store_name,store_number,address,address2,city,state,zip_code,country,phone_number,latitude,longitude,store_hours,store_type,other_fields,coming_soon
Sioux Falls SD Hotels - AmericInn Sioux Falls Hotel & Suites,,3508 South Gateway Blvd.,,Sioux Falls,SD,57106,United States,[605] 361.3538,,,,,,
Havre MT Hotels - AmericInn Havre Hotel & Suites,,2520 Highway 2 West,,Havre,MT,59501,United States,[406] 395.5000,,,,,,
Repubilc MO Hotels - AmericInn Republic Hotel & Suites,,950 Austin Lane,,Republic,MO,65738,United States,[417] 732.5335,,,,,,
Wisconsin Rapids WI Hotels - AmericInn Wisconsin Rapids Hotel & Suites,,3010 8th St. South,,Wisconsin Rapids,WI,54494,United States,[715] 424.3444,,,,,,
Pampa TX Hotels - AmericInn Pampa Hotel & Suites,,1101 North Hobart,,Pampa,TX,79065,United States,[806] 665.4404,,,,,,
Hesston KS Hotels - AmericInn Hesston Hotel & Suites,,2 Leonard Court,,Hesston,KS,67062,United States,[620] 327.2053,,,,,,
West Burlington IA Hotels - AmericInn West Burlington Hotel,,628 S. Gear Ave.,,West Burlington,IA,52655,United States,[319] 758.9000,,,,,,
Wahpeton ND Hotels - AmericInn Wahpeton Hotel & Suites,,2029 Two Ten Drive,,Wahpeton,ND,58075,United States,[701] 642.8365,,,,,,
Silver City MI Hotels - AmericInn Silver City Hotel & Suites,,120 Lincoln Avenue,,Silver City,MI,49953,United States,[906] 885.5311,,,,,,
Laramie WY Hotels - AmericInn Laramie Hotel & Suites,,4712 East Grand Avenue,,Laramie,WY,82070,United States,[307] 745.0777,,,,,,
Worthington MN Hotels - AmericInn Worthington Hotel,,1475 Darling Drive,,Worthington,MN,56187,United States,[507] 376.4500,,,,,,
Willmar MN Hotels - AmericInn Willmar Hotel & Suites,,2404 East Hwy. 12,,Willmar,MN,56201,United States,[320] 231.1962,,,,,,
Sayre OK Hotels - AmericInn Sayre Hotel & Suites,,2405 South El Camino,,Sayre,OK,73662,United States,[580] 928.2700,,,,,,
Omaha NE Hotels - AmericInn Omaha Hotel & Suites,,9720 West Dodge Road,,Omaha,NE,68114,United States,[402] 391.5300,,,,,,
Salina KS Hotels - AmericInn Salina Hotel & Suites,,1820 West Crawford,,Salina,KS,67401,United States,[785] 826.1711,,,,,,
Rexburg ID Hotels - AmericInn Rexburg Hotel & Suites,,1098 Golden Beauty Drive,,Rexburg,ID,83440,United States,[208] 356.5333,,,,,,
Lincoln NE Hotels - AmericInn Lincoln Hotel & Suites,,8701 Amber Hill Court,,Lincoln,NE,68526,United States,[402] 420.0027,,,,,,
Winona MN Hotels - AmericInn Winona Hotel & Suites,,303 Pelzer Street,,Winona,MN,55987,United States,507.474.7700,,,,,,
Lincoln NE Hotels - AmericInn Lincoln Hotel & Suites,,6555 North 27th Street,,Lincoln,NE,68521,United States,[402] 435.1600,,,,,,
Kearney NE Hotels - AmericInn Kearney Hotel,,215 West Talmadge Road,,Kearney,NE,68847,United States,[308] 234.7800,,,,,,
Waconia MN Hotels - AmericInn Waconia Hotel & Suites,,550 Cherry Drive,,Waconia,MN,55387,United States,[952] 442.8787,,,,,,
Wabasha MN Hotels - AmericInn Wabasha Hotel & Suites,,150 Commerce Drive,,Wabasha,MN,55981,United States,[651] 565.5366,,,,,,
Wadena MN Hotels - AmericInn Wadena Hotel & Suites,,695 Jefferson St. North,,Wadena,MN,56482,United States,[218] 631.1580,,,,,,
White Bear Lake MN Hotels - AmericInn White Bear Lake Hotel & Suites,,4675 White Bear Parkway,,White Bear Lake,MN,55110,United States,[651] 429.7131,,,,,,
Virginia MN Hotels - AmericInn Virginia Hotel & Suites,,5480 Mountain Iron Drive,,Virginia,MN,55792,United States,[218] 741.7839,,,,,,
Tofte MN Hotels - AmericInn Tofte Hotel & Suites,,7231 W Hwy 61,,Tofte,MN,55615,United States,[218] 663.7899,,,,,,
Thief River Falls MN Hotels - AmericInn Thief River Falls Hotel & Suites,,1920 Hwy 59 SE,,Thief River Falls,MN,56701,United States,[218] 681.4411,,,,,,
Indianapolis IN Hotels - AmericInn Indianapolis Hotel,,9780 North by Northeast Blvd.,,Fishers,IN,46037,United States,[317] 578.9000,,,,,,
Cody WY Hotels - AmericInn Cody Hotel & Suites,,508 Yellowstone Ave,,Cody,WY,82414,United States,[307] 587.7716,,,,,,
Two Harbors MN Hotels - AmericInn Two Harbors Hotel & Suites,,1088 Hwy. 61 North,,Two Harbors,MN,55616,United States,[218] 834.3000,,,,,,
Sleepy Eye MN Hotels - AmericInn Sleepy Eye Hotel & Suites,,1100 Main Street East,,Sleepy Eye,MN,56085,United States,507.794.9494,,,,,,
Stillwater MN Hotels - AmericInn Stillwater Hotel & Suites,,13025 60th St. North,,Oak Park Heights,MN,55082,United States,[651] 275.0980,,,,,,
St. Peter MN Hotels - AmericInn St. Peter Hotel & Suites,,700 North Minnesota Ave.,,St. Peter,MN,56082,United States,[507] 931.6554,,,,,,
Silver Bay MN Hotels - AmericInn Silver Bay Hotel & Suites,,150 Mensing Drive,,Silver Bay,MN,55614,United States,[218] 226.4300,,,,,,
Sauk Centre MN Hotels - AmericInn Sauk Centre Hotel & Suites,,1230 Timberlane Drive,,Sauk Centre,MN,56378,United States,[320] 352.2800,,,,,,
Shakopee MN Hotels - AmericInn Shakopee Hotel & Suites,,4100 12th Avenue East,,Shakopee,MN,55379,United States,[952] 445.6775,,,,,,
Sartell MN Hotels - AmericInn Sartell Hotel & Suites,,119 Lesauk Drive,,Sartell,MN,56377,United States,[320] 259.0877,,,,,,
McAlester OK Hotels - AmericInn McAlester Hotel & Suites,,609 S George Nigh Expressway,,McAlester,OK,74502,United States,[918] 426.1300,,,,,,
Rochester MN Hotels - AmericInn Rochester Hotel & Suites,,7320 Airport View Drive SW,,Rochester,MN,55902,United States,[507] 536.7000,,,,,,
Red Wing MN Hotels - AmericInn Red Wing Hotel & Suites,,1819 Old West Main,,Red Wing,MN,55066,United States,[651] 385.9060,,,,,,
St. Cloud MN Hotels - AmericInn St. Cloud Hotel & Suites,,4385 Clearwater Road,,St. Cloud,MN,56301,United States,[320] 253.6337,,,,,,
Pequot Lakes MN Hotels - AmericInn Pequot Lakes Hotel & Suites,,32912 Paul Bunyan Trail Drive,,Pequot Lakes,MN,56472,United States,[218] 568.8400,,,,,,
Oklahoma City OK Hotels - AmericInn Oklahoma City Hotel & Suites,,1905 South Meridian Avenue,,Oklahoma City,OK,73108,United States,[405] 682.2080,,,,,,
Rogers MN Hotels - AmericInn Rogers Hotel & Suites,,21800 Industrial Blvd.,,Rogers,MN,55374,United States,[763] 428.4346,,,,,,
North Branch MN Hotels - AmericInn North Branch Hotel & Suites,,38675 14th Ave,,North Branch,MN,55056,United States,[651] 674.8627,,,,,,
Mora MN Hotels - AmericInn Mora Hotel & Suites,,1877 Frontage Road,,Mora,MN,55051,United States,[320] 679.5700,,,,,,
Marshall MN Hotels - AmericInn Marshall Hotel & Suites,,1406 E. Lyon St.,,Marshall,MN,56258,United States,[507] 537.9424,,,,,,
Princeton MN Hotels - AmericInn Princeton Hotel & Suites,,910 South Rum River Drive,,Princeton,MN,55371,United States,[763] 389.9312,,,,,,
Little Falls MN Hotels - AmericInn Little Falls Hotel & Suites,,306 Lemieur Street SE,,Little Falls,MN,56345,United States,[320] 632.1964,,,,,,
Mankato MN Hotels - AmericInn Mankato Hotel & Suites,,240 Stadium Road,,Mankato,MN,56001,United States,[507] 345.8011,,,,,,
Park Rapids MN Hotels - AmericInn Park Rapids Hotel & Suites,,1501 First Street East,,Park Rapids,MN,56470,United States,[218] 732.1234,,,,,,
Lake City MN Hotels - AmericInn Lake City Hotel & Suites,,1615 North Lakeshore Drive,,Lake City,MN,55041,United States,[651] 345.5611,,,,,,
Litchfield MN Hotels - AmericInn Litchfield Hotel & Suites,,1525 E. Hwy 12,,Litchfield,MN,55355,United States,[320] 693.1600,,,,,,
Inver Grove Heights MN Hotels - AmericInn Inver Grove Heights Hotel & Suites,,5861 Blaine Ave.,,Inver Grove Heights,MN,55076,United States,[651] 450.7511,,,,,,
Jackson MN Hotels - AmericInn Jackson Hotel & Suites,,110 Belmont Lane,,Jackson,MN,56143,United States,[507] 847.2444,,,,,,
International Falls MN Hotels - AmericInn International Falls Hotel & Suites,,1500 Highway 71,,International Falls,MN,56649,United States,[218] 283.8000,,,,,,
Ham Lake MN Hotels - AmericInn Ham Lake Hotel & Suites,,13440 Highway 65,,Ham Lake,MN,55304,United States,[763] 755.2100,,,,,,
Roseau MN Hotels - AmericInn Roseau Hotel & Suites,,1110 3rd St NW,,Roseau,MN,56751,United States,[218] 463.1045,,,,,,
Mounds View MN Hotels - AmericInn Mounds View Hotel & Suites,,2200 Mounds View Blvd,,Mounds View,MN,55112,United States,[763] 786.2000,,,,,,
Northfield MN Hotels - AmericInn Northfield Hotel & Suites,,1320 Bollenbacher Drive,,Northfield,MN,55057,United States,[507] 645.7761,,,,,,
Duluth MN Hotels - AmericInn Duluth Hotel & Suites,,185 Hwy. 2,,Proctor,MN,55810,United States,[218] 624.1026,,,,,,
Detroit Lakes MN Hotels - AmericInn Detroit Lakes Hotel & Suites,,777 Hwy. 10 East,,Detroit Lakes,MN,56501,United States,[218] 847.8795,,,,,,
Grand Rapids MN Hotels - AmericInn Grand Rapids Hotel,,1812 South Pokegama Ave.,,Grand Rapids,MN,55744,United States,[218] 326.8999,,,,,,
Crookston MN Hotels - AmericInn Crookston Hotel & Suites,,1821 University Avenue,,Crookston,MN,56716,United States,[218] 281.7800,,,,,,
Fergus Falls MN Hotels - AmericInn Fergus Falls Hotel & Suites,,526 Western Ave. North,,Fergus Falls,MN,56537,United States,[218] 739.3900,,,,,,
Coon Rapids MN Hotels - AmericInn Coon Rapids MN,,3430 Northdale Blvd.,,Coon Rapids,MN,55448,United States,[763] 323.0010,,,,,,
Forest Lake MN Hotels - AmericInn Forest Lake Hotel,,1291 West Broadway,,Forest Lake,MN,55025,United States,[651] 464.1930,,,,,,
Chanhassen MN Hotels - AmericInn Chanhassen Hotel,,570 Pond Promenade,,Chanhassen,MN,55317,United States,[952] 934.3888,,,,,,
Hawley MN Hotels - AmericInn Hawley Hotel & Suites,,1212 Jetvig Boulevard,,Hawley,MN,56549,United States,[218] 486.5140,,,,,,
Bloomington MN Hotels - AmericInn Bloomington Hotel & Suites,,4201 American Blvd West,,Bloomington,MN,55437,United States,[952] 835.6643,,,,,,
Blue Earth MN Hotels - AmericInn Blue Earth Hotel & Suites,,1495 Domes Drive,,Blue Earth,MN,56013,United States,[507] 526.4215,,,,,,
Blackduck MN Hotels - AmericInn Blackduck Hotel & Suites,,81 Brandl Drive NW,,Blackduck,MN,56630,United States,[218] 835.4500,,,,,,
Carlton MN Hotels - AmericInn Carlton Hotel & Suites,,1716 Highway 210,,Carlton,MN,55718,United States,[218] 384.3535,,,,,,
AmericInn Baxter,,7836 Fairview Rd,,Baxter,MN,56425,United States,218.829.0391,,,,,,
Hutchinson MN Hotels - AmericInn Hutchinson Hotel & Suites,,1115 Hwy. 7 East,,Hutchinson,MN,55350,United States,[320] 587.5515,,,,,,
Cloquet MN Hotels - AmericInn Cloquet Hotel,,111 Big Lake Road,,Cloquet,MN,55720,United States,[218] 879.1231,,,,,,
Baudette MN Hotels - AmericInn Baudette Hotel & Suites,,1179 Main St W,,Baudette,MN,56623,United States,[218] 634.3200,,,,,,
Albert Lea MN Hotels - AmericInn Albert Lea Hotel & Suites,,811 East Plaza Street,,Albert Lea,MN,56007,United States,[507] 373.4324,,,,,,
Bemidji MN Hotels - AmericInn Bemidji Hotel & Suites,,1200 Paul Bunyan Drive NW,,Bemidji,MN,56601,United States,[218] 751.3000,,,,,,
AmericInn Burnsville,,14331 Nicollet Court,,Burnsville,MN,55306,United States,[952] 892.1900,,,,,,
Webster City IA Hotels - AmericInn Webster City Hotel,,411 Closz Dr.,,Webster City,IA,50595,United States,[515] 832.3999,,,,,,
Spencer IA Hotels - AmericInn Spencer Hotel,,1005 13th Street SW,,Spencer,IA,51301,United States,[712] 262.7525,,,,,,
Sioux City IA Hotels - AmericInn Sioux City Hotel & Suites,,4230 South Lewis Blvd.,,Sioux City,IA,51106,United States,[712] 255.1800,,,,,,
Sibley IA Hotels - AmericInn Sibley Hotel & Suites,,1726 Pierce Ave,,Sibley,IA,51249,United States,712-754-9000,,,,,,
AmericInn Hailey Idaho Hotel and Lodging,,51 Cobblestone Lane,,Hailey,ID,83333,United States,[208] 788.7950,,,,,,
Pella IA Hotels - AmericInn Pella Hotel & Suites,,910 W 16th Street,,Pella,IA,50219,United States,[641] 621.1421,,,,,,
Osage IA Hotels - AmericInn Osage Hotel & Suites,,2212 Highway 218,,Osage,IA,50461,United States,[641] 832.2200,,,,,,
Ottumwa IA Hotels - AmericInn Ottumwa Hotel,,222 West Second Street,,Ottumwa,IA,52501,United States,[641] 684.8222,,,,,,
Stuart IA Hotels - AmericInn Stuart Hotel & Suites,,420 SW 8th St.,,Stuart,IA,50250,United States,[515] 523.9000,,,,,,
Alexandria MN Hotels - AmericInn Alexandria Hotel & Suites,,4520 Highway 29 South,,Alexandria,MN,56308,United States,[320] 763.6808,,,,,,
Apple Valley MN Hotels - AmericInn Apple Valley Hotel & Suites,,15000 Glazier Avenue,,Apple Valley,MN,55124,United States,[952] 431.3800,,,,,,
Okoboji IA Hotels - AmericInn Okoboji Hotel & Suites,,1005 Brooks Park Drive,,Okoboji,IA,51355,United States,[712] 332.9000,,,,,,
Mount Pleasant IA Hotels - AmericInn Mount Pleasant Hotel & Suites,,1100 N Grand Ave,,Mount Pleasant,IA,52641,United States,319.385.2004,,,,,,
Johnston IA Hotels - AmericInn Johnston Hotel & Suites,,5050 Merle Hay Road,,Johnston,IA,50131,United States,[515] 270.1111,,,,,,
Muscatine IA Hotels - AmericInn Muscatine Hotel & Suites,,3115 Hwy 61 North,,Muscatine,IA,52761,United States,[563] 263.0880,,,,,,
Hampton IA Hotels - AmericInn Hampton Hotel & Suites,,702 Central Ave. West,,Hampton,IA,50441,United States,[641] 456.5559,,,,,,
Newton IA Hotels - AmericInn Newton Hotel & Suites,,4401 S 22nd Avenue E,,Newton,IA,50208,United States,[641] 791.1160,,,,,,
Grundy Center IA Hotels - AmericInn Grundy Center Hotel & Suites,,2101 Commerce Drive,,Grundy Center,IA,50638,United States,[319] 824.5272,,,,,,
Grimes IA Hotels - AmericInn Grimes Hotel & Suites,,251 Gateway Circle,,Grimes,IA,50111,United States,[515] 986.9900,,,,,,
Humboldt Hotels - AmericInn Humboldt Hotel,,307 13th Street North,,Humboldt,IA,50548,United States,515.604.5000,,,,,,
DeWitt IA Hotels - AmericInn DeWitt Hotel & Suites,,2520 12th Street Court,,DeWitt,IA,52742,United States,563.659.5500,,,,,,
Fairfield IA Hotels - AmericInn Fairfield Hotel & Suites,,2104 South Main Street,,Fairfield,IA,52556,United States,[641] 451.6600,,,,,,
Fort Dodge IA Hotels - AmericInn Fort Dodge Hotel & Suites,,100 West Kenyon Road,,Fort Dodge,IA,50501,United States,[515] 576.2100,,,,,,
Council Bluffs IA Hotels - AmericInn Council Bluffs Hotel,,1000 Woodbury Avenue,,Council Bluffs,IA,51503,United States,[712] 322.8400,,,,,,
Osceola IA Hotels - AmericInn Osceola Hotel & Suites,,111 Ariel Circle,,Osceola,IA,50213,United States,[641] 342.9400,,,,,,
Coralville IA Hotels - AmericInn Coralville Hotel & Suites,,2597 Holiday Road,,Coralville,IA,52241,United States,[319] 625.2400,,,,,,
Cedar Rapids IA Hotels - AmericInn Cedar Rapids Hotel & Suites,,8910 — 6th St. SW,,Cedar Rapids,IA,52404,United States,[319] 632.1800,,,,,,
Cedar Falls IA Hotels - AmericInn Cedar Falls Hotel,,5818 Nordic Drive,,Cedar Falls,IA,50613,United States,[319] 277.6166,,,,,,
Ankeny IA Hotels - AmericInn Ankeny Hotel & Suites,,1610 SE Oralabor Road,,Ankeny,IA,50021,United States,[515] 964.2004,,,,,,
Clear Lake IA Hotels - AmericInn Clear Lake Hotel & Suites,,1406 North 25th Street,,Clear Lake,IA,50428,United States,[641] 357.8954,,,,,,
Des Moines IA Hotels - AmericInn Des Moines Hotel,,1920 Hackley Ave,,Des Moines,IA,50315,United States,515-285-5180,,,,,,
Ames IA Hotels - AmericInn Ames Hotel,,2507 SE 16th St.,,Ames,IA,50010,United States,[515] 233.1005,,,,,,
Schaumburg IL Hotels - AmericInn Schaumburg Hotel,,1300 E. Higgins Road,,Schaumburg,IL,60173,United States,[847] 619.1000,,,,,,
Peoria IL Hotels - AmericInn Peoria Hotel & Suites,,9106 North Lindbergh Drive,,Peoria,IL,61615,United States,[309] 692.9200,,,,,,
Anamosa IA Hotels - AmericInn Anamosa Hotel & Suites,,101 Harley Ave.,,Anamosa,IA,52205,United States,[319] 462.4119,,,,,,
Iowa Falls IA Hotels - AmericInn Iowa Falls Hotel & Suites,,810 South Oak,,Iowa Falls,IA,50126,United States,[641] 648.4600,,,,,,
Kewanee IL Hotels - AmericInn Kewanee Hotel & Suites,,925 Tenney St.,,Kewanee,IL,61443,United States,[309] 856.7200,,,,,,
Oswego IL Hotels - AmericInn Oswego Hotel and Lodging,,1050 Douglas Road,,Oswego,IL,60543,United States,[630] 554.9090,,,,,,
Garden City KS Hotels - AmericInn Garden City Hotel & Suites,,3020 East Kansas Ave,,Garden City,KS,67846,United States,[620] 272.9860,,,,,,
Austin MN Hotels - AmericInn Austin Hotel & Suites,,1700 8th St. NW,,Austin,MN,55912,United States,[507] 437.7337,,,,,,
Monmouth IL Hotels - AmericInn Monmouth Hotel & Suites,,1 AmericInn Way,,Monmouth,IL,61462,United States,[309] 734.9958,,,,,,
Wisconsin Dells WI Hotels - AmericInn Wisconsin Dells Hotel & Suites,,550 State Hwy 13,,Wisconsin Dells,WI,53965,United States,[608] 254.1700,,,,,,
Algona IA Hotels - AmericInn Algona Hotel & Suites,,600 Hwy. 18 West,,Algona,IA,50511,United States,[515] 295.3333,,,,,,
Fulton IL Hotels - AmericInn Fulton Hotel & Suites,,1301 17th Street,,Fulton,IL,61252,United States,815.589.3333,,,,,,
West Salem WI Hotels - AmericInn West Salem Hotel & Suites,,125 Buol Road,,West Salem,WI,54669,United States,[608] 786.3340,,,,,,
Waupun WI Hotels - AmericInn Waupun Hotel & Suites,,204 Shaler Drive,,Waupun,WI,53963,United States,[920] 345.1140,,,,,,
Weston WI Hotels - AmericInn Weston Hotel & Suites,,4115 Barbican Ave,,Weston,WI,54476,United States,[715] 355.0077,,,,,,
Tomah WI Hotels - AmericInn Tomah Hotel & Suites,,750 Vandervort Street,,Tomah,WI,54660,United States,[608] 372.4100,,,,,,
Sturgeon Bay WI Hotels - AmericInn Sturgeon Bay Hotel & Suites,,622 South Ashland Ave.,,Sturgeon Bay,WI,54235,United States,[920] 743.5898,,,,,,
Atchison KS Hotels - AmericInn Atchison Hotel & Suites,,500 US Highway 73,,Atchison,KS,66002,United States,[913] 367.4000,,,,,,
Sheboygan WI Hotels - AmericInn Sheboygan Hotel & Suites,,3664 South Taylor Drive,,Sheboygan,WI,53081,United States,[920] 208.8130,,,,,,
Prairie Du Chien WI Hotels - AmericInn Prairie Du Chien Hotel & Suites,,130 South Main St.,,Prairie Du Chien,WI,53821,United States,[608] 326.7878,,,,,,
Rice Lake WI Hotels - AmericInn Rice Lake Hotel & Suites,,2906 Pioneer Ave. So.,,Rice Lake,WI,54868,United States,[715] 234.9060,,,,,,
West Bend WI Hotels - AmericInn West Bend Hotel,,2424 West Washington Street,,West Bend,WI,53095,United States,[262] 334.0307,,,,,,
Princeton IL Hotels - AmericInn Princeton Hotel & Suites,,2120 Claude Bailey Parkway,,Princeton,IL,61356,United States,[815] 872.5000,,,,,,
New Richmond WI Hotels - AmericInn New Richmond Hotel & Suites,,1020 South Knowles Ave.,,New Richmond,WI,54017,United States,[715] 246.3993,,,,,,
Streator IL Hotels - AmericInn Streator Hotel,,1705 N. Bloomington Street,,Streator,IL,61364,United States,815.672.0080,,,,,,
AmericInn New Lisbon,,1702 E. Bridge Street,,New Lisbon,WI,53950,United States,(608) 562-5141,,,,,,
New London WI Hotels - AmericInn New London Hotel & Suites,,1404 N. Shawano Street,,New London,WI,54961,United States,[920] 982.5700,,,,,,
Oshkosh WI Hotels - AmericInn Oshkosh Hotel & Suites,,1495 West South Park,,Oshkosh,WI,54902,United States,[920] 232.0300,,,,,,
Monroe WI Hotels - AmericInn Monroe Hotel & Suites,,424 4th Ave.,,Monroe,WI,53566,United States,[608] 328.3444,,,,,,
Plover WI Hotels - AmericInn Plover Hotel,,1501 American Drive,,Plover,WI,54467,United States,[715] 342.1244,,,,,,
Plymouth WI Hotels - AmericInn Plymouth Hotel,,1708 Eastern Avenue,,Plymouth,WI,53073,United States,[920] 892.2669,,,,,,
Menomonie WI Hotels - AmericInn Menomonie Hotel & Suites,,1915 North Broadway Street,,Menomonie,WI,54751,United States,[715] 235.4800,,,,,,
Manitowoc WI Hotels - AmericInn Manitowoc Hotel & Suites,,5020 Hecker Road,,Manitowoc,WI,54220,United States,[920] 684.3344,,,,,,
Ladysmith WI Hotels - AmericInn Ladysmith Hotel & Suites,,700 West 9th Street South,,Ladysmith,WI,54848,United States,[715] 532.7811,,,,,,
Madison WI Hotels - AmericInn Madison Hotel & Suites,,101 West Broadway,,Madison,WI,53716,United States,[608] 222.8601,,,,,,
Madison WI Hotels - AmericInn Madison Hotel & Suites,,516 Grand Canyon Dr,,Madison,WI,53719,United States,[608] 662.1990,,,,,,
Merrill WI Hotels - AmericInn Merrill Hotel & Suites,,3300 East Main Street,,Merrill,WI,54452,United States,[715] 536.7979,,,,,,
Rhinelander WI Hotels - AmericInn Rhinelander Hotel & Suites,,648 West Kemp St.,,Rhinelander,WI,54501,United States,[715] 369.9600,,,,,,
Hartford WI Hotels - AmericInn Hartford Hotel & Suites,,1527 East Sumner Street,,Hartford,WI,53027,United States,[262] 673.2200,,,,,,
Green Bay WI Hotels - AmericInn Green Bay Hotel & Suites,,2032 Velp Avenue,,Green Bay,WI,54303,United States,[920] 434.9790,,,,,,
Minocqua WI Hotels - AmericInn Minocqua Hotel,,700 Hwy. 51 North,,Minocqua,WI,54548,United States,[715] 356.3730,,,,,,
Eau Claire WI Hotels - AmericInn Eau Claire Hotel & Suites,,6200 Texaco Drive,,Eau Claire,WI,54703,United States,[715] 874.4900,,,,,,
Green Bay WI Hotels - AmericInn Green Bay Hotel & Suites,,2628 Manitowoc Road,,Green Bay,WI,54311,United States,[920] 964.0177,,,,,,
Burlington WI Hotels - AmericInn Burlington Hotel & Suites,,2709 Brown's Lake Road,,Burlington,WI,53105,United States,[262] 534.2125,,,,,,
La Crosse WI Hotels - AmericInn La Crosse Hotel & Conference Center,,1835 Rose Street,,La Crosse,WI,54603,United States,608.781.7000,,,,,,
AmericInn Boscobel,,1700 Elm Street,,Boscobel,WI,53805,United States,608.375.8000,,,,,,
Delafield WI Hotels - AmericInn Delafield Hotel & Suites,,2412 Milwaukee Street,,Delafield,WI,53018,United States,262.646.3300,,,,,,
Beaver Dam WI Hotels - AmericInn Beaver Dam Hotel & Suites,,325 Seippel Blvd.,,Beaver Dam,WI,53916,United States,[920] 356.9000,,,,,,
Baldwin WI Hotels - AmericInn Baldwin Hotel & Suites,,500 Baldwin Plaza Drive,,Baldwin,WI,54002,United States,[715] 684.5888,,,,,,
Hayward WI Hotels - AmericInn Hayward Hotel & Suites,,15601 Hwy. 63 N.,,Hayward,WI,54843,United States,[715] 634.2700,,,,,,
AmericInn Petoskey,,2645 Charlevoix Avenue,,Petoskey,MI,49770,United States,231.439.8000,,,,,,
Appleton WI Hotels - AmericInn Appleton Hotel & Suites,,3900 Gateway Drive,,Appleton,WI,54913,United States,[920] 968.2124,,,,,,
Chippewa Falls WI Hotels - AmericInn Chippewa Falls Hotel & Suites,,11 West South Avenue,,Chippewa Falls,WI,54729,United States,[715] 723.5711,,,,,,
Menominee MI Hotels - AmericInn Menominee Hotel & Suites,,2330 10th Street,,Menominee,MI,49858,United States,[906] 863.8699,,,,,,
AmericInn Oscoda Michigan Hotel and Lodging,,720 East Harbor St.,,Oscoda,MI,48750,United States,[989] 739.1986,,,,,,
Ashland WI Hotels - AmericInn Ashland Hotel,,3009 Lakeshore Drive East,,Ashland,WI,54806,United States,[715] 682.9950,,,,,,
Ironwood MI Hotels - AmericInn Ironwood Hotel,,1117 East Cloverland Drive,,Ironwood,MI,49938,United States,[906] 932.7200,,,,,,
Douglas MI Hotels - AmericInn Douglas Hotel & Suites,,2905 Blue Star Highway,,Douglas,MI,49406,United States,[269] 857.8581,,,,,,
Iron River MI Hotels - AmericInn Iron River Hotel & Suites,,40 East Adams St.,,Iron River,MI,49935,United States,[906] 265.9100,,,,,,
Calumet MI Hotels - AmericInn Calumet Hotel & Suites,,56925 South 6th Street,,Calumet,MI,49913,United States,[906] 337.6463,,,,,,
Black River Falls WI Hotels - AmericInn Black River Falls Hotel & Suites,,W10090 Wisconsin 54,,Black River Falls,WI,54615,United States,[715]284.3320,,,,,,
Elkhorn WI Hotels - AmericInn Elkhorn Hotel & Suites,,210 East Commerce Court,,Elkhorn,WI,53121,United States,[262] 723.7799,,,,,,
Bay City MI Hotels - AmericInn Bay City Hotel & Suites,,3915 Three Mile Road,,Bay City,MI,48706,United States,[989] 671.0071,,,,,,
AmericInn Greenville Michigan Hotel and Lodging,,2525 W. Washington,,Greenville,MI,48838,United States,[616] 754.4500,,,,,,
Grafton ND Hotels - AmericInn Grafton Hotel & Suites,,1015 12th West St.,,Grafton,ND,58237,United States,[701] 352.2788,,,,,,
Grand Forks ND Hotels - AmericInn Grand Forks Hotel & Suites,,1820 S. Columbia Road,,Grand Forks,ND,58201,United States,[701] 780.9925,,,,,,
Fargo ND Hotels - AmericInn Fargo West Acres Hotel & Suites,,1423 35th St. S,,Fargo,ND,58103,United States,[701] 234.9946,,,,,,
Munising MI Hotels - AmericInn Munising Hotel & Suites,,E9926 State Highway M-28,,Wetmore,MI,49895,United States,[906] 387.2000,,,,,,
Fargo ND Hotels - AmericInn Fargo South Hotel & Suites,,4325 23rd Avenue South,,Fargo,ND,58104,United States,[701] 235.4699,,,,,,
Bismarck ND Hotels - AmericInn Bismarck Hotel,,3235 State Street,,Bismarck,ND,58501,United States,[701] 250.1000,,,,,,
Beulah ND Hotels - AmericInn Beulah Hotel,,2100 2nd Ave. NW,,Beulah,ND,58523,United States,[701] 873.2220,,,,,,
Mitchell SD Hotels - AmericInn Mitchell Hotel & Suites,,1421 South Burr St.,,Mitchell,SD,57301,United States,[605] 996.9700,,,,,,
Rapid City SD Hotels - AmericInn Rapid City Hotel & Suites,,1632 Rapp Street,,Rapid City,SD,57701,United States,[605] 343.8424,,,,,,
Medora ND Hotels - AmericInn Medora Hotel & Suites,,75 East River Road South,,Medora,ND,58645,United States,[701] 623.4800,,,,,,
Hartford SD Hotels - AmericInn Hartford Hotel & Suites,,1031 Diamond Circle,,Hartford,SD,57033,United States,[605] 528.5000,,,,,,
Fort Pierre SD Hotels - AmericInn Fort Pierre Hotel & Suites,,312 Island Dr,,Fort Pierre,SD,57532-0608,United States,[605] 223.2358,,,,,,
Valley City ND Hotels - AmericInn Valley City Hotel,,280 Winter Show Road SW,,Valley City,ND,58072,United States,[701] 845.5551,,,,,,
Belle Fourche SD Hotels - AmericInn Belle Fourche Hotel & Suites,,2312 Dakota Ave,,Belle Fourche,SD,57717,United States,[605] 892.0900,,,,,,
Charlevoix MI Hotels - AmericInn Charlevoix Hotel & Suites,,11800 US 31 North,,Charlevoix,MI,49720,United States,[231] 237.0988,,,,,,
Madison SD Hotels - AmericInn Madison Hotel & Suites,,504 10th Street SE,,Madison,SD,57042,United States,[605] 256.3076,,,,,,
Aberdeen SD Hotels - AmericInn Aberdeen Hotel & Suites,,301 Centennial Street,,Aberdeen,SD,57401,United States,[605] 225.4565,,,,,,
Boiling Springs NC Hotels - AmericInn Boiling Springs Hotel,,428 E College Avenue,,Boiling Springs,NC,28017,United States,[704] 434.9996,,,,,,
Vidalia GA Hotels - AmericInn Vidalia Hotel & Suites,,155 Mose Coleman Drive,,Vidalia,GA,30474,United States,[912] 537.2728,,,,,,
Eagle CO Hotels - AmericInn Eagle Hotel & Suites,,0085 Pond Road,,Eagle,CO,81631,United States,[970] 328.5155,,,,,,
Dickinson ND Hotels - AmericInn Dickinson Hotel & Suites,,229 15th Street West,,Dickinson,ND,58601,United States,[701] 225.1400,,,,,,
Rehoboth Beach DE Hotels - AmericInn Rehoboth Beach Hotel & Suites,,36012 Airport Road,,Rehoboth Beach,DE,19971,United States,[302] 226.0700,,,,,,
AmericInn Denver Airport,,7010 Tower Road,,Denver Airport,CO,80249,United States,303.373.5900,,,,,,
Ft Collins CO Hotels - AmericInn Ft. Collins Hotel & Suites,,7645 Westgate Drive,,Windsor,CO,80528,United States,[970] 226.1232,,,,,,
Chamberlain SD Hotels - AmericInn Chamberlain Hotel & Suites,,1981 East King Street,,Chamberlain,SD,57325-0654,United States,[605] 734.0985,,,,,,
Griswold CT Hotels - AmericInn Griswold Hotel & Suites,,375 Voluntown Road,,Griswold,CT,06351,United States,[860] 376.3200,,,,,,
