store_name,store_number,address,address2,city,state,zip_code,country,phone_number,latitude,longitude,store_hours,store_type,other_fields,coming_soon
Las Vegas Henderson,,2581 Anthem Village Drive,,Henderson,Nevada,89052,United States,702-463-5050,,,"Saturday: 9am - 12pm, Sunday: 9am - 12pm, Monday: 8:30am - 8:30pm, Tuesday: 8:30am - 8:30pm, Wednesday: 8:30am - 8:30pm, Thursday: 8:30am - 8:30pm",,,
Manchester,,460 Elm St,,Manchester,New Hampshire,03101,United States,603-239-2169,,,"Saturday: 7:30am - 11:00am, Sunday: 7:30am - 12:00pm, Monday: 4:45am - 8:30pm, Tuesday: 4:30am - 8:30pm, Wednesday: 4:45am - 8:30pm, Thursday: 4:30am - 8:30pm",,,
NYC Midtown West,,455 W 37th St,,New York,New York,10018,United States,212-564-1700,,,"Saturday: 8:15am - 3:00pm, Sunday: 9:30am - 3:00pm, Monday: 5:30am - 10:00pm, Tuesday: 5:30am - 10:00pm, Wednesday: 5:30am - 10:00pm, Thursday: 5:30am - 10:00pm",,,
Syosset,,170 Michael Drive,,Syosset,New York,11791,United States,516-833-7979,,,"Saturday: 8:00am - 2:00pm, Sunday: 7:30am - 2:00pm, Monday: 7:00am - 9:00pm, Tuesday: 7:30am - 9:00pm, Wednesday: 5:30am - 9:00pm, Thursday: 7:30am - 9:00pm",,,
NYC Midtown East,,900 3rd Avenue,,New York,New York,10022,United States,,,,,,,
Olive Branch,,6518 Goodman Rd,,Olive Branch,Mississippi,38654,United States,662-932-8187,,,"Saturday: 7:00am - 10:00am, Sunday: 7:00am - 10:00am, Monday: 5:30am - 8:00pm, Tuesday: 5:00am - 8:00pm, Wednesday: 5:30am - 8:00pm, Thursday: 5:00am - 8:00pm",,,
Omaha,,"3525 N 147th St, Unit 103",,Omaha,Nebraska,68116,United States,402-932-6711,,,"Saturday: 5am - 9pm, Sunday: 5am - 9pm, Monday: 5am - 9pm, Tuesday: 5am - 9pm, Wednesday: 5am - 9pm, Thursday: 5am - 9pm",,,
Rockville,,10028 Darnestown Rd,,Rockville,Maryland,20850,United States,301-637-9360,,,"Saturday: 7:30am- 2:00pm, Sunday: 9:00am- 1:00pm, Monday: 5:30am - 9:00pm, Tuesday: 6:30am- 9:00pm, Wednesday: 5:30am - 9:00pm, Thursday: 9:00am- 9:00pm",,,
Woburn,,425 Washington St,,Woburn,Massachusetts,01801,United States,844-526-9464,,,"Saturday: 7:30am - 1:00pm, Sunday: 7:30am - 11:00am, Monday: 4:45am - 9:00pm, Tuesday: 5:45am - 9:00pm, Wednesday: 4:45am - 9:00pm, Thursday: 5:45am - 9:00pm",,,
Metairie,,5029 Veterans Memorial Blvd,,Metairie,Louisiana,70006,United States,504-510-5000,,,"Saturday: 8:00am - 2:00pm, Sunday: 8:00am - 2:00pm, Monday: 6:00am - 8:30pm, Tuesday: 6:00am - 8:30pm, Wednesday: 6:00am - 8:30pm, Thursday: 6:00am - 8:30pm",,,
Lexington,,"171 West Lowry Lane, Suite 168",,Lexington,Kentucky,40503,United States,859-268-4853,,,"Saturday: 8:00am - 3:00pm, Sunday: , Monday: 5:30am - 9:00pm, Tuesday: 5:30am - 9:00pm, Wednesday: 5:30am - 9:00pm, Thursday: 5:30am - 9:00pm",,,
Lafayette,,5417 Johnston St,,Lafayette,Louisiana,70503,United States,337-534-0480,,,"Saturday: 9:00am - 1:00pm, Sunday: 1:15pm - 2:30pm, Monday: 6:00am - 9:00pm, Tuesday: 8:00am - 9:00pm, Wednesday: 6:00am - 8:30pm, Thursday: 8:00am - 8:30pm",,,
Saugus,,329 Broadway (Route 1 South),,Saugus,Massachusetts,01906,United States,781-417-6858,,,"Saturday: 7:45am - 12:00pm, Sunday: 7:45am - 12:00pm, Monday: 4:45am - 9:00pm, Tuesday: 5:45am - 9:00pm, Wednesday: 4:45am - 9:00pm, Thursday: 5:45am - 9:00pm",,,
Salem,,21 Paradise Rd,,Salem,Massachusetts,01970,United States,,,,,,,
Nashville Green Hills,,4108 Hillsboro Pike #201,,Nashville,Tennessee,37215,United States,615-988-4080,,,"Sunday: 9:30am - 2pm, Monday: 5:30am - 9pm, Tuesday: 9am - 9pm, Wednesday: 5:30am - 9pm, Thursday: 9am - 7:30pm, Friday: 5:30am - 7:30pm",,,
Nanuet,,253 W Route 59,,Nanuet,New York,10954,United States,845-367-9777,,,"Saturday: 9:00am - 1:30pm, Sunday: 9:00am - 1:30pm, Monday: 9:00am - 9:00pm, Tuesday: 9:00am - 9:00pm, Wednesday: 9:00am - 9:30pm, Thursday: 9:00am - 9:00pm",,,
Seattle Greenwood,,112 N 85th St,,Seattle,Washington,98103,United States,206-297-5945,,,"Saturday: 8:30am - 1:30pm, Sunday: 8:30am - 1:30pm, Monday: 5:30am - 8:30pm, Tuesday: 6:30am - 8:30pm, Wednesday: 5:30am - 8:30pm, Thursday: 6:30am - 8:30pm",,,
Nashville Church St.,,1906 Church St,,Nashville,Tennessee,37203,United States,615-942-5919,,,"Saturday: , Sunday: , Monday: , Tuesday: , Wednesday: , Thursday: ",,,
Knoxville,,134 North Peters,,Knoxville,Tennessee,37923,United States,865-219-1368,,,"Saturday: 9:30am - 12:00pm, Sunday: 1:00pm - 2:00pm, Monday: 5:30am - 8:00pm, Tuesday: 9:30am - 8:00pm, Wednesday: 5:30am - 8:00pm, Thursday: 9:30am - 8:00pm",,,
Franklin Cool Springs,,"1550 W McEwen Dr, Ste 70",,Franklin,Tennessee,37067,United States,615-807-1341,,,"Saturday: 7:30am - 1:30pm, Sunday: 9:30am - 2pm, Monday: 5:15am - 8:30pm, Tuesday: 5:15am - 8:30pm, Wednesday: 5:15am - 8:30pm, Thursday: 5:15am - 8:30pm",,,
East Nashville,,605 Gallatin Ave,,Nashville,Tennessee,37206,United States,(629-202-4947),,,"Saturday: 9am - 11:30am, Sunday: 10am - 12:30pm, Monday: 6:30am - 7:00pm, Tuesday: 6:30am - 7:00pm, Wednesday: 6:30am - 7:00pm, Thursday: 6:30am - 7:00pm",,,
Clarksville,,1719 Wilma Rudolph Blvd,,Clarksville,Tennessee,37040,United States,931-245-2820,,,"Saturday: 7:30am - 1:00pm, Sunday: 9:30am - 3:30pm, Monday: 5:00am - 8:30pm, Tuesday: 5:00am - 8:30pm, Wednesday: 5:00am - 8:30pm, Thursday: 5:00am - 8:30pm",,,
The Woodlands,,"3335 College Park Dr, Suite 200",,The Woodlands,Texas,77384,United States,832-390-2140,,,"Saturday: 9am - 1pm, Sunday: 10am - 1pm, Monday: 5am - 9pm, Tuesday: 5am - 9pm, Wednesday: 5am - 9pm, Thursday: 5am - 9pm",,,
Southlake,,2717 E Southlake Blvd,,Southlake,Texas,76092,United States,214-846-3557,,,"Saturday: 8:30am - 12:30pm, Sunday: 10:30am - 3:00pm, Monday: 6:00am - 8:00pm, Tuesday: 8:00am - 8:00pm, Wednesday: 6:00am - 8:00pm, Thursday: 8:00am - 8:00pm",,,
Pending Approval – Round Rock,,1401 S Interstate 35 Ste. 120,,Round Rock,Texas,78664,United States,(512) 351-6524,,,"Saturday: 7:30am - 2:00pm, Sunday: 9:00am - 1:00pm, Monday: 5:00am - 9:00pm, Tuesday: 5:00am - 9:00pm, Wednesday: 5:00am - 9:00pm, Thursday: 5:00am - 9:00pm",,,
Missouri City,,4823 Highway 6 South,,Missouri City,Texas,77459,United States,832-539-1561,,,"Saturday: 7:00am - 1:30pm, Sunday: 10:00am - 1:30pm, Monday: 5:30am - 8:30pm, Tuesday: 5:30am - 8:30pm, Wednesday: 5:30am - 8:30pm, Thursday: 5:30am - 8:30pm",,,
Plano,,"6101 Windhaven Pkwy, Suite 130",,Plano,Texas,75093,United States,972-378-0006,,,"Sunday: 9:30am - 2:00pm, Monday: 5:30am - 6:30am | 9:00am - 9:00pm, Tuesday: 5:30am - 6:30am | 9:00am - 8:30pm, Wednesday: 5:30am - 6:30am | 9:00am - 9:00pm, Thursday: 5:30am - 6:30am | 9:00am - 8:30pm, Friday: 5:30am - 6:30am | 9:00am - 6:45pm",,,
McKinney,,"5080 Virginia Pkwy, Suite 800",,McKinney,Texas,75071,United States,214-856-7007,,,"Saturday: 7:00am - 1:00pm, Sunday: 8:30am - 2:00pm, Monday: 5:30am - 9:00pm, Tuesday: 5:30am - 9:00pm, Wednesday: 5:30am - 9:00pm, Thursday: 5:30am - 9:00pm",,,
McAllen,,"4900 W Expressway 83, Suite 150",,McAllen,Texas,78501,United States,956-992-1365,,,"Saturday: 9am - 3pm, Sunday: 9am - 3pm, Monday: 5am - 9pm, Tuesday: 5am - 9pm, Wednesday: 5am - 9pm, Thursday: 5am - 9pm",,,
Mansfield,,1551 N Highway 287,,Mansfield,Texas,76063,United States,817-453-1000,,,"Saturday: 8:30am - 4:00pm, Sunday: 11:00am - 3:30pm, Monday: 5:30am - 9:00pm, Tuesday: 5:30am - 9:00pm, Wednesday: 5:30am - 9:00pm, Thursday: 5:30am - 9:00pm",,,
McAllen North,,"4108 N 10th Street, Suite 100",,McAllen,Texas,78504,United States,956-928-9433,,,"Saturday: , Sunday: , Monday: , Tuesday: , Wednesday: , Thursday: ",,,
Lake Worth,,"3980 Boat Club Rd, Suite 119",,Lake Worth,Texas,76135,United States,817-756-8444,,,"Saturday: 8:30am - 11:45am, Sunday: 1:15pm - 2:30pm, Monday: 8:30am - 8:00pm, Tuesday: 5:15am - 8:00pm, Wednesday: 8:00am - 8:00pm, Thursday: 5:15am - 8:00pm",,,
Houston Westchase,,"9630 Westheimer, Suite 600",,Houston,Texas,77063,United States,,,,"Saturday: 9:00am - 2:00pm, Sunday: 10:00am - 1:00pm, Monday: 5:30am - 8:00pm, Tuesday: 5:30am - 9:00pm, Wednesday: 5:30am - 8:00pm, Thursday: 5:30am - 9:00pm",,,
Killeen,,"2904 East Stan Schlueter Loop, Bldg B",,Killeen,Texas,76542,United States,254-680-2999,,,"Saturday: 8:30am - 3:00pm, Sunday: 10:30am - 3:00pm, Monday: 4:20am - 9:00pm, Tuesday: 9:00am - 9:00pm, Wednesday: 4:20am - 9:00pm, Thursday: 4:20am - 9:00pm",,,
Frisco,,"3184 Preston Rd, Suite 250",,Frisco,Texas,75034,United States,214-336-3043,,,,,,
Fort Worth Hulen,,5270 S Hulen Rd,,Fort Worth,Texas,76132,United States,817-423-1000,,,"Saturday: 8:30am - 3:30pm, Sunday: 9:00am - 2:00pm, Monday: 6:00am - 8:30pm, Tuesday: 6:00am - 8:30pm, Wednesday: 6:00am - 8:30pm, Thursday: 6:00am - 8:30pm",,,
Fort Worth Downtown,,400 W 4th St,,Fort Worth,Texas,76102,United States,817-870-0000,,,"Saturday: 8:30am - 4:30pm, Sunday: 11:30am - 4:30pm, Monday: 6:00am - 8:30pm, Tuesday: 6:00am - 8:30pm, Wednesday: 6:00am - 8:30pm, Thursday: 6:00am - 8:30pm",,,
Dallas Central Forest,,11613 N Central Expressway,,Dallas,Texas,75243,United States,214-660-5344,,,"Saturday: 8:30am - 2:30pm, Sunday: 10:30am - 2:30pm, Monday: 6:00am - 7:30pm, Tuesday: 8:30am - 7:30pm, Wednesday: 6:00am - 7:30pm, Thursday: 8:30am - 7:30pm",,,
Cedar Hill,,"305 W FM 1382, Suite 219",,Cedar Hill,Texas,75104,United States,972-291-9900,,,"Saturday: 8:15am - 11:30am, Sunday: 1:15pm - 2:30pm, Monday: 5:15am - 8:00pm, Tuesday: 5:15am - 8:00pm, Wednesday: 5:15am - 8:00pm, Thursday: 5:15am - 8:00pm",,,
Dallas Uptown,,"4140 Lemmon Ave, Suite 275",,Dallas,Texas,75208,United States,214-520-2964,,,"Saturday: 8:00am - 4:00pm, Sunday: 11:00am - 3:00pm, Monday: 5:15am - 9:00pm, Tuesday: 5:15am - 8:00pm, Wednesday: 5:15am - 9:00pm, Thursday: 5:15am - 8:00pm",,,
Austin North,,"13945 US Highway 183, Suite C-3",,Austin,Texas,78717,United States,512-428-6278,,,"Saturday: 7:30am - 3:00pm, Sunday: 10:30am - 3:00pm, Monday: 5:00am - 9:00pm, Tuesday: 5:00am - 9:00pm, Wednesday: 5:00am - 9:00pm, Thursday: 6:30am - 9:00pm",,,
Arlington,,"5001 S Cooper St, Suite 103",,Arlington,Texas,76017,United States,817-465-1005,,,"Saturday: 8:30am - 12:00pm, Sunday: 12:30pm - 4:00pm, Monday: 5:30am - 8:15pm, Tuesday: 8:30am - 8:15pm, Wednesday: 5:30am - 8:15pm, Thursday: 8:30am - 8:15pm",,,
Allen,,300 N Greenville Ave,,Allen,Texas,75002,United States,214-644-2640,,,"Saturday: 6:30am - 2:00pm, Sunday: 9:00am - 2:30pm, Monday: 5:00am - 9:00pm, Tuesday: 5:00am - 9:00pm, Wednesday: 5:00am - 9:00pm, Thursday: 5:00am - 9:00pm",,,
Salt Lake City Sugarhouse,,729 East 2100 South,,Salt Lake City,Utah,84106,United States,801-256-6808,,,"Saturday: 9:00am - 2:00pm, Sunday: 10:30am - 2:00pm, Monday: 6:00am - 8:30pm, Tuesday: 6:00am - 8:30pm, Wednesday: 6:00am - 8:30pm, Thursday: 6:00am - 8:30pm",,,
Cottonwood Heights,,7817 S Highland Drive,,Cottonwood Heights,Utah,84121,United States,801-701-3085,,,"Saturday: 7:30am - 1:00pm, Sunday: 9:00am - 1:00pm, Monday: 6:00am - 9:00pm, Tuesday: 6:00am - 9:00pm, Wednesday: 6:00am - 9:00pm, Thursday: 6:00am - 9:00pm",,,
Springfield,,"6228 Rolling Road, Unit D-F",,Springfield,Virginia,22152,United States,703-644-2582,,,"Saturday: 8:30am - 2:30pm, Sunday: 10:30am - 2:30pm, Monday: 5:30am - 9:00pm, Tuesday: 9:00am - 9:00pm, Wednesday: 5:30am - 9:00pm, Thursday: 9:00am - 9:00pm",,,
College Station,,1601 S Texas Ave,,College Station,Texas,77840,United States,979-694-6644,,,"Saturday: 10:00am - 2:30pm, Sunday: 4:00pm - 6:00pm, Monday: 5:15am - 9:00pm, Tuesday: 6:30am - 8:30pm, Wednesday: 5:15am - 9:00pm, Thursday: 6:30am - 8:30pm",,,
Loudoun Station,,43810 Central Station Dr #120,,Ashburn,Virginia,20147,United States,703-729-4448,,,"Sunday: 9am - 11:00am, Monday: 5:30am - 8:00pm, Tuesday: 5:30am - 7:30pm, Wednesday: 5:30am - 8:00pm, Thursday: 5:30am - 7:30pm, Friday: 5:30am - 6:00pm",,,
Falls Church,,450 N Washington St,,Falls Church,Virginia,22046,United States,703-992-6888,,,"Saturday: , Sunday: , Monday: , Tuesday: , Wednesday: , Thursday: ",,,
Fairfax,,10318 Willard Way,,Fairfax,Virginia,22030,United States,703-591-1900,,,"Saturday: 9:00am - 2:30pm, Sunday: 11:00am - 2:30pm, Monday: 6:00am - 8:30pm, Tuesday: 11:00am - 8:30pm, Wednesday: 11:00am - 8:30pm, Thursday: 11:00am - 8:30pm",,,
Norwood,,1200 Providence Highway,,Norwood,Massachusetts,02062,United States,781-352-8001,,,"Saturday: 8:00am - 12:00pm, Sunday: 8:00am - 12:00pm, Monday: 5:30am - 9:00pm, Tuesday: 5:30am - 9:00pm, Wednesday: 5:30am - 9:00pm, Thursday: 5:30am - 9:00pm",,,
North Station,,226 Causeway St,,Boston,Massachusetts,02114,United States,617-426-9464,,,"Saturday: 8:00am - 2:00pm, Sunday: 8:00am - 12:30pm, Monday: 5:00am - 9:00pm, Tuesday: 5:30am - 9:00pm, Wednesday: 5:00am - 9:00pm, Thursday: 5:30am - 9:00pm",,,
North Andover,,137 Turnpike St (Eaglewood Shops),,North Andover,Massachusetts,01845,United States,844-926-9464,,,"Saturday: 6:45am - 1pm, Sunday: 7:30am - 12:30pm, Monday: 5:00am - 9:00pm, Tuesday: 5:00am - 9:00pm, Wednesday: 5:00am - 9:00pm, Thursday: 5:00am - 9:00pm",,,
Littleton,,365 Constitution Ave,,Littleton,Massachusetts,01460,United States,978-486-0100,,,"Saturday: 7:30am - 12pm, Sunday: 7:30am - 12pm, Monday: 5am - 8pm, Tuesday: 6am - 8pm, Wednesday: 5am - 8pm, Thursday: 6am - 8pm",,,
Framingham,,235 Old Connecticut Path,,Framingham,Massachusetts,01701,United States,508-861-7300,,,"Saturday: 7:00am - 12:30pm, Sunday: 7:00am - 12:30pm, Monday: 5:00am - 9:00pm, Tuesday: 5:00am - 9:00pm, Wednesday: 5:00am - 9:00pm, Thursday: 5:00am - 9:00pm",,,
Danvers,,29 Andover St,,Danvers,Massachusetts,01923,United States,978-705-4100,,,"Saturday: 6:15am - 1:00pm, Sunday: 6:15am - 1:00pm, Monday: 4:45am - 9:00pm, Tuesday: 4:45am - 9:00pm, Wednesday: 4:45am - 9:00pm, Thursday: 4:45am - 9:00pm",,,
Burlington,,101 Middlesex Turnpike,,Burlington,Massachusetts,01803,United States,844-317-9464,,,"Saturday: 7:30am - 11am, Sunday: 7:30am - 11am, Monday: 5am - 9pm, Tuesday: 6am-9pm, Wednesday: 5am - 9pm, Thursday: 6am - 9pm",,,
Boston Newbury Street,,338 Newbury Street,,Boston,Massachusetts,02115,United States,617-426-9464,,,"Saturday: 8:00am - 2:00pm, Sunday: 8:00am - 12:00pm, Monday: 5:00am - 9:00pm, Tuesday: 5:30am - 9:00pm, Wednesday: 5:00am - 9:00pm, Thursday: 5:30am - 9:00pm",,,
Boston Assembly Row,,381 Revolution Drive,,Somerville,Massachusetts,02145,United States,,,,,,,
West Bloomfield,,6231 Orchard Lake Rd,,West Bloomfield Township,Michigan,48322,United States,844-JAB-4FIT | 844-522-4348,,,"Saturday: 7:00am - 3:00pm, Sunday: 7:00am - 3:00pm, Monday: 5:30am - 9:00pm, Tuesday: 5:30am - 9:00pm, Wednesday: 5:30am - 9:00pm, Thursday: 5:30am - 9:00pm",,,
Troy,,5075 Rochester Rd,,Troy,Michigan,48085,United States,248-562-2031,,,"Saturday: 8:00am - 3:00pm, Sunday: 8:00am - 1:00pm, Monday: 5:30am - 9:00pm, Tuesday: 5:30am - 9:30pm, Wednesday: 5:30am - 9:00pm, Thursday: 5:30am - 9:30pm",,,
Shelby Township,,55221 Shelby Road,,Shelby Township,Michigan,48316,United States,248-608-4944,,,"Saturday: 8:30am - 1:00pm, Sunday: 8:30am - 1:00pm, Monday: 5:30am - 8:30pm, Tuesday: 5:30am - 9:00pm, Wednesday: 5:30am - 8:30pm, Thursday: 5:30am - 9:00pm",,,
Royal Oak,,403 S Center St,,Royal Oak,Michigan,48067,United States,,,,,,,
Macomb,,15385 Hall Road,,Macomb Township,Michigan,48044,United States,586-803-4141,,,"Saturday: 6am - 8pm, Sunday: 8am - 6pm, Monday: 6am - 8pm, Tuesday: 6am - 8pm, Wednesday: 6am - 8pm, Thursday: 6am - 8pm",,,
Kentwood,,4585 28th Street SE,,Kentwood,Michigan,49512,United States,616-956-6549,,,"Saturday: 7:45am - 1:15pm, Sunday: 9:45am - 12:45pm, Monday: 5:15am - 8:15pm, Tuesday: 8:45am - 8:15pm, Wednesday: 5:15am - 8:15pm, Thursday: 8:45am - 8:15pm",,,
Farmington Hills,,31196 Haggerty Rd,,Farmington Hills,Michigan,48331,United States,248-579-5138,,,"Saturday: 6:30am - 3:00pm, Sunday: 8:00am - 3:00pm, Monday: 5:30am - 9:30pm, Tuesday: 5:30am - 9:00pm, Wednesday: 5:30am - 9:30pm, Thursday: 5:30am - 9:00pm",,,
Canton,,5848 North Sheldon Rd,,Canton,Michigan,48187,United States,734-207-0337,,,"Saturday: 8:00am - 2:00pm, Sunday: 9:00am - 1:45pm, Monday: 6:00am - 9:45pm, Tuesday: 5:45am - 8:15pm, Wednesday: 6:00am - 9:15pm, Thursday: 5:45am - 8:00pm",,,
Ann Arbor,,2115 W Stadium Blvd,,Ann Arbor,Michigan,48103,United States,734-794-3700,,,"Saturday: 8:00am - 2:30pm, Sunday: 10:00am - 3:00pm, Monday: 6:00am - 9:00pm, Tuesday: 7:30am - 9:00pm, Wednesday: 6:00am - 9:00pm, Thursday: 7:30am - 9:00pm",,,
Brighton,,"8491 W Grand River Ave, #100",,Brighton,Michigan,48116,United States,810-229-2582,,,"Saturday: 7:45am - 3:00pm, Sunday: 7:45am - 3:00pm, Monday: 5:30am - 9:00pm, Tuesday: 5:30am - 9:00pm, Wednesday: 5:30am - 9:00pm, Thursday: 5:30am - 9:00pm",,,
Woodbury,,"8150 Coller Way, Suite 300",,Woodbury,Minnesota,55125,United States,651-200-3871,,,"Saturday: 8:00am - 1:00pm, Sunday: 9:00am - 12:00pm, Monday: 6:00am - 8:00pm, Tuesday: 9:00am - 8:00pm, Wednesday: 6:00am - 8:00pm, Thursday: 9:00am - 8:00pm",,,
Minneapolis Southwest,,5450 Lyndale Ave S,,Minneapolis,Minnesota,55419,United States,612-354-3953,,,"Saturday: 8:30am - 12:30pm, Sunday: 8:30am - 12:30pm, Monday: 5:45am - 8:00pm, Tuesday: 4:00pm - 8:00pm, Wednesday: 4:00pm - 8:00pm, Thursday: 5:45am - 8:00pm",,,
Lakeville,,7630 160th St W,,Lakeville,Minnesota,55044,United States,952-300-6800,,,"Saturday: 7:00am - 12:00pm, Sunday: 8:30am - 12:00pm, Monday: 6:00am - 8:00pm, Tuesday: 9:00am - 8:00pm, Wednesday: 6:00am - 8:00pm, Thursday: 9:00am - 8:00pm",,,
Edina,,"5300 Edina Industrial Blvd, #100",,Edina,Minnesota,55439,United States,952-406-8754,,,"Saturday: 8:00am - 1:00pm, Sunday: 8:30am - 12:30pm, Monday: 5:45am - 8:30pm, Tuesday: 5:45am - 8:30pm, Wednesday: 5:45am - 8:30pm, Thursday: 5:45am - 8:30pm",,,
Coon Rapids,,12475 Riverdale Blvd NW,,Coon Rapids,Minnesota,55433,United States,763-323-0100,,,"Saturday: 8:30am - 12:00pm, Sunday: 8:30am - 12:00pm, Monday: 5:00am - 8:30pm, Tuesday: 1:00pm - 8:30pm, Wednesday: 5:00am - 8:30pm, Thursday: 1:00pm - 8:30pm",,,
St. Joseph,,"139 N Belt Highway, Suite M",,St. Joseph,Missouri,64506,United States,816-671-0418,,,"Saturday: 9:00am - 2:00pm, Sunday: 9:00am - 1:00pm, Monday: 8:30am - 8:00pm, Tuesday: 8:30am - 8:00pm, Wednesday: 8:30am - 8:00pm, Thursday: 8:30am - 8:00pm",,,
St. Charles,,4750 Mid Rivers Mall Dr,,Cottleville,Missouri,63376,United States,636-922-2269,,,"Saturday: 8am - 8pm, Sunday: 8am - 6pm, Monday: 8am - 8pm, Tuesday: 8am - 8pm, Wednesday: 8am - 8pm, Thursday: 8am - 8pm",,,
Arden Hills,,3529 Lexington Ave N,,Shoreview,Minnesota,55126,United States,651-204-0560,,,"Saturday: 8:30am - 12:00pm, Sunday: 8:30am - 11:30am, Monday: 11:00am - 8:30pm, Tuesday: 9:00am - 8:30pm, Wednesday: 11:00am - 8:00pm, Thursday: 9:00am - 7:00pm",,,
Rock Hill,,9494 Manchester Rd,,Rock Hill,Missouri,63119,United States,314-925-1523,,,"Saturday: 8am - 1pm, Sunday: 11am - 1pm, Monday: 6am - 9pm, Tuesday: 6am - 9pm, Wednesday: 6am - 9pm, Thursday: 6am - 9pm",,,
Creve Coeur,,"11615 Olive Blvd, Suite C",,Creve Coeur,Missouri,63141,United States,314-942-1200,,,"Saturday: 8:30am - 12:45pm, Sunday: 10:00am - 1:30pm, Monday: 8:45am - 9:00pm, Tuesday: 8:45am - 8:00pm, Wednesday: 8:00am - 8:00pm, Thursday: 11:30am - 8:00pm",,,
Ballwin,,14944 Manchester Rd,,Ballwin,Missouri,63011,United States,636-220-1087,,,"Saturday: 8:30am - 12:00pm, Sunday: 9:30am - 1:00pm, Monday: 8:30am - 9:00pm, Tuesday: 11:30am - 8:00pm, Wednesday: 8:30am - 9:00pm, Thursday: 11:30am - 8:00pm",,,
Huntington,,335 Main St. (Rear Entrance),,Huntington,New York,11743,United States,631-425-4141,,,"Saturday: 8am - 1pm, Sunday: 8am - 1pm, Monday: 5am - 9pm, Tuesday: 5am - 9pm, Wednesday: 5am - 9pm, Thursday: 5am - 9pm",,,
Forest Hills,,69-40 Austin St,,Forest Hills,New York,11375,United States,347-960-9595,,,"Saturday: 9:00am - 4:00pm, Sunday: 7:30am - 4:00pm, Monday: 5:30am - 10:00pm, Tuesday: 5:30am - 10:00pm, Wednesday: 5:30am - 10:00pm, Thursday: 5:30am - 10:00pm",,,
Ardsley,,915 Saw Mill River Rd,,Ardsley,New York,10502,United States,914-935-7989,,,"Saturday: 8:00am - 1:00pm, Sunday: 9:00am - 1:00pm, Monday: 5:15am - 8:30pm, Tuesday: 9:00am - 8:30pm, Wednesday: 5:15am - 8:30pm, Thursday: 9:00am - 8:30pm",,,
Westlake,,30691 Detroit Rd,,Westlake,Ohio,44145,United States,440-786-6536,,,"Saturday: 7:30am - 3:30pm, Sunday: 9:30am - 3:30pm, Monday: 5:30am - 9:00pm, Tuesday: 5:30am - 9:00pm, Wednesday: 5:30am - 9:00pm, Thursday: 5:30am - 9:00pm",,,
Concord,,80 Storrs St,,Concord,New Hampshire,03301,United States,603.219.0351,,,"Saturday: 7:30am - 11:00am, Sunday: 8:00am - 11:00am, Monday: 5:00am - 8:30pm, Tuesday: 9:00am - 8:30pm, Wednesday: 5:00am - 8:30pm, Thursday: 9:00am - 8:30pm",,,
Westerville,,131 Huber Village Blvd,,Westerville,Ohio,43081,United States,614-981-6175,,,"Sunday: 8am - 6pm, Monday: 8am - 8pm, Tuesday: 8am - 8pm, Wednesday: 8am - 8pm, Thursday: 8am - 8pm, Friday: 8am - 8pm",,,
Upper Arlington,,1134 W Henderson Rd,,Columbus,Ohio,43220,United States,614-459-0200,,,"Saturday: 7:30am - 1:30pm, Sunday: 9:30am - 3:30pm, Monday: 5:30am - 9:00pm, Tuesday: 5:30am - 9:00pm, Wednesday: 5:30am - 9:00pm, Thursday: 5:30am - 9:00pm",,,
Strongsville,,14783 Pearl Rd,,Strongsville,Ohio,44136,United States,1-855-BOXING-9,,,"Saturday: 8:00am - 1:00pm, Sunday: 8:00am - 1:00pm, Monday: 5:00am - 8:30pm, Tuesday: 5:30am - 8:30pm, Wednesday: 5:00am - 8:30pm, Thursday: 5:30am - 8:30pm",,,
Solon,,33351 Aurora Rd,,Solon,Ohio,44139,United States,855-269-4649,,,"Saturday: 7:30am - 1:00pm, Sunday: 7:30am - 1:00pm, Monday: 5:45am - 8:30pm, Tuesday: 5:30am - 8:30pm, Wednesday: 5:45am - 8:30pm, Thursday: 5:30am - 8:30pm",,,
Stow,,4433 Kent Road,,Stow,Ohio,44224,United States,330-474-7062,,,"Saturday: 8:30am - 12:00pm, Sunday: 8:30am - 1:30pm, Monday: 5:30am - 8:30pm, Tuesday: 8:30am - 8:00pm, Wednesday: 5:30am - 8:30pm, Thursday: 8:30am - 8:00pm",,,
Polaris,,8727 Sancus Blvd,,Columbus,Ohio,43240,United States,614-436-0112,,,"Saturday: 7:30am - 1:30pm, Sunday: 9:30am - 3:30pm, Monday: 5:30am - 8:30pm, Tuesday: 5:30am -10:00pm, Wednesday: 5:30am - 8:30pm, Thursday: 5:30am -10:00pm",,,
Pickerington,,864 Refugee Rd,,Pickerington,Ohio,43147,United States,614-755-6520,,,"Saturday: 8:00am - 1:30pm, Sunday: 8:00am - 1:00pm, Monday: 5:30am - 9:00pm, Tuesday: 5:30am - 9:30pm, Wednesday: 5:30am - 9:00pm, Thursday: 5:30am - 9:30pm",,,
Ohio City,,2885 Detroit Road,,Cleveland,Ohio,44113,United States,1-855-BOXING-9,,,"Saturday: , Sunday: , Monday: , Tuesday: , Wednesday: , Thursday: ",,,
Powell,,9975 Sawmill Parkway,,Powell,Ohio,43065,United States,614-698-2405,,,"Saturday: , Sunday: , Monday: , Tuesday: , Wednesday: , Thursday: ",,,
Mentor,,7601 Mentor Avenue,,Mentor,Ohio,44060,United States,855-269-4649,,,"Saturday: 7:30am - 1:00pm, Sunday: 7:30am - 1:00pm, Monday: 5:45am - 8:30pm, Tuesday: 4:45am - 8:30pm, Wednesday: 5:45am - 8:30pm, Thursday: 4:45am - 8:30pm",,,
Loveland,,10659 Loveland Madeira Rd,,Loveland,Ohio,45140,United States,513-900-9150,,,"Saturday: , Sunday: , Monday: , Tuesday: , Wednesday: , Thursday: ",,,
Medina,,"5155 Buehlers Dr, Suite 100",,Medina,Ohio,44256,United States,330-952-2582,,,"Saturday: , Sunday: , Monday: , Tuesday: , Wednesday: , Thursday: ",,,
Liberty Township,,4879 Princeton Road,,Hamilton,Ohio,45011,United States,513-844-8900,,,"Saturday: 8am - 8pm, Sunday: 8am - 6pm, Monday: 8am - 8pm, Tuesday: 8am - 8pm, Wednesday: 8am - 8pm, Thursday: 8am - 8pm",,,
Highland Heights,,779 Alpha Dr,,Cleveland,Ohio,44143,United States,855-269-4649,,,"Saturday: 7:30am - 1:00pm, Sunday: 8:00am - 6:00pm, Monday: 4:45am - 8:30pm, Tuesday: 5:45am - 8:00pm, Wednesday: 4:45am - 8:30pm, Thursday: 5:45am - 8:00pm",,,
Grandview,,955 W 5th Ave,,Columbus,Ohio,43212,United States,614-291-2787,,,"Saturday: 8:30am - 1:00pm, Sunday: 9:30am - 1:00pm, Monday: 5:30am - 7am / 11am - 8:30pm, Tuesday: 5:30am - 7am / 11am - 8:30pm, Wednesday: 5:30am - 7am / 11am - 8:30pm, Thursday: 5:30am - 7am / 11am - 8:30pm",,,
Wayne,,113 US Highway 46,,Wayne,New Jersey,07470,United States,973-968-6897,,,"Saturday: 9am - 2pm, Sunday: 9am - 2pm, Monday: 9am - 10pm, Tuesday: 9am - 10pm, Wednesday: 9am - 10pm, Thursday: 9am - 10pm",,,
River Vale,,688 Westwood Avenue,,River Vale,New Jersey,07675,United States,201-301-8411,,,"Saturday: 8:00am - 12:00pm, Sunday: 9:00am - 1:00pm, Monday: 5:30am - 9:30pm, Tuesday: 9:00am - 9:30pm, Wednesday: 5:30am - 9:30pm, Thursday: 9:00am - 9:30pm",,,
Princeton,,485 Nassau Park Blvd,,Princeton,New Jersey,08540,United States,609-375-8200,,,"Saturday: 7:30am - 1:00pm, Sunday: 7:30am - 12:00pm, Monday: 5:30am - 7:30pm, Tuesday: 5:30am - 9:00pm, Wednesday: 5:30am - 7:30pm, Thursday: 5:30am - 9:00pm",,,
Holmdel,,2145 State Route 35,,Holmdel,New Jersey,07733,United States,732-344-6995,,,"Saturday: 7:30am - 2:00pm, Sunday: 8:00am - 2:00pm, Monday: 9:00am - 9:00pm, Tuesday: 9:00am - 9:00pm, Wednesday: 9:00am - 9:00pm, Thursday: 9:00am - 9:00pm",,,
Kettering,,2120 E Dorothy Lane,,Kettering,Ohio,45420,United States,937-938-5222,,,"Saturday: 7:30am - 1:00pm, Sunday: 8:00am - 1:00pm, Monday: 8:30am - 8:00pm, Tuesday: 5:30am - 6:30am | 8:30am - 8:00pm, Wednesday: 5:30am - 6:30am | 8:30am - 8:00pm, Thursday: 5:30am - 6:30am | 8:30am - 8:00pm",,,
Cary,,2046 Renaissance Park Place,,Cary,North Carolina,27513,United States,919-249-7123,,,"Saturday: 8:30am - 1:30pm, Sunday: 8:30am - 1:30pm, Monday: 5:30am - 8:30pm, Tuesday: 5:30am - 8:30pm, Wednesday: 5:30am - 8:30pm, Thursday: 5:30am - 8:30pm",,,
Ayrsley Town,,"2016 Ayrsley Town Blvd, Suite E",,Charlotte,North Carolina,28273,United States,704-588-3391,,,"Saturday: 8:30am - 12:30pm, Sunday: 8:30am - 12:30pm | 5:00pm - 6:30pm, Monday: 6:00am - 9:00pm, Tuesday: 6:00am - 9:00pm, Wednesday: 6:00am - 9:00pm, Thursday: 6:00am - 9:00pm",,,
Greenville,,3700-B Charles Blvd,,Greenville,North Carolina,27858,United States,252-689-6262,,,"Saturday: 8:30am - 12:00pm, Sunday: 8:30am - 12:00pm, Monday: 5:00am - 8:30pm, Tuesday: 5:00am - 8:30pm, Wednesday: 5:00am - 8:30pm, Thursday: 5:00am - 8:30pm",,,
Tulsa South,,8245 South Harvard Ave,,Tulsa,Oklahoma,74137,United States,918-779-7053,,,"Saturday: 8:00am - 2:00pm, Sunday: 10:30am - 2:00pm, Monday: 5:30am - 9:00pm, Tuesday: 9:00am - 8:00pm, Wednesday: 5:30am - 9:00pm, Thursday: 9:00am - 1:30pm | 5:00pm - 8:00pm",,,
Sandhill,,718-A Fashion Drive,,Columbia,South Carolina,29229,United States,,,,,,,
West Des Moines,,"9500 University Ave, Suite 1105",,West Des Moines,Iowa,50266,United States,515-493-4486,,,"Saturday: 8am - 12pm, Sunday: 10am - 1pm, Monday: 5am - 8pm, Tuesday: 5am - 8pm, Wednesday: 5am - 8pm, Thursday: 5am - 8pm",,,
Trexlertown,,"7150 Hamilton Blvd, Suite 20",,Trexlertown,Pennsylvania,18087,United States,610-351-1938,,,"Saturday: 7:00am - 12:30pm, Sunday: 8:00am - 12:30pm, Monday: 6:00am - 9:00pm, Tuesday: 6:00am - 9:00pm, Wednesday: 6:00am - 9:00pm, Thursday: 8:00am - 9:00pm",,,
Glendale,,2625 E 62nd St #1007,,Indianapolis,Indiana,46220,United States,317-517-6129,,,"Saturday: 8:00am - 1:30pm, Sunday: 9:00am - 1:30pm, Monday: 5:30am - 9:00pm, Tuesday: 5:30am - 9:00pm, Wednesday: 5:30am - 9:00pm, Thursday: 5:30am - 9:00pm",,,
Iowa City,,1604 B Sycamore St,,Iowa City,Iowa,52240,United States,319-333-1313,,,"Saturday: 8:00am - 12:00pm, Sunday: 10:00am - 12:00pm, Monday: 5:00am - 8:30pm, Tuesday: 5:00am - 8:30pm, Wednesday: 5:00am - 8:30pm, Thursday: 5:00am - 8:30pm",,,
Malvern,,480 Lancaster Ave,,Malvern,Pennsylvania,19355,United States,484-925-1592,,,"Saturday: 8:00am - 11:30am, Sunday: 9:00am - 11:00am, Monday: 5:45am - 9:00pm, Tuesday: 7:00am - 8:00pm, Wednesday: 5:45am - 9:00pm, Thursday: 7:00am - 8:00pm",,,
Fishers,,11647 Fishers Station Dr,,Fishers,Indiana,46038,United States,317-767-5550,,,"Saturday: 8:00am - 1:30pm, Sunday: 9:00am - 1:30pm, Monday: 5:30am - 9:00pm, Tuesday: 5:30am - 9:00pm, Wednesday: 5:30am - 9:00pm, Thursday: 5:30am - 9:00pm",,,
Chicago Wicker Park,,1355 N Milwaukee Ave,,Chicago,Illinois,60622,United States,,,,"Saturday: 8am - 8pm, Sunday: 8am - 6pm, Monday: 8am - 8pm, Tuesday: 8am - 8pm, Wednesday: 8am - 8pm, Thursday: 8am - 8pm",,,
Evanston,,1031 Davis Street,,Evanston,Illinois,60201,United States,847-733-0850,,,"Saturday: , Sunday: , Monday: , Tuesday: , Wednesday: , Thursday: ",,,
University Park,,8440 Cooper Creek Blvd,,University Park,Florida,34201,United States,941-358-8252,,,"Saturday: 8:00am - 1:30pm, Sunday: 9:00am - 1:30pm, Monday: 6:00am - 7:00pm, Tuesday: 6:00am - 7:00pm, Wednesday: 6:00am - 7:00pm, Thursday: 6:00am - 7:00pm",,,
Littleton,,"8100 Crestline Ave, #A-5",,Littleton,Colorado,80123,United States,303-948-8099,,,"Saturday: 9:00am - 12:30pm, Sunday: 9:00am - 12:30pm, Monday: 9:00am - 9:00pm, Tuesday: 5:30am - 7:45pm, Wednesday: 9:00am - 9:00pm, Thursday: 5:30am - 7:45pm",,,
San Diego North Park,,2852 University Ave,,San Diego,California,92104,United States,619-677-1341,,,"Saturday: 7:30am - 1:00pm, Sunday: 7:30am - 12:30pm, Monday: 5:30am - 9:15pm, Tuesday: 5:30am - 8:00pm, Wednesday: 5:30am - 8:00pm, Thursday: 5:30am - 8:00pm",,,
Wellington,,2863 South State Road 7 Suite 100,,Wellington,Florida,33414,United States,561-660-8212,,,"Saturday: 8am - 11:30am, Sunday: 8am - 11:30am, Monday: 5am - 8pm, Tuesday: 6am - 8:30pm, Wednesday: 5am - 8pm, Thursday: 6am - 8:30pm",,,
Phoenix Ahwatukee,,5037 E Ray Rd,,Phoenix,Arizona,85044,United States,480-785-2000,,,"Saturday: 8:30am - 2:00pm, Sunday: 9:30am - 2:00pm, Monday: 8:30am - 9:00pm, Tuesday: 8:30am - 9:00pm, Wednesday: 8:30am - 8:00pm, Thursday: 8:30am - 9:00pm",,,
Old Pasadena,,87 Fraser Alley,,Pasadena,California,91105,United States,626-340-2500,,,"Saturday: 8:00am - 3:00pm, Sunday: 9:00am - 3:00pm, Monday: 9:30am - 9:00pm, Tuesday: 6:15am - 9:00pm, Wednesday: 6:15am - 9:00pm, Thursday: 6:15am - 9:00pm",,,
Winter Park,,1997-A Aloma Ave,,Winter Park,Florida,32792,United States,407-790-4001,,,"Saturday: 8:30am - 3:00pm, Sunday: 9:30am - 3:00pm, Monday: 5:30am - 9:30pm, Tuesday: 5:30am - 9:30pm, Wednesday: 5:30am - 9:30pm, Thursday: 5:30am - 9:30pm",,,
Goodyear,,"15367 W McDowell Rd, Suite C-2",,Goodyear,Arizona,85395,United States,623-535-9765,,,"Saturday: 9:30am - 2:00pm, Sunday: 8am - 6pm, Monday: 8:30am - 9:00pm, Tuesday: 8:30am - 8:00pm, Wednesday: 8:30am - 9:00pm, Thursday: 8:30am - 8:00pm",,,
Newbury Park,,"1714 Newbury Rd, Suite S",,Newbury Park,California,91320,United States,805-498-4822,,,"Saturday: 7:30am - 1:00pm, Sunday: 8:30am - 12:30pm, Monday: 8:00am - 9:00pm, Tuesday: 8:30am - 8:30pm, Wednesday: 8:00am - 9:00pm, Thursday: 8:30am - 8:30pm",,,
Mountain View,,157 E El Camino Real,,Mountain View,California,94040,United States,650-963-9111,,,"Saturday: 10am - 2pm, Sunday: 10am - 2pm, Monday: 6am - 9pm, Tuesday: 6am - 9pm, Wednesday: 6am - 9pm, Thursday: 6am - 9pm",,,
Greenwood Village,,9650 E Arapahoe Rd,,Greenwood Village,Colorado,80112,United States,303-223-4635,,,"Saturday: 7:30am - 1:00pm, Sunday: 9:30am - 1:00pm, Monday: 5:30am - 7:45pm, Tuesday: 9:00am - 7:45pm, Wednesday: 5:30am - 9:00pm, Thursday: 9:00am - 7:45pm",,,
Carlsbad,,"3247 Camino De Los Coches, Suite 100",,Carlsbad,California,92009,United States,760-633-4822,,,"Saturday: 8:30am - 1:30pm, Sunday: 9:30am - 1:30pm, Monday: 5:30am - 9:00pm, Tuesday: 5:30am - 9:00pm, Wednesday: 5:30am - 9:00pm, Thursday: 5:30am - 9:00pm",,,
Fort Collins,,4360 S College Ave,,Fort Collins,Colorado,80525,United States,970-226-4822,,,"Saturday: 9:30am - 3:30pm, Sunday: 7:30am - 12:00pm, Monday: 5:30am - 8:30pm, Tuesday: 8:30am - 8:30pm, Wednesday: 5:30am - 8:30pm, Thursday: 8:30am - 8:30pm",,,
Milford,,169 Cherry St,,Milford,Connecticut,06460,United States,203-701-6100,,,"Saturday: 7:30am - 1:00pm, Sunday: 8:30am - 12:30pm, Monday: 5:15am - 9:00pm, Tuesday: 5:15am - 9:00pm, Wednesday: 5:15am - 9:00pm, Thursday: 5:15am - 9:00pm",,,
Aurora,,"6040 South Gun Club Road, Unit G-8",,Aurora,Colorado,80016,United States,720-400-8742,,,"Saturday: 7:30am - 1:30pm, Sunday: 9:30am - 1:30pm, Monday: 5am - 8pm, Tuesday: 9am - 8pm, Wednesday: 5am - 8pm, Thursday: 9am - 8pm",,,
South Tampa,,4212 S Henderson Blvd,,Tampa,Florida,33629,United States,813-289-5420,,,"Saturday: , Sunday: , Monday: , Tuesday: , Wednesday: , Thursday: ",,,
Port Orange,,3861 South Nova Road,,Port Orange,Florida,32127,United States,386-795-4822,,,"Saturday: 8:30am - 2:00pm, Sunday: 10am - 2pm, Monday: 5:00am - 9:00pm, Tuesday: 8:30am - 9:00pm, Wednesday: 5:00am - 9:00pm, Thursday: 8:30am - 9:00pm",,,
Pensacola,,875 East Nine Mile Rd,,Pensacola,Florida,32514,United States,(850) 418-2941,,,"Saturday: 9:00am - 12:30am, Sunday: 11:00am - 1:30am, Monday: 5:30am - 8:00pm, Tuesday: 5:30am - 7:00pm, Wednesday: 5:30am - 8:00pm, Thursday: 5:30am - 7:00pm",,,
Palm Beach Gardens,,4230 Northlake Blvd,,Palm Beach Gardens,Florida,33410,United States,561-427-2034,,,"Saturday: 8am - 3pm, Sunday: 8am - 1pm, Monday: 6am - 9pm, Tuesday: 8am - 9pm, Wednesday: 6am - 9pm, Thursday: 8am - 9pm",,,
Oviedo,,"1361 Alafaya Trail, Suite 100",,Oviedo,Florida,32765,United States,407-542-0977,,,"Saturday: 7:45am - 12:00pm, Sunday: 9:00am - 10:30am, Monday: 5:00am - 9:00pm, Tuesday: 9:00am - 7:45pm, Wednesday: 5:00am - 9:00pm, Thursday: 9:00am - 7:45pm",,,
Orlando 55W,,"55 W Church St, Suite 206",,Orlando,Florida,32801,United States,407-802-2339,,,"Saturday: 9:00am - 1:00pm, Sunday: 10:00am - 12:00pm, Monday: 5:45am - 9:00pm, Tuesday: 9:00am - 9:00pm, Wednesday: 5:45am - 9:00pm, Thursday: 9:00am - 9:00pm",,,
Naples,,"2349 Vanderbilt Beach Rd, #510",,Naples,Florida,34109,United States,239-963-8585,,,"Saturday: 8:30am - 11:30am, Sunday: CLOSED, Monday: 8:30am - 8:00pm, Tuesday: 8:30am - 8:00pm, Wednesday: 8:30am - 8:00pm, Thursday: 8:30am - 8:00pm",,,
Miami Beach,,1827 Purdy Ave,,Miami Beach,Florida,33139,United States,786-216-7371,,,"Saturday: 8:30am - 1:30pm, Sunday: 8:30am - 1:30pm, Monday: 5:30am - 8:45pm, Tuesday: 5:30am - 8:45pm, Wednesday: 5:30am - 8:45pm, Thursday: 5:30am - 8:45pm",,,
Jupiter,,"6743 Indiantown Rd, Suite 31",,Jupiter,Florida,33458,United States,561-743-7866,,,"Saturday: 8:30am - 1:00pm, Sunday: Closed, Monday: 5:30am - 9:00pm, Tuesday: 5:30am - 9:00pm, Wednesday: 5:30am - 9:00pm, Thursday: 5:30am - 9:00pm",,,
Jacksonville,,"14286 Beach Blvd, Suite 40",,Jacksonville,Florida,32250,United States,904-223-3200,,,"Saturday: 9am - 1pm, Sunday: 10:30am - 1:00pm, Monday: 6am - 8pm, Tuesday: 6am - 8pm, Wednesday: 6am - 8pm, Thursday: 6am - 8pm",,,
Hunter’s Creek,,"12402 S Orange Blossom Trail, Suite 6",,Orlando,Florida,32837,United States,407-757-0234,,,"Saturday: 8:00am - 12:00pm, Sunday: 10:00am - 11:30am, Monday: 5:30am - 9:00pm, Tuesday: 9:00am - 9:00pm, Wednesday: 5:30am - 9:00pm, Thursday: 9:00am - 9:00pm",,,
Hallandale,,1720 E Hallandale Beach Blvd,,Hallandale,Florida,33009,United States,954-455-2070,,,"Saturday: 8:00am - 12:00pm, Sunday: 9:30am - 1:00pm, Monday: 5:45am - 9:00pm, Tuesday: 5:45am - 9:00pm, Wednesday: 5:45am - 9:00pm, Thursday: 5:45am - 9:00pm",,,
Fort Lauderdale,,350 SE 2nd St,,Fort Lauderdale,Florida,33301,United States,954-455-2080,,,"Saturday: Closed, Sunday: Closed, Monday: 10am - 6pm, Tuesday: 10am - 6pm, Wednesday: 10am - 6pm, Thursday: 10am - 6pm",,,
Carrollwood,,14338 N Dale Mabry Hwy,,Tampa,Florida,33618,United States,813-443-0865,,,"Saturday: 9:00am - 12:00pm, Sunday: 10:00am - 12:30pm, Monday: 6:00am - 8:30pm, Tuesday: 6:00am - 8:30pm, Wednesday: 6:00am - 8:30pm, Thursday: 6:00am - 8:30pm",,,
Clermont,,4391 S Hwy 27,,Clermont,Florida,34711,United States,352-394-5227,,,"Saturday: 8:00am - 11:30am, Sunday: 10:00am - 1:00pm, Monday: 5:45am - 8:30pm, Tuesday: 5:45am - 8:30pm, Wednesday: 5:45am - 8:30pm, Thursday: 5:45am - 8:30pm",,,
Brickell,,829 SW 1st Ave,,Miami,Florida,33130,United States,786-452-9908,,,"Saturday: 8:30am - 12:45pm, Sunday: 8:30am - 12:45pm, Monday: 5:45am - 9:00pm, Tuesday: 5:45am - 9:00pm, Wednesday: 5:45am - 9:00pm, Thursday: 5:45am - 9:00pm",,,
Brandon,,889 E Bloomingdale Ave,,Brandon,Florida,33511,United States,813-324-8867,,,"Saturday: , Sunday: , Monday: , Tuesday: , Wednesday: , Thursday: ",,,
Chicago West Loop,,313 S Peoria St,,Chicago,Illinois,60607,United States,312-243-3130,,,"Saturday: 8:30am - 2:30pm, Sunday: 8:00am - 1:00pm, Monday: 5:00am - 8:45pm, Tuesday: 5:00am - 9:15pm, Wednesday: 5:00am - 8:45pm, Thursday: 5:00am - 9:15pm",,,
Altamonte Springs,,995 N. State Rd. 434 Suite 308,,Altamonte Springs,Florida,32714,United States,407-790-4001,,,"Saturday: 9am - 3pm, Sunday: 10am - 3pm, Monday: 6am - 9pm, Tuesday: 6am - 9pm, Wednesday: 6am - 9pm, Thursday: 6am - 9pm",,,
Chicago Lincoln Park,,2417 N Clark Street,,Chicago,Illinois,60614,United States,773-327-7500,,,"Saturday: 7:45am - 3:00pm, Sunday: 8:00am - 1:00pm, Monday: 5:00am - 9:30pm, Tuesday: 5:00am - 9:30pm, Wednesday: 5:00am - 9:30pm, Thursday: 5:00am - 9:30pm",,,
Chicago South Loop,,1136 S Delano Ct W #E203,,Chicago,Illinois,60605,United States,312-877-5222,,,"Saturday: , Sunday: , Monday: , Tuesday: , Wednesday: , Thursday: ",,,
Johns Creek,,"8465 Holcomb Bridge Rd, Suite 240",,Johns Creek,Georgia,30022,United States,678-620-3623,,,"Saturday: 9am - 12pm, Sunday: 10am - 11am, Monday: 5:15am - 8pm, Tuesday: 7:30am - 8pm, Wednesday: 5:15am - 8pm, Thursday: 7:30am - 8pm",,,
Alpharetta,,"735 N Main St, Suite 1700",,Alpharetta,Georgia,30009,United States,770-864-5492,,,"Saturday: 9:30am - 12pm, Sunday: 10am - 11am, Monday: 5:45am - 8pm, Tuesday: 9am - 8pm, Wednesday: 5:45am - 8pm, Thursday: 9am - 8pm",,,
West Wichita,,737 N Maize Road,,Wichita,Kansas,67212,United States,316-558-5385,,,"Saturday: 8am - 3pm, Sunday: 11:30am - 3:00pm, Monday: 6am - 9pm, Tuesday: 6am - 9pm, Wednesday: 6am - 9pm, Thursday: 6am - 9pm",,,
Prairie Village,,"7600 State Line Road, Suite 208A",,Prairie Village,Kansas,66208,United States,913-385-2582,,,"Saturday: 7:30am - 2:00pm, Sunday: 9:00am - 3:00pm, Monday: 5:45am - 9:00pm, Tuesday: 5:45am - 9:00pm, Wednesday: 5:45am - 9:00pm, Thursday: 5:45am - 9:00pm",,,
Overland Park 148th,,14868 Metcalf Ave,,Overland Park,Kansas,66223,United States,913-851-4269,,,"Saturday: 7:45am - 12:30pm, Sunday: 9:15am - 12:30pm, Monday: 5:15am - 8:15pm, Tuesday: 5:15am - 8:00pm, Wednesday: 5:15am - 8:15pm, Thursday: 5:15am - 8:00pm",,,
Lenexa,,12940 W 87th Street Pkwy,,Lenexa,Kansas,66215,United States,913-217-7128,,,"Saturday: 8:30am - 2:30pm, Sunday: 8:00am - 3:00pm, Monday: 5:45am - 8:30pm, Tuesday: 6:00am - 8:30pm, Wednesday: 5:45am - 8:30pm, Thursday: 6:00am - 8:30pm",,,
Overland Park 119th,,7812 W 119th St,,Overland Park,Kansas,66213,United States,913-433-2582,,,"Saturday: 8:00am - 2:00pm, Sunday: 8:00am - 1:00pm, Monday: 6:00am - 8:00pm, Tuesday: 5:30am - 8:00pm, Wednesday: 6:00am - 8:00pm, Thursday: 5:30am - 8:00pm",,,
Derby,,"620 N Rock Rd, Suite 350",,Derby,Kansas,67037,United States,,,,,,,
East Wichita,,"8338 E 21st St North, Suite 305",,Wichita,Kansas,67206,United States,316-295-2939,,,"Saturday: 8am - 3pm, Sunday: 11:30am - 3:00pm, Monday: 6am - 9pm, Tuesday: 6am - 9pm, Wednesday: 6am - 9pm, Thursday: 6am - 9pm",,,
Myrtle Beach,,1217 38th Ave North,,Myrtle Beach,South Carolina,29577,United States,843-839-1150,,,"Saturday: 8:00am - 2:00pm, Sunday: 10:30am - 2:00pm, Monday: 5:15am - 8:30pm, Tuesday: 5:15am - 8:30pm, Wednesday: 5:15am - 8:30pm, Thursday: 5:15am - 8:30pm",,,
Charleston West Ashley,,1975 Magwood Dr,,Charleston,South Carolina,29414,United States,843-872-6699,,,"Saturday: 8am - 1pm, Sunday: CLOSED, Monday: 9am - 9pm, Tuesday: 6am - 9pm, Wednesday: 6am - 9pm, Thursday: 6am - 9pm",,,
Harbison,,275 Park Terrace Dr,,Columbia,South Carolina,29212,United States,803-764-6085,,,"Saturday: 8:00am - 11:30am, Sunday: Closed, Monday: 5:30am - 8:30pm, Tuesday: 6:00am - 8:30pm, Wednesday: 5:30am - 8:30pm, Thursday: 6:00am - 8:30pm",,,
Charleston Wescott,,"9500 Dorchester Rd, Suite 340",,Summerville,South Carolina,29485,United States,843-376-4955,,,"Saturday: 8:30am - 1:00pm, Sunday: 10:00am - 12:00pm, Monday: 5:30am - 9:00pm, Tuesday: 5:30am - 9:00pm, Wednesday: 5:30am - 9:00pm, Thursday: 5:30am - 9:00pm",,,
