store_name,store_number,address,address2,city,state,zip_code,country,phone_number,latitude,longitude,store_hours,store_type,other_fields,coming_soon
Kingsway Garden Mall Sport Chek,316,109 St NW & Princess Elizabeth Ave,,Edmonton,AB,T5G 3A6,Canada,780-474-3210,53.5622677,-113.505546,"Monday, 10:00AM-09:00PM, Tuesday, 10:00AM-09:00PM, Wednesday, 10:00AM-09:00PM, Thursday, 10:00AM-09:00PM, Friday, 10:00AM-09:00PM, Saturday, 09:30AM-06:00PM, Sunday, 11:00AM-05:00PM",,,
Edmonton Eaton Centre Sport Chek,277,"221, 124 Edmonton City Centre NW",,Edmonton,AB,T5J 2Y9,Canada,780-426-7801,53.543526,-113.491363,"Monday, 10:00AM-06:00PM, Tuesday, 10:00AM-06:00PM, Wednesday, 10:00AM-06:00PM, Thursday, 10:00AM-08:00PM, Friday, 10:00AM-08:00PM, Saturday, 10:00AM-06:00PM, Sunday, 11:00AM-05:00PM",,,
Manning Town Centre Sport Chek,312,15530 37th Street NW,,Edmonton,AB,T5Y 0S5,Canada,780-472-1881,53.616821,-113.400215,"Monday, 10:00AM-09:00PM, Tuesday, 10:00AM-09:00PM, Wednesday, 10:00AM-09:00PM, Thursday, 10:00AM-09:00PM, Friday, 10:00AM-09:00PM, Saturday, 09:30AM-06:00PM, Sunday, 11:00AM-05:30PM",,,
West Edmonton Mall Sport Chek,314,"2551, 8882 170th Street ",,Edmonton,AB,T5T 4M2,Canada,780-444-2019,53.52244,-113.621873,"Monday, 09:30AM-09:00PM, Tuesday, 09:30AM-09:00PM, Wednesday, 09:30AM-09:00PM, Thursday, 09:30AM-09:00PM, Friday, 09:30AM-09:00PM, Saturday, 09:30AM-09:00PM, Sunday, 11:00AM-06:00PM",,,
St. Albert Centre Sport Chek,320,"Unit 160, 375 St. Albert Road",,St. Albert,AB,T8N 3K8,Canada,780-460-0220,53.642594,-113.621354,"Monday, 10:00AM-09:00PM, Tuesday, 10:00AM-09:00PM, Wednesday, 10:00AM-09:00PM, Thursday, 10:00AM-09:00PM, Friday, 10:00AM-09:00PM, Saturday, 09:30AM-06:00PM, Sunday, 11:00AM-05:00PM",,,
Tamarack Sport Chek,5159,"Bldg. A2,  3737 - 17 Street NW",,Edmonton,AB,T6T 1A7,Canada,587-463-4437,53.467659,-113.379084,"Monday, 10:00AM-09:00PM, Tuesday, 10:00AM-09:00PM, Wednesday, 10:00AM-09:00PM, Thursday, 10:00AM-09:00PM, Friday, 10:00AM-09:00PM, Saturday, 09:30AM-06:00PM, Sunday, 11:00AM-05:00PM",,,
South Edmonton Common Sport Chek,308,1320 99 Street NW,,Edmonton,AB,T6N 0A8,Canada,780-435-8488,53.441847,-113.484614,"Monday, 09:30AM-09:00PM, Tuesday, 09:30AM-09:00PM, Wednesday, 09:30AM-09:00PM, Thursday, 09:30AM-09:00PM, Friday, 09:30AM-09:00PM, Saturday, 09:30AM-09:00PM, Sunday, 10:00AM-06:00PM",,,
Emerald Hills Centre Sport Chek,348,"Unit 700, 7000 Emerald Drive",,Sherwood Park,AB,T8H 0P5,Canada,780-417-3456,53.568829,-113.279093,"Monday, 09:30AM-09:00PM, Tuesday, 09:30AM-09:00PM, Wednesday, 09:30AM-09:00PM, Thursday, 09:30AM-09:00PM, Friday, 09:30AM-09:00PM, Saturday, 09:30AM-06:00PM, Sunday, 11:00AM-06:00PM",,,
Century Crossing Sport Chek,232,"Unit 100, 151 Century Crossing",,Spruce Grove,AB,T7X 0C8,Canada,780-962-0935,53.543831,-113.883423,"Monday, 10:00AM-09:00PM, Tuesday, 10:00AM-09:00PM, Wednesday, 10:00AM-09:00PM, Thursday, 10:00AM-09:00PM, Friday, 10:00AM-09:00PM, Saturday, 10:00AM-07:00PM, Sunday, 10:00AM-06:00PM",,,
Leduc Common Sport Chek,5126,"Unit #104, 5406 Discovery Way",,Leduc,AB,T9E 8L9,Canada,780-986-9350,53.271411,-113.565862,"Monday, 10:00AM-07:00PM, Tuesday, 10:00AM-07:00PM, Wednesday, 10:00AM-09:00PM, Thursday, 10:00AM-09:00PM, Friday, 10:00AM-09:00PM, Saturday, 10:00AM-06:00PM, Sunday, 10:00AM-06:00PM",,,
Cornerstone Sport Chek,339,"Unit 250, 800-15 Street East",,Prince Albert,SK,S6V 8E3,Canada,306-922-5791,53.200676,-105.730984,"Monday, 09:30AM-09:00PM, Tuesday, 09:30AM-09:00PM, Wednesday, 09:30AM-09:00PM, Thursday, 09:30AM-09:00PM, Friday, 09:30AM-09:00PM, Saturday, 09:00AM-06:00PM, Sunday, 11:00AM-05:00PM",,,
Medicine Hat Sport Chek,313,"Unit 100, 3214 Dunmore Road S.E.",,Medicine Hat,AB,T1B 2X2,Canada,403-526-5614,50.007025,-110.648544,"Monday, 09:30AM-09:00PM, Tuesday, 09:30AM-09:00PM, Wednesday, 09:30AM-09:00PM, Thursday, 09:30AM-09:00PM, Friday, 09:30AM-09:00PM, Saturday, 09:30AM-06:00PM, Sunday, 11:00AM-06:00PM",,,
Stephen Avenue Sport Chek,249,120-8th Avenue SW,,Calgary,AB,T2P 1B3,Canada,403-476-8740,51.045829,-114.064313,"Monday, 10:00AM-06:00PM, Tuesday, 10:00AM-06:00PM, Wednesday, 10:00AM-06:00PM, Thursday, 10:00AM-07:00PM, Friday, 10:00AM-08:00PM, Saturday, 10:00AM-05:00PM, Sunday, 11:00AM-05:00PM",,,
Westbrook Mall Sport Chek,381,"Unit #54, 1200 - 37th Street SW",,Calgary,AB,T3C 1S2,Canada,403-249-4303,51.04268,-114.140351,"Monday, 09:30AM-09:00PM, Tuesday, 09:30AM-09:00PM, Wednesday, 09:30AM-09:00PM, Thursday, 09:30AM-09:00PM, Friday, 09:30AM-09:00PM, Saturday, 09:30AM-05:30PM, Sunday, 11:30AM-05:00PM",,,
Sport Chek Women - Chinook Centre North Wing,5160,"Unit 2290, 6455 Macleod Tr SW",,Calgary,AB,T2H 0K8,Canada,403-697-5618,50.998056,-114.072445,"Monday, 09:30AM-09:00PM, Tuesday, 09:30AM-09:00PM, Wednesday, 09:30AM-09:00PM, Thursday, 09:30AM-09:00PM, Friday, 09:30AM-09:00PM, Saturday, 09:30AM-09:00PM, Sunday, 11:00AM-07:00PM",,,
Chinook Centre Sport Chek,310,Unit L6 6455 Macleod Trail S.W.,,Calgary,AB,T2H 0K9,Canada,403-255-2161,50.997882,-114.074005,"Monday, 09:30AM-09:00PM, Tuesday, 09:30AM-09:00PM, Wednesday, 09:30AM-09:00PM, Thursday, 09:30AM-09:00PM, Friday, 09:30AM-09:00PM, Saturday, 09:30AM-09:00PM, Sunday, 11:00AM-07:00PM",,,
Sunridge Mall Sport Chek,303,Unit #250A 2525 36 Street N.E.,,Calgary,AB,T1Y 5T4,Canada,403-285-2435,51.07294,-113.984835,"Monday, 10:00AM-09:00PM, Tuesday, 10:00AM-09:00PM, Wednesday, 10:00AM-09:00PM, Thursday, 10:00AM-09:00PM, Friday, 10:00AM-09:00PM, Saturday, 10:00AM-08:00PM, Sunday, 11:00AM-06:00PM",,,
Market Mall Sport Chek,309,"100W, 3625 Shaganappi Trail N.W.",,Calgary,AB,T3A 0E2,Canada,403-286-3375,51.082916,-114.155387,"Monday, 09:30AM-09:00PM, Tuesday, 09:30AM-09:00PM, Wednesday, 09:30AM-09:00PM, Thursday, 09:30AM-09:00PM, Friday, 09:30AM-09:00PM, Saturday, 09:00AM-08:00PM, Sunday, 11:00AM-06:00PM",,,
Deerfoot Meadows Sport Chek,270,"1160, 33 Heritage Meadows Way SE",,Calgary,AB,T2H 3B8,Canada,403-410-9690,50.983626,-114.04194,"Monday, 09:30AM-09:00PM, Tuesday, 09:30AM-09:00PM, Wednesday, 09:30AM-09:00PM, Thursday, 09:30AM-09:00PM, Friday, 09:30AM-09:00PM, Saturday, 09:00AM-07:00PM, Sunday, 11:00AM-06:00PM",,,
Southcentre Mall Sport Chek,318,Unit #76 100 Anderson Road S.E.,,Calgary,AB,T2J 3V1,Canada,403-225-1411,50.952866,-114.067188,"Monday, 09:30AM-09:00PM, Tuesday, 09:30AM-09:00PM, Wednesday, 09:30AM-09:00PM, Thursday, 09:30AM-09:00PM, Friday, 09:30AM-09:00PM, Saturday, 09:30AM-08:00PM, Sunday, 11:00AM-06:00PM",,,
East Hills Sport Chek,5153,30-145 East Hills Blvd. SE,,Calgary,AB,T2A 6Z8,Canada,403-387-2667,51.040026,-113.912323,"Monday, 09:30AM-09:00PM, Tuesday, 09:30AM-09:00PM, Wednesday, 09:30AM-09:00PM, Thursday, 09:30AM-09:00PM, Friday, 09:30AM-09:00PM, Saturday, 09:30AM-06:00PM, Sunday, 11:00AM-06:00PM",,,
Crowfoot Sport Chek,233,48 Crowfoot Terrace N.W.,,Calgary,AB,T3G 4J8,Canada,403-241-4803,51.128139,-114.199697,"Monday, 09:30AM-09:00PM, Tuesday, 09:30AM-09:00PM, Wednesday, 09:30AM-09:00PM, Thursday, 09:30AM-09:00PM, Friday, 09:30AM-09:00PM, Saturday, 09:00AM-06:00PM, Sunday, 11:00AM-06:00PM",,,
Beacon Hill Sport Chek,260,#D7 11626 Sarcee Trail NW,,Calgary,AB,T3R 0A1,Canada,403-516-3218,51.156776,-114.161748,"Monday, 10:00AM-09:00PM, Tuesday, 10:00AM-09:00PM, Wednesday, 10:00AM-09:00PM, Thursday, 10:00AM-09:00PM, Friday, 10:00AM-09:00PM, Saturday, 10:00AM-06:00PM, Sunday, 11:00AM-06:00PM",,,
Southtrail Crossing Sport Chek,281,Unit # 96 4307 130 Avenue S.E.,,Calgary,AB,T2Z 3V8,Canada,403-257-8129,50.9296,-113.9615,"Monday, 09:30AM-09:00PM, Tuesday, 09:30AM-09:00PM, Wednesday, 09:30AM-09:00PM, Thursday, 09:30AM-09:00PM, Friday, 09:30AM-09:00PM, Saturday, 09:00AM-06:00PM, Sunday, 11:00AM-06:00PM",,,
Shawnessy Town Centre Sport Chek,247,Unit 120 350R Shawville Blvd SE,,Calgary,AB,T2Y 3S4,Canada,403-254-0691,50.899399,-114.060493,"Monday, 09:30AM-09:00PM, Tuesday, 09:30AM-09:00PM, Wednesday, 09:30AM-09:00PM, Thursday, 09:30AM-09:00PM, Friday, 09:30AM-09:00PM, Saturday, 09:30AM-08:00PM, Sunday, 11:00AM-06:00PM",,,
Cross Iron Mills Sport Chek,248,261055 Cross Iron Blvd,,Rocky View,AB,T4A 0G3,Canada,403-274-5324,51.202789,-113.993447,"Monday, 09:30AM-09:00PM, Tuesday, 09:30AM-09:00PM, Wednesday, 09:30AM-09:00PM, Thursday, 09:30AM-09:00PM, Friday, 09:30AM-09:00PM, Saturday, 09:30AM-09:00PM, Sunday, 10:30AM-06:00PM",,,
The Quarry Shopping Centre Sport Chek,5123,60 Quarry Street East,,Cochrane,AB,T4C 0W5,Canada,403-851-3638,51.184101,-114.46843,"Monday, 09:30AM-09:00PM, Tuesday, 09:30AM-09:00PM, Wednesday, 09:30AM-09:00PM, Thursday, 09:30AM-09:00PM, Friday, 09:30AM-09:00PM, Saturday, 09:30AM-06:00PM, Sunday, 11:00AM-05:00PM",,,
Cimarron Centre Sport Chek,5117,"Unit 206, 100 Southbank Blvd",,Okotoks,AB,T1S 0L3,Canada,403-995-8821,50.704562,-113.947189,"Monday, 09:30AM-09:00PM, Tuesday, 09:30AM-09:00PM, Wednesday, 09:30AM-09:00PM, Thursday, 09:30AM-09:00PM, Friday, 09:30AM-09:00PM, Saturday, 09:30AM-06:00PM, Sunday, 11:00AM-06:00PM",,,
Kelowna Sport Chek,335,"Unit #1410, 2271 Harvey Avenue",,Kelowna,BC,V1Y 6H2,Canada,250-860-7669,49.878728,-119.441796,"Monday, 09:00AM-09:00PM, Tuesday, 09:00AM-09:00PM, Wednesday, 09:00AM-09:00PM, Thursday, 09:00AM-09:00PM, Friday, 09:00AM-09:00PM, Saturday, 09:00AM-06:00PM, Sunday, 10:00AM-06:00PM",,,
Village Green Sport Chek,278,Unit #0340 4900 - 27 Street,,Vernon,BC,V1T 7G7,Canada,250-260-2860,50.286344,-119.267398,"Monday, 09:30AM-07:00PM, Tuesday, 09:30AM-07:00PM, Wednesday, 09:30AM-07:00PM, Thursday, 09:30AM-09:00PM, Friday, 09:30AM-09:00PM, Saturday, 09:30AM-06:00PM, Sunday, 10:00AM-05:00PM",,,
Metropolis @ Metrotown Sport Chek,392,"Major 1, 4700 Kingsway",,Burnaby,BC,V5H 4M1,Canada,604-454-9396,49.2309,-122.9981,"Monday, 09:30AM-09:00PM, Tuesday, 09:30AM-09:00PM, Wednesday, 09:30AM-09:00PM, Thursday, 09:30AM-09:00PM, Friday, 09:30AM-09:00PM, Saturday, 09:30AM-09:00PM, Sunday, 10:00AM-07:00PM",,,
Broadway Sport Chek,327,18 West Broadway,,Vancouver,BC,V5Y 1P2,Canada,604-874-6530,49.263,-123.105,"Monday, 10:00AM-07:00PM, Tuesday, 10:00AM-07:00PM, Wednesday, 10:00AM-07:00PM, Thursday, 10:00AM-09:00PM, Friday, 10:00AM-09:00PM, Saturday, 10:00AM-07:00PM, Sunday, 11:00AM-06:00PM",,,
Robson Sport Chek,337,788 Robson Street,,Vancouver,BC,V6Z 1A1,Canada,604-687-7668,49.28163,-123.120993,"Monday, 10:00AM-09:00PM, Tuesday, 10:00AM-09:00PM, Wednesday, 10:00AM-09:00PM, Thursday, 10:00AM-09:00PM, Friday, 10:00AM-09:00PM, Saturday, 10:00AM-09:00PM, Sunday, 10:00AM-07:00PM",,,
Big Bend Crossing Sport Chek,246,Unit 600 5771 Marine Way,,Burnaby,BC,V5J 0A6,Canada,778-329-9381,49.199471,-122.975839,"Monday, 09:30AM-07:00PM, Tuesday, 09:30AM-07:00PM, Wednesday, 09:30AM-09:00PM, Thursday, 09:30AM-09:00PM, Friday, 09:30AM-09:00PM, Saturday, 09:30AM-07:00PM, Sunday, 11:00AM-06:00PM",,,
Marine Drive Sport Chek,5125,8125 Ontario Street,,Vancouver,BC,V5X 0A7,Canada,604-235-5000,49.211002,-123.106773,"Monday, 10:00AM-09:00PM, Tuesday, 10:00AM-09:00PM, Wednesday, 10:00AM-09:00PM, Thursday, 10:00AM-09:00PM, Friday, 10:00AM-09:00PM, Saturday, 09:00AM-06:00PM, Sunday, 11:00AM-06:00PM",,,
Lougheed Mall Sport Chek,276,Unit #102 9855 Austin Avenue,,Burnaby,BC,V3J 1N4,Canada,604-415-5150,49.251,-122.896,"Monday, 10:00AM-06:00PM, Tuesday, 10:00AM-06:00PM, Wednesday, 10:00AM-09:00PM, Thursday, 10:00AM-09:00PM, Friday, 10:00AM-09:00PM, Saturday, 09:30AM-06:00PM, Sunday, 11:00AM-06:00PM",,,
Park Royal Sport Chek,334,1000 Park Royal Mall South,,West Vancouver,BC,V7T 1A1,Canada,604-922-3336,49.324273,-123.137016,"Monday, 10:00AM-07:00PM, Tuesday, 10:00AM-07:00PM, Wednesday, 10:00AM-09:00PM, Thursday, 10:00AM-09:00PM, Friday, 10:00AM-09:00PM, Saturday, 09:30AM-06:00PM, Sunday, 11:00AM-06:00PM",,,
Richmond Centre Sport Chek,272,Unit #1140 6551 No. 3 Road,,Richmond,BC,V6Y 2B6,Canada,604-278-5461,49.165373,-123.140015,"Monday, 09:30AM-07:00PM, Tuesday, 09:30AM-07:00PM, Wednesday, 09:30AM-09:00PM, Thursday, 09:30AM-09:00PM, Friday, 09:30AM-09:00PM, Saturday, 09:30AM-07:00PM, Sunday, 11:00AM-06:00PM",,,
Port Coquitlam Centre Sport Chek,363,"Unit 1400, 2929 Barnet Highway",,Coquitlam,BC,V3B 5R5,Canada,604-464-5122,49.279843,-122.798734,"Monday, 10:00AM-07:00PM, Tuesday, 10:00AM-07:00PM, Wednesday, 10:00AM-09:00PM, Thursday, 10:00AM-09:00PM, Friday, 10:00AM-09:00PM, Saturday, 09:30AM-07:00PM, Sunday, 11:00AM-06:00PM",,,
Strawberry Hill Sport Chek,344,"Unit 120, 12101-72 Avenue",,Surrey,BC,V3W 2M1,Canada,604-572-7008,49.136,-122.889,"Monday, 09:30AM-07:00PM, Tuesday, 09:30AM-07:00PM, Wednesday, 09:30AM-09:00PM, Thursday, 09:30AM-09:00PM, Friday, 09:30AM-09:00PM, Saturday, 09:30AM-06:00PM, Sunday, 11:00AM-06:00PM",,,
Guildford Town Centre Sport Chek,369,1214 Guildford Town Centre,,Surrey,BC,V3R 7B7,Canada,604-585-7293,49.189,-122.802,"Monday, 10:00AM-09:00PM, Tuesday, 10:00AM-09:00PM, Wednesday, 10:00AM-09:00PM, Thursday, 10:00AM-09:00PM, Friday, 10:00AM-09:00PM, Saturday, 10:00AM-09:00PM, Sunday, 10:00AM-06:00PM",,,
Meadowtown Centre Sport Chek,328,"Unit #405, 19800 Lougheed Highway",,Pitt Meadows,BC,V3Y 2W1,Canada,604-460-6612,49.222699,-122.673021,"Monday, 09:00AM-07:00PM, Tuesday, 09:00AM-07:00PM, Wednesday, 09:00AM-09:00PM, Thursday, 09:00AM-09:00PM, Friday, 09:00AM-09:00PM, Saturday, 09:00AM-07:00PM, Sunday, 10:00AM-06:00PM",,,
Tsawwassen Mills Sport Chek,5158,5000 Canoe Pass Way,,Tsawassen First Nation,BC,V4M 0B3,Canada,604-948-1172,49.018038,-123.081825,"Monday, 10:00AM-09:00PM, Tuesday, 10:00AM-09:00PM, Wednesday, 10:00AM-09:00PM, Thursday, 10:00AM-09:00PM, Friday, 10:00AM-09:00PM, Saturday, 10:00AM-09:00PM, Sunday, 10:00AM-07:00PM",,,
Willowbrook Sport Chek,385,19705 Fraser Highway,,Langley,BC,V3A 7E9,Canada,604-530-5970,49.115512,-122.67489,"Monday, 09:30AM-06:00PM, Tuesday, 09:30AM-06:00PM, Wednesday, 09:30AM-09:00PM, Thursday, 09:30AM-09:00PM, Friday, 09:30AM-09:00PM, Saturday, 09:30AM-06:00PM, Sunday, 11:00AM-06:00PM",,,
Pine Centre Sport Chek,282,3115 Massey Drive,,Prince George,BC,V2N 2S9,Canada,250-561-3002,53.896424,-122.778214,"Monday, 09:30AM-06:00PM, Tuesday, 09:30AM-06:00PM, Wednesday, 09:30AM-06:00PM, Thursday, 09:30AM-09:00PM, Friday, 09:30AM-09:00PM, Saturday, 09:30AM-06:00PM, Sunday, 09:30AM-06:00PM",,,
Peachtree Square Sport Chek,267,"Unit 101, 2701 Shaka Lake Road",,Penticton,BC,V2A 9B8,Canada,250-276-8370,49.465,-119.588,"Monday, 09:30AM-07:00PM, Tuesday, 09:30AM-07:00PM, Wednesday, 09:30AM-09:00PM, Thursday, 09:30AM-09:00PM, Friday, 09:30AM-09:00PM, Saturday, 09:30AM-06:00PM, Sunday, 09:30AM-06:00PM",,,
Duncan Mall Sport Chek,238,"Unit 12, 250 Trunk Road",,Duncan,BC,V9L 2P2,Canada,250-746-6332,48.777,-123.703,"Monday, 10:00AM-06:00PM, Tuesday, 10:00AM-06:00PM, Wednesday, 10:00AM-06:00PM, Thursday, 10:00AM-09:00PM, Friday, 10:00AM-09:00PM, Saturday, 09:30AM-06:00PM, Sunday, 11:00AM-06:00PM",,,
Hillside Mall Sport Chek,5120,1644 Hillside Avenue,,Victoria,BC,V8T 2C5,Canada,250-592-5220,48.446135,-123.335908,"Monday, 09:30AM-06:00PM, Tuesday, 09:30AM-06:00PM, Wednesday, 09:30AM-09:00PM, Thursday, 09:30AM-09:00PM, Friday, 09:30AM-09:00PM, Saturday, 09:30AM-06:00PM, Sunday, 11:00AM-06:00PM",,,
Island Home Centre Sport Chek,336,Suite #104 805 Cloverdale Avenue,,Victoria,BC,V8X 2S9,Canada,250-475-6851,48.45,-123.37,"Monday, 10:00AM-07:00PM, Tuesday, 10:00AM-07:00PM, Wednesday, 10:00AM-09:00PM, Thursday, 10:00AM-09:00PM, Friday, 10:00AM-09:00PM, Saturday, 10:00AM-06:00PM, Sunday, 11:00AM-06:00PM",,,
Sport Chek Victoria Bay Centre,290,Unit #311A 1150 Douglas Street,,Victoria,BC,V8W 3M9,Canada,250-388-5103,48.425,-123.366,"Monday, 10:00AM-06:00PM, Tuesday, 10:00AM-06:00PM, Wednesday, 10:00AM-06:00PM, Thursday, 10:00AM-09:00PM, Friday, 10:00AM-09:00PM, Saturday, 10:00AM-06:00PM, Sunday, 11:00AM-06:00PM",,,
Westshore Village Sport Chek,5142,"Unit 109, 2955 Phipps Road",,Langford,BC,V9B 0J9,Canada,250-478-1551,48.439337,-123.505812,"Monday, 09:30AM-09:00PM, Tuesday, 09:30AM-09:00PM, Wednesday, 09:30AM-09:00PM, Thursday, 09:30AM-09:00PM, Friday, 09:30AM-09:00PM, Saturday, 09:30AM-06:00PM, Sunday, 11:00AM-06:00PM",,,
Clearspring Centre Sport Chek,5116,"Unit 12, 178 PTH 12 North",,Steinbach,MB,R5G 1T7,Canada,204-320-1984,49.548353,-96.688583,"Monday, 09:30AM-09:00PM, Tuesday, 09:30AM-09:00PM, Wednesday, 09:30AM-09:00PM, Thursday, 09:30AM-09:00PM, Friday, 09:30AM-09:00PM, Saturday, 09:30AM-06:00PM, Sunday, Closed",,,
St.Vital Centre Sport Chek,265,"Unit #54A, 1225 St. Mary’s Road",,Winnipeg,MB,R2M 5E5,Canada,204-257-7418,49.828,-97.112,"Monday, 09:30AM-09:00PM, Tuesday, 09:30AM-09:00PM, Wednesday, 09:30AM-09:00PM, Thursday, 09:30AM-09:00PM, Friday, 09:30AM-09:00PM, Saturday, 09:30AM-06:00PM, Sunday, 11:00AM-06:00PM",,,
Linden Ridge Sport Chek,345,"Unit C, 1731 Kenaston Blvd",,Winnipeg,MB,R3Y 1V5,Canada,204-275-2775,49.820129,-97.194738,"Monday, 09:30AM-09:00PM, Tuesday, 09:30AM-09:00PM, Wednesday, 09:30AM-09:00PM, Thursday, 09:30AM-09:00PM, Friday, 09:30AM-09:00PM, Saturday, 09:30AM-06:00PM, Sunday, 11:00AM-06:00PM",,,
Polo Park Sport Chek,346,"Unit #130A, 1485 Portage Avenue",,Winnipeg,MB,R3G 0W4,Canada,204-772-9541,49.882112,-97.198715,"Monday, 09:30AM-09:00PM, Tuesday, 09:30AM-09:00PM, Wednesday, 09:30AM-09:00PM, Thursday, 09:30AM-09:00PM, Friday, 09:30AM-09:00PM, Saturday, 09:30AM-06:00PM, Sunday, 11:00AM-06:00PM",,,
Kildonan Sport Chek,347,"Unit #1, 1570 Regent Avenue",,Winnipeg,MB,R2C 2Y9,Canada,204-669-0808,49.896003,-97.063153,"Monday, 09:30AM-09:00PM, Tuesday, 09:30AM-09:00PM, Wednesday, 09:30AM-09:00PM, Thursday, 09:30AM-09:00PM, Friday, 09:30AM-09:00PM, Saturday, 09:30AM-06:00PM, Sunday, 11:00AM-06:00PM",,,
Northgate Centre Sport Chek,365,"Unit 1, 1375 McPhilips Street",,Winnipeg,MB,R2V 3V1,Canada,204-334-2190,49.940074,-97.157905,"Monday, 09:30AM-09:00PM, Tuesday, 09:30AM-09:00PM, Wednesday, 09:30AM-09:00PM, Thursday, 09:30AM-09:00PM, Friday, 09:30AM-09:00PM, Saturday, 09:30AM-06:00PM, Sunday, 11:00AM-06:00PM",,,
Unicity Sport Chek,5118,"Unit H0004, 3673 Portage Avenue",,Winnipeg,MB,R3K 2G6,Canada,204-888-4554,49.884096,-97.314302,"Monday, 09:30AM-09:00PM, Tuesday, 09:30AM-09:00PM, Wednesday, 09:30AM-09:00PM, Thursday, 09:30AM-09:00PM, Friday, 09:30AM-09:00PM, Saturday, 09:30AM-06:00PM, Sunday, 11:00AM-06:00PM",,,
Selkirk Sport Chek,5157,1033 Manitoba  Avenue,,Selkirk,MB,R1A 3T7,Canada,204-785-9620,50.157601,-96.901689,"Monday, 09:30AM-09:00PM, Tuesday, 09:30AM-09:00PM, Wednesday, 09:30AM-09:00PM, Thursday, 09:30AM-09:00PM, Friday, 09:30AM-09:00PM, Saturday, 09:30AM-06:00PM, Sunday, 11:00AM-06:00PM",,,
Brandon Shoppers World Sport Chek,364,1570-18 Street,,Brandon,MB,R7A 5C5,Canada,204-725-2545,49.823,-99.963,"Monday, 09:30AM-09:00PM, Tuesday, 09:30AM-09:00PM, Wednesday, 09:30AM-09:00PM, Thursday, 09:30AM-09:00PM, Friday, 09:30AM-09:00PM, Saturday, 09:30AM-09:00PM, Sunday, 11:00AM-05:00PM",,,
Village Shopping Centre Sport Chek,371,"Unit 102, 430 Topsail Road",,St. John's,NL,A1E 4N1,Canada,709-364-7068,47.534,-52.749,"Monday, 09:30AM-09:30PM, Tuesday, 09:30AM-09:30PM, Wednesday, 09:30AM-09:30PM, Thursday, 09:30AM-09:30PM, Friday, 09:30AM-09:30PM, Saturday, 09:30AM-09:30PM, Sunday, 12:00PM-05:00PM",,,
St. John's Sport Chek,383,75 Aberdeen Drive,,St. John's,NL,A1A 5N6,Canada,709-739-7708,47.6175821,-52.7161526,"Monday, 09:30AM-09:00PM, Tuesday, 09:30AM-09:00PM, Wednesday, 09:30AM-09:00PM, Thursday, 09:30AM-09:00PM, Friday, 09:30AM-09:00PM, Saturday, 09:30AM-09:00PM, Sunday, 12:00PM-05:00PM",,,
Charlottetown Mall Sport Chek,380,Unit 1 670 University Avenue,,Charlottetown,PE,C1E 1H6,Canada,902-628-6088,46.266109,-63.1449,"Monday, 09:00AM-09:00PM, Tuesday, 09:00AM-09:00PM, Wednesday, 09:00AM-09:00PM, Thursday, 09:00AM-09:00PM, Friday, 09:00AM-09:00PM, Saturday, 09:00AM-09:00PM, Sunday, 12:00PM-05:00PM",,,
Bedford Commons Sport Chek,219,"Unit #2, 181 Damascus Road",,Bedford,NS,B4A 0C2,Canada,902-832-0834,44.75136,-63.6473,"Monday, 09:00AM-09:00PM, Tuesday, 09:00AM-09:00PM, Wednesday, 09:00AM-09:00PM, Thursday, 09:00AM-09:00PM, Friday, 09:00AM-09:00PM, Saturday, 09:00AM-09:00PM, Sunday, 11:00AM-05:00PM",,,
Truro Mall Sport Chek,235,Unit 109 245 Robie Street,,Truro,NS,B2N 5N6,Canada,902-895-3383,45.370907,-63.303633,"Monday, 09:30AM-09:00PM, Tuesday, 09:30AM-09:00PM, Wednesday, 09:30AM-09:00PM, Thursday, 09:30AM-09:00PM, Friday, 09:30AM-09:00PM, Saturday, 09:30AM-09:00PM, Sunday, 12:00PM-05:00PM",,,
Bridgewater Mall Sport Chek,5140,"Unit 3, 421 LaHave Street",,Bridgewater,NS,B4V 3A2,Canada,902-527-0281,44.377329,-64.515337,"Monday, 09:30AM-09:00PM, Tuesday, 09:30AM-09:00PM, Wednesday, 09:30AM-09:00PM, Thursday, 09:30AM-09:00PM, Friday, 09:30AM-09:00PM, Saturday, 09:30AM-09:00PM, Sunday, 11:00AM-05:00PM",,,
New Minas Sport Chek,285,9107 Commercial Street,,New Minas,NS,B4N 3E6,Canada,902-681-1485,45.068823,-64.451397,"Monday, 09:30AM-09:00PM, Tuesday, 09:30AM-09:00PM, Wednesday, 09:30AM-09:00PM, Thursday, 09:30AM-09:00PM, Friday, 09:30AM-09:00PM, Saturday, 09:30AM-09:00PM, Sunday, 12:00PM-05:00PM",,,
Maple Leaf Square Sport Chek,5151,15 York Street,,Toronto,ON,M5J 0A3,Canada,416-981-0980,43.64227,-79.380963,"Monday, 10:00AM-09:00PM, Tuesday, 10:00AM-09:00PM, Wednesday, 10:00AM-09:00PM, Thursday, 10:00AM-09:00PM, Friday, 10:00AM-09:00PM, Saturday, 10:00AM-07:00PM, Sunday, 11:00AM-06:00PM",,,
Eaton Centre Sport Chek,401,218 Yonge Street,,Toronto,ON,M5B 2H6,Canada,416-598-3785,43.656,-79.381,"Monday, 10:00AM-09:30PM, Tuesday, 10:00AM-09:30PM, Wednesday, 10:00AM-09:30PM, Thursday, 10:00AM-09:30PM, Friday, 10:00AM-09:30PM, Saturday, 09:30AM-09:30PM, Sunday, 10:00AM-07:00PM",,,
The Stockyards Sport Chek,5141,"Unit 105, 75 Gunns Road",,Toronto,ON,M6N 0A3,Canada,416-767-2435,43.675112,-79.471959,"Monday, 10:00AM-09:00PM, Tuesday, 10:00AM-09:00PM, Wednesday, 10:00AM-09:00PM, Thursday, 10:00AM-09:00PM, Friday, 10:00AM-09:00PM, Saturday, 10:00AM-07:00PM, Sunday, 11:00AM-06:00PM",,,
Yonge Street Sport Chek,5111,2529 Yonge Street,,Toronto,ON,M4P 2H9,Canada,416-932-9604,43.712928,-79.399225,"Monday, 10:00AM-09:00PM, Tuesday, 10:00AM-09:00PM, Wednesday, 10:00AM-09:00PM, Thursday, 10:00AM-09:00PM, Friday, 10:00AM-09:00PM, Saturday, 10:00AM-07:00PM, Sunday, 11:00AM-06:00PM",,,
Leaside Sport Chek,241,Unit 300 B3 - 147 Laird Drive,,Toronto,ON,M4G 4K1,Canada,416-421-6093,43.709,-79.362,"Monday, 10:00AM-09:00PM, Tuesday, 10:00AM-09:00PM, Wednesday, 10:00AM-09:00PM, Thursday, 10:00AM-09:00PM, Friday, 10:00AM-09:00PM, Saturday, 10:00AM-07:00PM, Sunday, 11:00AM-06:00PM",,,
Yorkdale Sport Chek,375,3401 Dufferin Street,,Toronto,ON,M6A 2T9,Canada,416-787-1641,43.72567,-79.452168,"Monday, 10:00AM-09:00PM, Tuesday, 10:00AM-09:00PM, Wednesday, 10:00AM-09:00PM, Thursday, 10:00AM-09:00PM, Friday, 10:00AM-09:00PM, Saturday, 09:30AM-09:00PM, Sunday, 11:00AM-07:00PM",,,
Sherway Gardens Sport Chek,243,"CRU 1690, 25 The West mall",,Toronto,ON,M9C 1B8,Canada,416-621-6796,43.612684,-79.554839,"Monday, 10:00AM-09:00PM, Tuesday, 10:00AM-09:00PM, Wednesday, 10:00AM-09:00PM, Thursday, 10:00AM-09:00PM, Friday, 10:00AM-09:00PM, Saturday, 09:30AM-09:00PM, Sunday, 11:00AM-06:00PM",,,
Eglinton Corners Sport Chek,263,"Unit #B4, 1920 Eglinton Avenue East",,Scarborough,ON,M1L 2L9,Canada,416-757-9232,43.727845,-79.290843,"Monday, 10:00AM-09:00PM, Tuesday, 10:00AM-09:00PM, Wednesday, 10:00AM-09:00PM, Thursday, 10:00AM-09:00PM, Friday, 10:00AM-09:00PM, Saturday, 09:30AM-06:00PM, Sunday, 11:00AM-06:00PM",,,
Fairview Mall Sport Chek,251,"Unit 2074, 1800 Sheppard Ave E",,Toronto,ON,M2J 5A7,Canada,416-502-2931,43.778824,-79.343865,"Monday, 10:00AM-09:00PM, Tuesday, 10:00AM-09:00PM, Wednesday, 10:00AM-09:00PM, Thursday, 10:00AM-09:00PM, Friday, 10:00AM-09:00PM, Saturday, 09:30AM-09:00PM, Sunday, 11:00AM-07:00PM",,,
Square One Shopping Centre Sport Chek,355,100 City Centre Drive,,Mississauga,ON,L5B 2C9,Canada,905-281-8422,43.592873,-79.642984,"Monday, 10:00AM-09:00PM, Tuesday, 10:00AM-09:00PM, Wednesday, 10:00AM-09:00PM, Thursday, 10:00AM-09:00PM, Friday, 10:00AM-09:00PM, Saturday, 09:30AM-09:00PM, Sunday, 11:00AM-07:00PM",,,
Promenade Sport Chek,354,"Unit 117-8, 1 Promenade Circle",,Thornhill,ON,L4J 4P8,Canada,905-707-0557,43.806131,-79.452106,"Monday, 10:00AM-09:00PM, Tuesday, 10:00AM-09:00PM, Wednesday, 10:00AM-09:00PM, Thursday, 10:00AM-09:00PM, Friday, 10:00AM-09:00PM, Saturday, 09:30AM-06:00PM, Sunday, 11:00AM-06:00PM",,,
Woodbridge Sport Chek,283,"Building B, 7850 Weston Road",,Vaughan,ON,L4L 9N8,Canada,905-264-2848,43.792098,-79.549301,"Monday, 10:00AM-09:00PM, Tuesday, 10:00AM-09:00PM, Wednesday, 10:00AM-09:00PM, Thursday, 10:00AM-09:00PM, Friday, 10:00AM-09:00PM, Saturday, 09:30AM-06:00PM, Sunday, 11:00AM-05:00PM",,,
Heartland Town Centre Sport Chek,294,Unit #1 785 Britannia Road West,,Mississauga,ON,L5V 2Y1,Canada,905-542-9595,43.609995,-79.700173,"Monday, 10:00AM-09:00PM, Tuesday, 10:00AM-09:00PM, Wednesday, 10:00AM-09:00PM, Thursday, 10:00AM-09:00PM, Friday, 10:00AM-09:00PM, Saturday, 09:30AM-06:00PM, Sunday, 10:00AM-05:00PM",,,
Hillcrest Mall Sport Chek,395,"Unit Y-2, 9350 Yonge Street",,Richmond Hill,ON,L4C 5G2,Canada,905-508-1917,43.855049,-79.436825,"Monday, 10:00AM-09:00PM, Tuesday, 10:00AM-09:00PM, Wednesday, 10:00AM-09:00PM, Thursday, 10:00AM-09:00PM, Friday, 10:00AM-09:00PM, Saturday, 09:30AM-06:00PM, Sunday, 11:00AM-06:00PM",,,
Winston Power Centre Sport Chek,317,"2, 2460 Winston Churchill Blvd E",,Oakville,ON,L6H 6J5,Canada,905-829-4721,43.520448,-79.68129,"Monday, 10:00AM-09:00PM, Tuesday, 10:00AM-09:00PM, Wednesday, 10:00AM-09:00PM, Thursday, 10:00AM-09:00PM, Friday, 10:00AM-09:00PM, Saturday, 09:00AM-06:00PM, Sunday, 10:00AM-06:00PM",,,
Cachet Centre Sport Chek,208,9255 Woodbine Avenue,,Markham,ON,L6C 1Y9,Canada,905-887-6012,43.869705,-79.362651,"Monday, 09:30AM-09:00PM, Tuesday, 09:30AM-09:00PM, Wednesday, 09:30AM-09:00PM, Thursday, 09:30AM-09:00PM, Friday, 09:30AM-09:00PM, Saturday, 09:00AM-06:00PM, Sunday, 10:00AM-06:00PM",,,
Oakville Place Sport Chek,5138,"Unit 144, 240 Leighland Avenue",,Oakville,ON,L6H 3H6,Canada,905-337-2459,43.461919,-79.687496,"Monday, 10:00AM-09:00PM, Tuesday, 10:00AM-09:00PM, Wednesday, 10:00AM-09:00PM, Thursday, 10:00AM-09:00PM, Friday, 10:00AM-09:00PM, Saturday, 09:30AM-06:00PM, Sunday, 11:00AM-05:00PM",,,
Trinity Commons Sport Chek,239,"Unit 112, 30 Great Lakes Drive",,Brampton,ON,L6R 2K7,Canada,905-792-1830,43.728162,-79.7649,"Monday, 10:00AM-09:00PM, Tuesday, 10:00AM-09:00PM, Wednesday, 10:00AM-09:00PM, Thursday, 10:00AM-09:00PM, Friday, 10:00AM-09:00PM, Saturday, 09:30AM-06:00PM, Sunday, 11:00AM-05:00PM",,,
Bramalea City Centre Sport Chek,340,25 Peel Centre Drive,,Brampton,ON,L6T 3R5,Canada,905-789-8965,43.731656,-79.763403,"Monday, 10:00AM-09:00PM, Tuesday, 10:00AM-09:00PM, Wednesday, 10:00AM-09:00PM, Thursday, 10:00AM-09:00PM, Friday, 10:00AM-09:00PM, Saturday, 09:30AM-09:00PM, Sunday, 11:00AM-07:00PM",,,
Pickering Sport Chek,351,"Unit 120, 1355 Kingston Road",,Pickering,ON,L1V 1B8,Canada,905-420-1208,43.83729,-79.086279,"Monday, 10:00AM-09:00PM, Tuesday, 10:00AM-09:00PM, Wednesday, 10:00AM-09:00PM, Thursday, 10:00AM-09:00PM, Friday, 10:00AM-09:00PM, Saturday, 09:30AM-06:00PM, Sunday, 11:00AM-06:00PM",,,
Bolton Sport Chek,252,Unit 1 12730 HWY 50,,Bolton,ON,L7E 4G1,Canada,905-857-2090,43.861884,-79.715576,"Monday, 10:00AM-09:00PM, Tuesday, 10:00AM-09:00PM, Wednesday, 10:00AM-09:00PM, Thursday, 10:00AM-09:00PM, Friday, 10:00AM-09:00PM, Saturday, 10:00AM-06:00PM, Sunday, 10:00AM-05:00PM",,,
Burloak Sport Chek,240,"Unit B BLDG B3, 3465 Wye Croft Road",,Oakville,ON,L6L 0B6,Canada,905-847-9445,43.398375,-79.747417,"Monday, 09:30AM-09:00PM, Tuesday, 09:30AM-09:00PM, Wednesday, 09:30AM-09:00PM, Thursday, 09:30AM-09:00PM, Friday, 09:30AM-09:00PM, Saturday, 09:30AM-06:00PM, Sunday, 11:00AM-05:00PM",,,
Stouffville Sport Chek,5132,"Unit 3, 1010 Hoover Park Drive",,Stouffville,ON,L4A 0K2,Canada,905-640-3919,43.955951,-79.272473,"Monday, 10:00AM-09:00PM, Tuesday, 10:00AM-09:00PM, Wednesday, 10:00AM-09:00PM, Thursday, 10:00AM-09:00PM, Friday, 10:00AM-09:00PM, Saturday, 09:30AM-06:00PM, Sunday, 11:00AM-05:00PM",,,
Milton Crossroads Sport Chek,288,1150 Steeles Avenue East,,Milton,ON,L9T 6C8,Canada,905-693-8546,43.540684,-79.872859,"Monday, 09:30AM-09:00PM, Tuesday, 09:30AM-09:00PM, Wednesday, 09:30AM-09:00PM, Thursday, 09:30AM-09:00PM, Friday, 09:30AM-09:00PM, Saturday, 09:00AM-07:00PM, Sunday, 10:00AM-07:00PM",,,
Georgetown Sport Chek,5128,"Units 70 & 71, 280 Guelph Street",,Georgetown,ON,L7G 4B1,Canada,905-877-5781,43.648051,-79.898141,"Monday, 10:00AM-09:00PM, Tuesday, 10:00AM-09:00PM, Wednesday, 10:00AM-09:00PM, Thursday, 10:00AM-09:00PM, Friday, 10:00AM-09:00PM, Saturday, 09:30AM-06:00PM, Sunday, 12:00PM-05:00PM",,,
Appleby Crossing Sport Chek,257,"Unit A03, 2445 Appleby Line",,Burlington,ON,L7L 0B6,Canada,905-331-2560,43.405776,-79.803435,"Monday, 09:30AM-09:00PM, Tuesday, 09:30AM-09:00PM, Wednesday, 09:30AM-09:00PM, Thursday, 09:30AM-09:00PM, Friday, 09:30AM-09:00PM, Saturday, 09:30AM-06:00PM, Sunday, 11:00AM-05:00PM",,,
Ajax Sport Chek,244,Unit N1 135 Harwood Avenue N.,,Ajax,ON,L1Z 1E8,Canada,905-683-3807,43.86273,-79.025138,"Monday, 09:30AM-09:00PM, Tuesday, 09:30AM-09:00PM, Wednesday, 09:30AM-09:00PM, Thursday, 09:30AM-09:00PM, Friday, 09:30AM-09:00PM, Saturday, 09:30AM-06:00PM, Sunday, 11:00AM-06:00PM",,,
Burlington Mall Sport Chek,352,"Unit E11, 777 Guelph Line",,Burlington,ON,L7R 3N2,Canada,905-637-6868,43.348393,-79.794061,"Monday, 10:00AM-09:00PM, Tuesday, 10:00AM-09:00PM, Wednesday, 10:00AM-09:00PM, Thursday, 10:00AM-09:00PM, Friday, 10:00AM-09:00PM, Saturday, 09:30AM-06:00PM, Sunday, 11:00AM-05:00PM",,,
Whitby Sport Chek,253,"Building G, 320 Taunton Road East",,Whitby,ON,L1R 0H4,Canada,905-655-9195,43.919,-78.943,"Monday, 09:30AM-09:00PM, Tuesday, 09:30AM-09:00PM, Wednesday, 09:30AM-09:00PM, Thursday, 09:30AM-09:00PM, Friday, 09:30AM-09:00PM, Saturday, 09:30AM-06:00PM, Sunday, 11:00AM-05:00PM",,,
Rideau Centre Sport Chek,5165,"UNIT Y200, 50 RIDEAU STREET",,OTTAWA,ON,K1N 9J7,Canada,613-860-9119,45.425098,-75.691295,"Monday, 09:30AM-09:00PM, Tuesday, 09:30AM-09:00PM, Wednesday, 09:30AM-09:00PM, Thursday, 09:30AM-09:00PM, Friday, 09:30AM-09:00PM, Saturday, 09:30AM-07:00PM, Sunday, 11:00AM-06:00PM",,,
St.Laurent Sport Chek,330,"Unit Y005, 1200 St. Laurent Blvd.",,Ottawa,ON,K1K 3B8,Canada,613-741-3378,45.420997,-75.639136,"Monday, 09:30AM-09:00PM, Tuesday, 09:30AM-09:00PM, Wednesday, 09:30AM-09:00PM, Thursday, 09:30AM-09:00PM, Friday, 09:30AM-09:00PM, Saturday, 09:30AM-09:00PM, Sunday, 11:00AM-05:00PM",,,
Merivale Mall Sport Chek,350,"Unit #0580, 1642 Merivale Road",,Ottawa,ON,K2G 4A1,Canada,613-225-6674,45.344533,-75.731013,"Monday, 09:00AM-09:00PM, Tuesday, 09:00AM-09:00PM, Wednesday, 09:00AM-09:00PM, Thursday, 09:00AM-09:00PM, Friday, 09:00AM-09:00PM, Saturday, 09:30AM-09:00PM, Sunday, 10:00AM-06:00PM",,,
Bayshore Sport Chek,5166,100 Bayshore Dr.,,Nepean,ON,K2B 8C1,Canada,613-829-7680,45.347024,-75.806807,"Monday, 09:30AM-09:00PM, Tuesday, 09:30AM-09:00PM, Wednesday, 09:30AM-09:00PM, Thursday, 09:30AM-09:00PM, Friday, 09:30AM-09:00PM, Saturday, 09:30AM-09:00PM, Sunday, 11:00AM-05:00PM",,,
Place D'Orleans Sport Chek,398,"Unit 2400, 110 Place d'Orleans Dr",,Orleans,ON,K1C 2L9,Canada,613-824-9933,45.478903,-75.515717,"Monday, 09:30AM-09:00PM, Tuesday, 09:30AM-09:00PM, Wednesday, 09:30AM-09:00PM, Thursday, 09:30AM-09:00PM, Friday, 09:30AM-09:00PM, Saturday, 09:30AM-07:00PM, Sunday, 11:00AM-05:00PM",,,
Riocan Marketplace Sport Chek,264,"Unit #2, 125 Riocan Avenue",,Nepean,ON,K2J 5G5,Canada,613-825-7873,45.270772,-75.742611,"Monday, 09:30AM-09:00PM, Tuesday, 09:30AM-09:00PM, Wednesday, 09:30AM-09:00PM, Thursday, 09:30AM-09:00PM, Friday, 09:30AM-09:00PM, Saturday, 09:30AM-09:00PM, Sunday, 10:00AM-05:00PM",,,
Kanata Centrum Sport Chek,266,"Unit # Q1, 785 Kanata Avenue",,Kanata,ON,K2T 1H8,Canada,613-271-1513,45.3107,-75.909036,"Monday, 09:00AM-09:00PM, Tuesday, 09:00AM-09:00PM, Wednesday, 09:00AM-09:00PM, Thursday, 09:00AM-09:00PM, Friday, 09:00AM-09:00PM, Saturday, 09:00AM-09:00PM, Sunday, 10:00AM-05:00PM",,,
Brookdale Square Sport Chek,237,"Unit 2, 501 Tollgate Road West",,Cornwall,ON,K6H 5R6,Canada,613-938-0017,45.041041,-74.761426,"Monday, 09:30AM-09:00PM, Tuesday, 09:30AM-09:00PM, Wednesday, 09:30AM-09:00PM, Thursday, 09:30AM-09:00PM, Friday, 09:30AM-09:00PM, Saturday, 09:30AM-09:00PM, Sunday, 10:00AM-05:00PM",,,
Brockville Sport Chek,5167,220 Crocker Cres.,,Brockville,ON,K6V 0A4,Canada,613-342-2275,44.612563,-75.689625,"Monday, 09:00AM-09:00PM, Tuesday, 09:00AM-09:00PM, Wednesday, 09:00AM-09:00PM, Thursday, 09:00AM-09:00PM, Friday, 09:00AM-09:00PM, Saturday, 09:00AM-06:00PM, Sunday, 10:00AM-05:00PM",,,
Lansdowne Place Sport Chek,298,"L019A, 645 Lansdowne St. West",,Peterborough,ON,K9J 7Y5,Canada,705-742-8951,44.285,-78.332,"Monday, 09:30AM-09:00PM, Tuesday, 09:30AM-09:00PM, Wednesday, 09:30AM-09:00PM, Thursday, 09:30AM-09:00PM, Friday, 09:30AM-09:00PM, Saturday, 09:30AM-06:00PM, Sunday, 11:00AM-05:00PM",,,
Northumberland Sport Chek,254,"Unit #M7, 1111 Elgin Street West",,Cobourg,ON,K9A 5H7,Canada,905-372-4199,43.970244,-78.199747,"Monday, 09:30AM-09:00PM, Tuesday, 09:30AM-09:00PM, Wednesday, 09:30AM-09:00PM, Thursday, 09:30AM-09:00PM, Friday, 09:30AM-09:00PM, Saturday, 09:30AM-06:00PM, Sunday, 11:00AM-05:00PM",,,
Lindsay Square Sport Chek,227,Unit 37 401 Kent Street West,,Lindsay,ON,K9V 4Z1,Canada,705-324-6176,44.347806,-78.759538,"Monday, 09:30AM-09:00PM, Tuesday, 09:30AM-09:00PM, Wednesday, 09:30AM-09:00PM, Thursday, 09:30AM-09:00PM, Friday, 09:30AM-09:00PM, Saturday, 09:00AM-06:00PM, Sunday, 11:00AM-04:00PM",,,
Cataraqui Town Centre Sport Chek,322,"Unit Y-006, 945 Gardiners Road",,Kingston,ON,K7M 7H4,Canada,613-634-0798,44.256304,-76.571887,"Monday, 09:30AM-09:00PM, Tuesday, 09:30AM-09:00PM, Wednesday, 09:30AM-09:00PM, Thursday, 09:30AM-09:00PM, Friday, 09:30AM-09:00PM, Saturday, 09:30AM-06:00PM, Sunday, 11:00AM-05:00PM",,,
Quinte Mall Sport Chek,349,"Unit 200, 390 North Front Street",,Belleville,ON,K8P 3E1,Canada,613-962-5611,44.188339,-77.402405,"Monday, 09:30AM-09:00PM, Tuesday, 09:30AM-09:00PM, Wednesday, 09:30AM-09:00PM, Thursday, 09:30AM-09:00PM, Friday, 09:30AM-09:00PM, Saturday, 09:30AM-06:00PM, Sunday, 11:00AM-05:00PM",,,
Pembroke Sport Chek,323,Unit C 15 Robinson Lane,,Pembroke,ON,K8A 0A5,Canada,613-735-3016,45.823,-77.084,"Monday, 09:30AM-09:00PM, Tuesday, 09:30AM-09:00PM, Wednesday, 09:30AM-09:00PM, Thursday, 09:30AM-09:00PM, Friday, 09:30AM-09:00PM, Saturday, 09:30AM-06:00PM, Sunday, 10:00AM-05:00PM",,,
Oshawa North Sport Chek,5129,1417 Harmony Road North,,Oshawa,ON,L1H 7K5,Canada,905-720-0596,43.941926,-78.848117,"Monday, 09:30AM-09:00PM, Tuesday, 09:30AM-09:00PM, Wednesday, 09:30AM-09:00PM, Thursday, 09:30AM-09:00PM, Friday, 09:30AM-09:00PM, Saturday, 09:30AM-06:00PM, Sunday, 11:00AM-06:00PM",,,
Oshawa Sport Chek,362,"Unit 1150, 419 King Street West",,Oshawa,ON,L1J 2K5,Canada,905-433-2012,43.888438,-78.87859,"Monday, 09:30AM-09:00PM, Tuesday, 09:30AM-09:00PM, Wednesday, 09:30AM-09:00PM, Thursday, 09:30AM-09:00PM, Friday, 09:30AM-09:00PM, Saturday, 09:30AM-09:00PM, Sunday, 11:00AM-06:00PM",,,
Bowmanville Sport Chek,5122,2401 Highway 2,,Bowmanville,ON,L1C 4V4,Canada,905-697-2237,43.909576,-78.707398,"Monday, 09:30AM-09:00PM, Tuesday, 09:30AM-09:00PM, Wednesday, 09:30AM-09:00PM, Thursday, 09:30AM-09:00PM, Friday, 09:30AM-09:00PM, Saturday, 09:30AM-06:00PM, Sunday, 11:00AM-05:00PM",,,
Westridge Place Sport Chek,275,Unit #1 3275 Monarch Drive,,Orillia,ON,L3V 7Z4,Canada,705-326-4411,44.608366,-79.450636,"Monday, 10:00AM-09:00PM, Tuesday, 10:00AM-09:00PM, Wednesday, 10:00AM-09:00PM, Thursday, 10:00AM-09:00PM, Friday, 10:00AM-09:00PM, Saturday, 09:30AM-06:00PM, Sunday, 11:00AM-05:00PM",,,
Georgian Mall Sport Chek,419,"HWY 26 & 27, 509 Bayfield Street",,Barrie,ON,L4M 4Z8,Canada,705-722-1060,44.413152,-79.708019,"Monday, 09:30AM-09:00PM, Tuesday, 09:30AM-09:00PM, Wednesday, 09:30AM-09:00PM, Thursday, 09:30AM-09:00PM, Friday, 09:30AM-09:00PM, Saturday, 09:30AM-06:00PM, Sunday, 11:00AM-05:00PM",,,
Park Place Shopping Centre,5148,"Unit 4, 80 Concert Way",,Barrie,ON,L4N 6N5,Canada,705-739-0437,44.339327,-79.686501,"Monday, 09:30AM-09:00PM, Tuesday, 09:30AM-09:00PM, Wednesday, 09:30AM-09:00PM, Thursday, 09:30AM-09:00PM, Friday, 09:30AM-09:00PM, Saturday, 09:30AM-07:00PM, Sunday, 10:00AM-06:00PM",,,
Orangeville Mall Sport Chek,5135,"Unit 142, 150 First Street",,Orangeville,ON,L9W 3T7,Canada,519-942-9257,43.931312,-80.10282,"Monday, 09:30AM-09:00PM, Tuesday, 09:30AM-09:00PM, Wednesday, 09:30AM-09:00PM, Thursday, 09:30AM-09:00PM, Friday, 09:30AM-09:00PM, Saturday, 09:30AM-06:00PM, Sunday, 12:00PM-05:00PM",,,
Stone Road Mall Sport Chek,259,"Unit R1, 435 Stone Road West",,Guelph,ON,N1G 2X6,Canada,519-824-4352,43.518114,-80.239602,"Monday, 10:00AM-09:00PM, Tuesday, 10:00AM-09:00PM, Wednesday, 10:00AM-09:00PM, Thursday, 10:00AM-09:00PM, Friday, 10:00AM-09:00PM, Saturday, 09:30AM-07:00PM, Sunday, 11:00AM-05:00PM",,,
Waterdown Sport Chek,5155,"Unit 2, 17 Clappison Avenue",,Waterdown,ON,L8B 0Y2,Canada,905-690-6817,43.317241,-79.916546,"Monday, 09:30AM-09:00PM, Tuesday, 09:30AM-09:00PM, Wednesday, 09:30AM-09:00PM, Thursday, 09:30AM-09:00PM, Friday, 09:30AM-09:00PM, Saturday, 09:00AM-06:00PM, Sunday, 10:00AM-05:00PM",,,
Collingwood Centre Sport Chek,231,"Unit C4, 55 Mountain Road",,Collingwood,ON,L9Y 4M2,Canada,705-445-2435,44.503545,-80.237687,"Monday, 09:30AM-09:00PM, Tuesday, 09:30AM-09:00PM, Wednesday, 09:30AM-09:00PM, Thursday, 09:30AM-09:00PM, Friday, 09:30AM-09:00PM, Saturday, 09:30AM-06:00PM, Sunday, 11:00AM-05:00PM",,,
Mountainview Mall Sport Chek,223,"Unit 129, 9226 Highway 93",,Midland,ON,L4R 4K4,Canada,705-527-4234,44.737018,-79.911128,"Monday, 09:30AM-09:00PM, Tuesday, 09:30AM-09:00PM, Wednesday, 09:30AM-09:00PM, Thursday, 09:30AM-09:00PM, Friday, 09:30AM-09:00PM, Saturday, 09:30AM-06:00PM, Sunday, 10:00AM-05:00PM",,,
Alliston Mills Shopping Centre Sport Chek,5145,"Unit ZB, 130 Young Street",,Alliston,ON,L9R 1P8,Canada,705-434-0041,44.149218,-79.886062,"Monday, 10:00AM-09:00PM, Tuesday, 10:00AM-09:00PM, Wednesday, 10:00AM-09:00PM, Thursday, 10:00AM-09:00PM, Friday, 10:00AM-09:00PM, Saturday, 10:00AM-06:00PM, Sunday, 11:00AM-05:00PM",,,
Limeridge Mall Sport Chek,299,"Unit 0515, 999 Upper Wentworth St.",,Hamilton,ON,L9A 4X5,Canada,905-383-5012,43.217,-79.862,"Monday, 10:00AM-09:00PM, Tuesday, 10:00AM-09:00PM, Wednesday, 10:00AM-09:00PM, Thursday, 10:00AM-09:00PM, Friday, 10:00AM-09:00PM, Saturday, 09:30AM-07:00PM, Sunday, 11:00AM-06:00PM",,,
Meadowlands Power Centre Sport Chek,389,"Unit 2, 14 Martindale Crescent",,Ancaster,ON,L9K 1J9,Canada,905-304-9234,43.229672,-79.93982,"Monday, 10:00AM-09:00PM, Tuesday, 10:00AM-09:00PM, Wednesday, 10:00AM-09:00PM, Thursday, 10:00AM-09:00PM, Friday, 10:00AM-09:00PM, Saturday, 09:30AM-06:00PM, Sunday, 11:00AM-05:00PM",,,
Eastgate Square Sport Chek,5121,"Unit N1, 75 Centennial Pkwy N",,Hamilton,ON,L8E 2P2,Canada,905-560-9371,43.230831,-79.764903,"Monday, 09:30AM-09:00PM, Tuesday, 09:30AM-09:00PM, Wednesday, 09:30AM-09:00PM, Thursday, 09:30AM-09:00PM, Friday, 09:30AM-09:00PM, Saturday, 09:30AM-06:00PM, Sunday, 11:00AM-05:00PM",,,
Simcoe Mall Sport Chek,5131,"Unit 2, 140 Queensway East",,Simcoe,ON,N3Y 4Y7,Canada,519-426-0409,42.848196,-80.291466,"Monday, 09:30AM-09:00PM, Tuesday, 09:30AM-09:00PM, Wednesday, 09:30AM-09:00PM, Thursday, 09:30AM-09:00PM, Friday, 09:30AM-09:00PM, Saturday, 09:30AM-06:00PM, Sunday, 11:00AM-05:00PM",,,
Lynden Park Sport Chek,391,"Suite #C20, 84 Lynden Road",,Brantford,ON,N3R 6B8,Canada,519-750-0101,43.171664,-80.24023,"Monday, 09:30AM-09:00PM, Tuesday, 09:30AM-09:00PM, Wednesday, 09:30AM-09:00PM, Thursday, 09:30AM-09:00PM, Friday, 09:30AM-09:00PM, Saturday, 09:30AM-06:00PM, Sunday, 11:00AM-05:00PM",,,
Cambridge Centre Sport Chek,273,Unit #330 355 Hespeler Road,,Cambridge,ON,N1R 6B3,Canada,519-740-8574,43.39358,-80.31862,"Monday, 09:30AM-09:00PM, Tuesday, 09:30AM-09:00PM, Wednesday, 09:30AM-09:00PM, Thursday, 09:30AM-09:00PM, Friday, 09:30AM-09:00PM, Saturday, 09:30AM-09:00PM, Sunday, 11:00AM-05:00PM",,,
Welland Sport Chek,5112,"Unit R1-11, 800 Niagara St North",,Welland,ON,L3C 5Z4,Canada,905-732-9715,43.015576,-79.248067,"Monday, 10:00AM-09:00PM, Tuesday, 10:00AM-09:00PM, Wednesday, 10:00AM-09:00PM, Thursday, 10:00AM-09:00PM, Friday, 10:00AM-09:00PM, Saturday, 09:30AM-05:30PM, Sunday, 11:00AM-05:00PM",,,
Pen Centre Sport Chek,292,Unit 119 221 Glendale Avenue,,St. Catharines,ON,L2T 2K9,Canada,905-687-4808,43.137709,-79.225843,"Monday, 10:00AM-09:00PM, Tuesday, 10:00AM-09:00PM, Wednesday, 10:00AM-09:00PM, Thursday, 10:00AM-09:00PM, Friday, 10:00AM-09:00PM, Saturday, 09:00AM-06:00PM, Sunday, 11:00AM-06:00PM",,,
Niagara Square Sport Chek,319,Unit A-30 7555 Montrose Road,,Niagara Falls,ON,L2H 2E9,Canada,905-354-6239,43.066704,-79.126507,"Monday, 10:00AM-09:00PM, Tuesday, 10:00AM-09:00PM, Wednesday, 10:00AM-09:00PM, Thursday, 10:00AM-09:00PM, Friday, 10:00AM-09:00PM, Saturday, 09:30AM-05:30PM, Sunday, 11:00AM-05:00PM",,,
St.Catharines Sport Chek,271,UNIT #D6 285 Geneva street,,St. Catharines,ON,L2N 2G1,Canada,905-937-4187,43.177546,-79.244428,"Monday, 10:00AM-09:00PM, Tuesday, 10:00AM-09:00PM, Wednesday, 10:00AM-09:00PM, Thursday, 10:00AM-09:00PM, Friday, 10:00AM-09:00PM, Saturday, 09:30AM-05:30PM, Sunday, 11:00AM-05:00PM",,,
Upper Canada Mall Sport Chek,255,"Unit HH4, 17600 Yonge Street",,Newmarket,ON,L3Y 4Z1,Canada,905-952-0160,44.056,-79.485,"Monday, 10:00AM-09:00PM, Tuesday, 10:00AM-09:00PM, Wednesday, 10:00AM-09:00PM, Thursday, 10:00AM-09:00PM, Friday, 10:00AM-09:00PM, Saturday, 09:00AM-06:00PM, Sunday, 11:00AM-06:00PM",,,
Fairway Best Mall Sport Chek,377,Unit #D2 655 Fairway Road,,Kitchener,ON,N2C 1X4,Canada,519-896-2310,43.418687,-80.449764,"Monday, 09:30AM-09:00PM, Tuesday, 09:30AM-09:00PM, Wednesday, 09:30AM-09:00PM, Thursday, 09:30AM-09:00PM, Friday, 09:30AM-09:00PM, Saturday, 09:30AM-06:00PM, Sunday, 11:00AM-05:00PM",,,
Boardwalk Sport Chek,221,Unit #3 225 The Boardwalk,,Kitchener,ON,N2N 0B1,Canada,519-744-4505,43.434799,-80.562381,"Monday, 09:30AM-09:00PM, Tuesday, 09:30AM-09:00PM, Wednesday, 09:30AM-09:00PM, Thursday, 09:30AM-09:00PM, Friday, 09:30AM-09:00PM, Saturday, 09:30AM-06:00PM, Sunday, 11:00AM-05:00PM",,,
Conestoga Mall Sport Chek,356,550 King Street North,,Waterloo,ON,N2L 5W6,Canada,519-886-6336,43.497943,-80.525478,"Monday, 09:30AM-09:00PM, Tuesday, 09:30AM-09:00PM, Wednesday, 09:30AM-09:00PM, Thursday, 09:30AM-09:00PM, Friday, 09:30AM-09:00PM, Saturday, 09:30AM-06:00PM, Sunday, 11:00AM-05:00PM",,,
Norwich Centre Sport Chek,213,399 Norwich Avenue,,Woodstock,ON,N4S 3W4,Canada,519-537-8965,43.119,-80.738,"Monday, 09:30AM-09:00PM, Tuesday, 09:30AM-09:00PM, Wednesday, 09:30AM-09:00PM, Thursday, 09:30AM-09:00PM, Friday, 09:30AM-09:00PM, Saturday, 09:30AM-06:00PM, Sunday, 10:00AM-05:00PM",,,
Festival Marketplace Sport Chek,382,"Unit #S2, 1067 Ontario Street",,Stratford,ON,N5A 6W6,Canada,519-273-4838,43.36922,-80.944946,"Monday, 09:30AM-09:00PM, Tuesday, 09:30AM-09:00PM, Wednesday, 09:30AM-09:00PM, Thursday, 09:30AM-09:00PM, Friday, 09:30AM-09:00PM, Saturday, 09:30AM-05:30PM, Sunday, 12:00PM-05:00PM",,,
Argyle Mall Sport Chek,293,Unit #14 1925 Dundas Street East,,London,ON,N5V 1P7,Canada,519-457-4848,43.004,-81.173,"Monday, 10:00AM-09:00PM, Tuesday, 10:00AM-09:00PM, Wednesday, 10:00AM-09:00PM, Thursday, 10:00AM-09:00PM, Friday, 10:00AM-09:00PM, Saturday, 09:30AM-06:00PM, Sunday, 11:00AM-05:00PM",,,
London Hyde Park Sport Chek,242,Unit 101 1250 Fanshawe Park Road W.,,London,ON,N6G 5B1,Canada,519-641-8153,43.011,-81.334,"Monday, 09:30AM-09:00PM, Tuesday, 09:30AM-09:00PM, Wednesday, 09:30AM-09:00PM, Thursday, 09:30AM-09:00PM, Friday, 09:30AM-09:00PM, Saturday, 09:00AM-06:00PM, Sunday, 11:00AM-05:00PM",,,
Westwood Power Centre Sport Chek,5134,3165 Wonderland Road South,,London,ON,N6L 1R4,Canada,519-668-1776,42.933489,-81.282796,"Monday, 09:30AM-09:00PM, Tuesday, 09:30AM-09:00PM, Wednesday, 09:30AM-09:00PM, Thursday, 09:30AM-09:00PM, Friday, 09:30AM-09:00PM, Saturday, 09:00AM-06:00PM, Sunday, 10:00AM-05:00PM",,,
Masonville Place Sport Chek,357,"Unit Y008, 1680 Richmond St North",,London,ON,N6G 3Y9,Canada,519-645-0350,43.026057,-81.279768,"Monday, 09:30AM-09:00PM, Tuesday, 09:30AM-09:00PM, Wednesday, 09:30AM-09:00PM, Thursday, 09:30AM-09:00PM, Friday, 09:30AM-09:00PM, Saturday, 09:00AM-09:00PM, Sunday, 11:00AM-05:00PM",,,
White Oaks Mall Sport Chek,291,Unit #93 1105 Wellington Road,,London,ON,N6E 1V4,Canada,519-649-6736,42.931334,-81.224666,"Monday, 09:30AM-09:00PM, Tuesday, 09:30AM-09:00PM, Wednesday, 09:30AM-09:00PM, Thursday, 09:30AM-09:00PM, Friday, 09:30AM-09:00PM, Saturday, 09:30AM-09:00PM, Sunday, 11:00AM-05:00PM",,,
Lambton Mall Sport Chek,279,"Unit 170, 1380 London Road",,Sarnia,ON,N7S 1P8,Canada,519-344-8140,42.983312,-82.353663,"Monday, 09:30AM-09:00PM, Tuesday, 09:30AM-09:00PM, Wednesday, 09:30AM-09:00PM, Thursday, 09:30AM-09:00PM, Friday, 09:30AM-09:00PM, Saturday, 09:30AM-09:00PM, Sunday, 11:00AM-05:00PM",,,
Devonshire Mall Sport Chek,394,3100 Howard Avenue,,Windsor,ON,N8X 3Y8,Canada,519-972-8379,42.275955,-83.002194,"Monday, 09:30AM-09:00PM, Tuesday, 09:30AM-09:00PM, Wednesday, 09:30AM-09:00PM, Thursday, 09:30AM-09:00PM, Friday, 09:30AM-09:00PM, Saturday, 09:30AM-06:00PM, Sunday, 11:00AM-05:00PM",,,
Dartmouth Crossing Sport Chek,258,"Unit 10-2, 25 Lemlair Row",,Darthmouth,NS,B3B 0C6,Canada,902-468-6506,44.699,-63.567,"Monday, 09:30AM-09:00PM, Tuesday, 09:30AM-09:00PM, Wednesday, 09:30AM-09:00PM, Thursday, 09:30AM-09:00PM, Friday, 09:30AM-09:00PM, Saturday, 09:30AM-09:00PM, Sunday, 12:00PM-05:00PM",,,
Halifax Shopping Centre Sport Chek,274,Unit #1 7001 Mumford Road,,Halifax,NS,B3L 4L9,Canada,902-455-2528,44.649259,-63.618554,"Monday, 09:30AM-09:00PM, Tuesday, 09:30AM-09:00PM, Wednesday, 09:30AM-09:00PM, Thursday, 09:30AM-09:00PM, Friday, 09:30AM-09:00PM, Saturday, 09:30AM-09:00PM, Sunday, 12:00PM-05:00PM",,,
Bayers Lake Sport Chek,370,"Unit F, 215 Chain Lake Drive",,Halifax,NS,B3S 1C9,Canada,902-450-1014,44.6533331,-63.678824,"Monday, 09:00AM-09:00PM, Tuesday, 09:00AM-09:00PM, Wednesday, 09:00AM-09:00PM, Thursday, 09:00AM-09:00PM, Friday, 09:00AM-09:00PM, Saturday, 09:00AM-09:00PM, Sunday, 11:00AM-05:00PM",,,
Huntsville Place Mall Sport Chek,228,"Unit B-02, 70 King William Street",,Huntsville,ON,P1H 1A5,Canada,705-788-1698,45.335247,-79.206802,"Monday, 09:30AM-09:00PM, Tuesday, 09:30AM-09:00PM, Wednesday, 09:30AM-09:00PM, Thursday, 09:30AM-09:00PM, Friday, 09:30AM-09:00PM, Saturday, 09:30AM-06:00PM, Sunday, 11:00AM-06:00PM",,,
New North Bay Mall Sport Chek,296,Unit #7 850 McKeowon Avenue,,North Bay,ON,P1B 8M1,Canada,705-840-5007,46.331489,-79.473482,"Monday, 09:30AM-09:00PM, Tuesday, 09:30AM-09:00PM, Wednesday, 09:30AM-09:00PM, Thursday, 09:30AM-09:00PM, Friday, 09:30AM-09:00PM, Saturday, 09:30AM-06:00PM, Sunday, 11:00AM-05:00PM",,,
New Sudbury Centre Sport Chek,353,1349 LaSalle Boulevard,,Sudbury,ON,P3A 1Z2,Canada,705-525-8181,46.518927,-80.946617,"Monday, 09:30AM-09:00PM, Tuesday, 09:30AM-09:00PM, Wednesday, 09:30AM-09:00PM, Thursday, 09:30AM-09:00PM, Friday, 09:30AM-09:00PM, Saturday, 09:30AM-06:00PM, Sunday, 11:00AM-05:00PM",,,
Southridge Mall Sport Chek,268,Unit #51  1933 Regent Street,,Sudbury,ON,P3E 5R2,Canada,705-522-3389,46.449941,-81.001791,"Monday, 09:30AM-09:00PM, Tuesday, 09:30AM-09:00PM, Wednesday, 09:30AM-09:00PM, Thursday, 09:30AM-09:00PM, Friday, 09:30AM-09:00PM, Saturday, 09:30AM-05:30PM, Sunday, 12:00PM-05:00PM",,,
Timmins Square Sport Chek,262,"Unit #A4, 1500 Riverside Drive",,Timmins,ON,P4R 1A1,Canada,705-267-6611,48.473,-81.382,"Monday, 09:30AM-09:00PM, Tuesday, 09:30AM-09:00PM, Wednesday, 09:30AM-09:00PM, Thursday, 09:30AM-09:00PM, Friday, 09:30AM-09:00PM, Saturday, 09:00AM-06:00PM, Sunday, 12:00PM-05:00PM",,,
Mayflower Mall Sport Chek,256,"Unit# E57, 800 Grand Lake Road",,Sydney,NS,B1P 6S9,Canada,902-539-8597,46.146,-60.138,"Monday, 10:00AM-09:00PM, Tuesday, 10:00AM-09:00PM, Wednesday, 10:00AM-09:00PM, Thursday, 10:00AM-09:00PM, Friday, 10:00AM-09:00PM, Saturday, 10:00AM-09:00PM, Sunday, 12:00PM-05:00PM",,,
Yorkton Sport Chek,5143,"Unit 7, 205 Hamilton Road",,Yorkton,SK,S3N 4B9,Canada,306-782-3746,51.206464,-102.449588,"Monday, 09:30AM-09:00PM, Tuesday, 09:30AM-09:00PM, Wednesday, 09:30AM-09:00PM, Thursday, 09:30AM-09:00PM, Friday, 09:30AM-09:00PM, Saturday, 09:30AM-06:00PM, Sunday, 11:00AM-05:00PM",,,
Victoria Square Sport Chek,341,2223 Victoria Avenue East,,Regina,SK,S4N 6E4,Canada,306-565-8585,50.447,-104.554,"Monday, 09:30AM-09:00PM, Tuesday, 09:30AM-09:00PM, Wednesday, 09:30AM-09:00PM, Thursday, 09:30AM-09:00PM, Friday, 09:30AM-09:00PM, Saturday, 09:00AM-06:00PM, Sunday, 11:00AM-05:00PM",,,
Southland Mall Sport Chek,329,"Unit 1Y2-A, 2715 Gordon Road",,Regina,SK,S4S 6H8,Canada,306-522-2200,50.402815,-104.622636,"Monday, 09:30AM-09:00PM, Tuesday, 09:30AM-09:00PM, Wednesday, 09:30AM-09:00PM, Thursday, 09:30AM-09:00PM, Friday, 09:30AM-09:00PM, Saturday, 09:30AM-06:00PM, Sunday, 11:00AM-06:00PM",,,
Town and Country Mall Sport Chek,304,Unit #13 1235 Main Street North,,Moose Jaw,SK,S6H 6M4,Canada,306-694-7777,50.403888,-105.529271,"Monday, 09:30AM-06:00PM, Tuesday, 09:30AM-06:00PM, Wednesday, 09:30AM-09:00PM, Thursday, 09:30AM-09:00PM, Friday, 09:30AM-09:00PM, Saturday, 09:30AM-06:00PM, Sunday, 12:00PM-05:00PM",,,
Confederation Centre Sport Chek,5127,301 Confederation Drive,,Saskatoon,SK,S7L 5C3,Canada,306-931-8833,52.130617,-106.725056,"Monday, 09:30AM-09:00PM, Tuesday, 09:30AM-09:00PM, Wednesday, 09:30AM-09:00PM, Thursday, 09:30AM-09:00PM, Friday, 09:30AM-09:00PM, Saturday, 09:30AM-06:00PM, Sunday, 11:00AM-05:30PM",,,
Midtown Plaza Sport Chek,342,"Unit #T215C, 201-1 Avenue South",,Saskatoon,SK,S7K 1J9,Canada,306-955-7733,52.127977,-106.667337,"Monday, 09:30AM-07:00PM, Tuesday, 09:30AM-07:00PM, Wednesday, 09:30AM-09:00PM, Thursday, 09:30AM-09:00PM, Friday, 09:30AM-09:00PM, Saturday, 09:30AM-07:00PM, Sunday, 11:00AM-06:00PM",,,
Centre Circle & 8th Sport Chek,338,3510-8th Street East,,Saskatoon,SK,S7H 5M3,Canada,306-651-3960,52.113101,-106.600438,"Monday, 09:30AM-09:00PM, Tuesday, 09:30AM-09:00PM, Wednesday, 09:00AM-09:00PM, Thursday, 09:00AM-09:00PM, Friday, 09:00AM-09:00PM, Saturday, 09:00AM-06:00PM, Sunday, 11:00AM-05:00PM",,,
