store_name,store_number,address,address2,city,state,zip_code,country,phone_number,latitude,longitude,store_hours,store_type,other_fields,coming_soon
Bridge Street,42527,330 Bridge Street,Suite 104,Huntsville,AL,35806,United States,(256) 327-8375,34.7667,-86.60234,,,,
Summit Mall,40030,209 Summit Blvd,Suite 400,Birmingham,AL,35243,United States,(205) 969-1492,33.44828,-86.73009,,,,
Outlets of Little Rock,43379,11201 Bass Pro Parkway,Space M113,Little Rock,AR,72210,United States,,34.660951,-92.407948,,,,
La Encantada,40015,2905 East Skyline Drive,Suite 229,Tucson,AZ,85718,United States,(520) 232-0133,32.32536,-110.93001,,,,
Chandler,40649,3111 West Chandler Blvd.,Suite 1008,Chandler,AZ,85226,United States,(480) 722-0761,33.30172,-111.89872,,,,
Scottsdale Fashion Square,40658,7014 East Camelback Road,Suite 1068,Scottsdale,AZ,85251,United States,(480) 425-0562,33.50228,-111.92951,,,,
Tanger Westgate,43363,6800 N. 95th Avenue,Suite 720,Glendale,AZ,85305,United States,(623) 877-8910,33.55647,-112.26376,,,,
Phoenix Premium Outlets,43370,4976 Premium Outlets Way,Space 510,Chandler,AZ,85226,United States,(480) 639-1881,33.28189,-111.97361,,,,
Kierland Commons,40615,15044 N. Scottsdale Rd.,Suite 120,Scottsdale,AZ,85254,United States,(480) 348-1208,33.62347,-111.92574,,,,
Tucson Premium,43403,6401 West Marana Center,Space 836,Tucson,AZ,85742,United States,(520) 918-5508,32.379092,-111.103374,,,,
Park Meadows,42565,8405 Park Meadows Center Dr.,Space 1087,Lone Tree,CO,80124,United States,(303) 790-1228,39.56334,-104.87273,,,,
29th Street Mall,42640,1750 29th Street,Suite 1046,Boulder,CO,80301,United States,(303) 449-5002,40.01708,-105.25574,,,,
Castle Rock,43315,5050 Factory Shops Blvd,Space 455,Castle Rock,CO,80108,United States,(720) 733-0242,39.41364,-104.87281,,,,
Silverthorne,43317,227-R Blue River Pkwy,,Silverthorne,CO,80498,United States,(970) 262-5997,39.63155,-106.07143,,,,
Cherry Creek Mall,40627,3000 E. First Avenue,Space 259,Denver,CO,80206,United States,(303) 320-9771,39.71804,-104.95326,,,,
Colorado Mills,43381,14500 W. Colfax Avenue,Space 224,Lakewood,CO,80401,United States,(303) 215-9977,39.73159,-105.15851,,,,
Metrotown,46794,367-4800 Kingaway,Space: F26,Burnaby,BC,V5H4J2,Canada,(778) 327-5757,49.22581,-122.99716,,,,
South Granville,46797,2723 Granville Street,,Vancouver,BC,V6H 3J1,Canada,(778) 329-4597,49.2615,-123.1386,,,,
Tsawwassen Mills,46801,5000 Canoe Pass Way,,Tsawwassen First Nation,BC,V4M 0B3,Canada,(604) 948-3420,49.037176,-123.088189,,,,
Danbury Fair,42627,7 Backus Avenue,Space F102,Danbury,CT,06810,United States,(203) 796-0802,41.38162,-73.47609,,,,
Westport,40661,49 Main Street,,Westport,CT,06880,United States,(203) 222-8364,41.14198,-73.36159,,,,
Clinton Crossing Premium Outle,43372,20-A Killingworth Turnpike,Space 2040,Clinton,CT,06413,United States,(860) 664-9505,41.29307,-72.53125,,,,
Westfarms Mall,42647,1500 New Britain Avenue,Space C-225,West Hartford,CT,06110,United States,(860) 521-1131,41.72309,-72.76176,,,,
Foxwoods,43401,455 Trolley Line Blvd,Space 610,Mashantucket,CT,06338,United States,(860) 934-5168,41.469439,-71.949022,,,,
Rehoboth,43318,35016 Midway Outlet Dr,Suite 326,Rehoboth Beach,DE,19971,United States,(302) 645-0991,38.73444,-75.13876,,,,
Christiana Mall,40017,145 Christiana Mall,Space 1290,Newark,DE,19702,United States,(302) 455-1947,39.67798,-75.6524,,,,
Desert Hills Premium Outlet,40674,48400 Seminole Road,Suite 325,Cabazon,CA,92230,United States,(951) 922-2600,33.93258,-116.81935,,,,
Fashion Valley,40678,7007 Friars Road,Suite 567,San Diego,CA,92108,United States,(619) 220-8526,32.76793,-117.16601,,,,
Broadway Plaza,40688,81 Broadway Lane,Suite 1058,Walnut Creek,CA,94596,United States,(925) 988-0294,37.89758,-122.05894,,,,
Gilroy Premium Outlets,43333,8325 Arroyo Circle,Suite A030,Gilroy,CA,95020,United States,(408) 846-6740,37.02219,-121.56235,,,,
Napa Premium Outlets,43337,605 Factory Stores Dr.,Suite 605,Napa,CA,94558,United States,(707) 226-3858,38.29566,-122.30445,,,,
Citadel,43348,100 Citadel Drive,Suite 656,Commerce,CA,90040,United States,(323) 837-0750,34.00475,-118.15298,,,,
Del Amo Mall,42515,3525 Carson Street,Space 155,Torrance,CA,90503,United States,(310) 542-1632,33.83122,-118.34781,,,,
North County,42519,200 E. Via Rancho Parkway,Space 323,Escondido,CA,92025,United States,(760) 746-1546,33.06867,-117.06681,,,,
Topanga Plaza,42523,6600 Topanga Canyon Blvd,Space 2040,Canoga Park,CA,91303,United States,(818) 710-1407,34.19041,-118.60477,,,,
Victoria Gardens,42526,7826 Monet Avenue,Space 3005,Rancho Cucamonga,CA,91739,United States,(909) 463-4006,34.11164,-117.53441,,,,
Fashion Square,42530,14006 Riverside Drive,Space 39A,Sherman Oaks,CA,91423,United States,(818) 907-7336,34.15614,-118.4322,,,,
Stoneridge Mall,42549,1136 Stoneridge Mall Road,Space B118,Pleasanton,CA,94588,United States,(925) 227-1087,37.69358,-121.92571,,,,
Irvine Spectrum,42576,749 Spectrum Center Drive,Suite 231,Irvine,CA,92618,United States,(949) 753-1582,33.65057,-117.74631,,,,
Girard,42579,7844 Girard Avenue,,La Jolla,CA,92037,United States,(858) 551-0655,32.84582,-117.27462,,,,
Hillsdale,42580,131 Hillsdale Shopping Center,Space 1032,San Mateo,CA,94403,United States,(650) 525-1389,37.53827,-122.3014,,,,
Del Monte Center,42589,238 Del Monte Center,Bldg 2 Suite 3B,Monterey,CA,93940,United States,(831) 372-4095,36.58625,-121.89912,,,,
Arden Fair,42594,1689 Arden Way,Suite 1090,Sacramento,CA,95815,United States,(916) 922-8908,38.59989,-121.42744,,,,
El Paseo Village,42613,73-425 El Paseo Blvd.,Suite 112,Palm Desert,CA,92260,United States,(760) 776-0868,33.83301,-116.52819,,,,
Roseville,42618,1151 Galleria Road,Space 1150,Roseville,CA,95678,United States,(916) 781-0883,38.77349,-121.26134,,,,
Abbot Kinney,42630,1310 Abbot Kinney,,Venice,CA,90291,United States,(310) 399-0238,33.9913,-118.46785,,,,
Pasadena,42635,112 West Colorado Blvd.,,Pasadena,CA,91105,United States,(626) 792-9879,34.14556,-118.1529,,,,
Camarillo Premium Outlets,43305,950 Camarillo Center Drive,Suite 996,Camarillo,CA,93010,United States,(805) 384-1381,34.21516,-119.06334,,,,
Carlsbad Company Stores,43310,5610 Paseo del Norte,Suite 114,Carlsbad,CA,92008,United States,(760) 602-8252,33.12559,-117.32253,,,,
The Oaks,40023,426 West Hillcrest Drive,Space #24,Thousand Oaks,CA,91360,United States,(805) 496-3561,34.18756,-118.88934,,,,
Fresno Fashion Fair,40361,639 E. Shaw Ave,Suite 171,Fresno,CA,93710,United States,(559) 227-9800,36.80837,-119.77579,,,,
San Diego,40605,621 5th Avenue,,San Diego,CA,92101,United States,(619) 230-9260,32.71194,-117.15985,,,,
Newport Beach,40610,221 Newport Center Dr.,,Newport Beach,CA,92660,United States,(949) 759-7800,33.61274,-117.87483,,,,
Mission Viejo,40611,418 Shops at Mission Viejo,,Mission Viejo,CA,92691,United States,(949) 347-6790,33.56163,-117.66934,,,,
San Francisco Centre,40612,845 Market Street,Suite 325,San Francisco,CA,94103,United States,(415) 281-9020,37.78395,-122.40716,,,,
Chestnut Street,40613,2301 Chestnut Street,,San Francisco,CA,94123,United States,(415) 749-3750,37.79989,-122.44147,,,,
Santa Barbara,40614,805 State Street,,Santa Barbara,CA,93101,United States,(805) 962-5539,34.41985,-119.69956,,,,
Belmont Shore,40624,5267 E. 2nd Street,,Long Beach,CA,90803,United States,(562) 439-8124,33.75966,-118.13333,,,,
Valley Fair,40636,2855 Stevens Creek Blvd.,Space 2433,Santa Clara,CA,95050,United States,(408) 261-9410,37.3251,-121.94251,,,,
Hollywood & Highland,40660,6801 Hollywood Blvd.,Space C2-261,Hollywood,CA,90028,United States,(323) 769-8363,34.10156,-118.33869,,,,
Glendale Galleria,40663,2204 Glendale Galleria,,Glendale,CA,91210,United States,(818) 291-0034,34.14469,-118.25973,,,,
UTC,40666,4545 La Jolla Village Drive,Space D-14,San Diego,CA,92122,United States,(858) 202-1892,32.87156,-117.21054,,,,
Stanford,40670,83 Stanford Shopping Center,Building D,Palo Alto,CA,94304,United States,(650) 322-2850,37.44267,-122.17017,,,,
Paragon Outlets at Livermore,43360,2794 Paragon Outlets Dr.,,Livermore Valley,CA,94551,United States,(925) 455-1451,37.75377,-121.78792,,,,
The Outlets at Orange,43367,20 City Boulevard,Space 504A,Orange,CA,92868,United States,(714) 938-0448,33.78308,-117.89356,,,,
Ontario Mills,43373,1 Mills Circle,Space 1018,Ontario,CA,91764,United States,(909) 476-2350,34.07638,-117.55531,,,,
Outlets of Tejon,43388,5701 Outlets at Tejon Ranch Pkwy,Space 922,Arvin,CA,93203,United States,(661) 858-2812,35.2018,-118.83311,,,,
Studio City,40625,12157 Ventura Blvd.,,Studio City,CA,91604,United States,(818) 980-9495,34.14339,-118.3972,,,,
Georgetown,40644,3271-73 M Street NW,,Washington,DC,20007,United States,(202) 333-6377,38.90528,-77.06498,,,,
Corte Madera,40626,1812 Redwood Hwy,,Corte Madera,CA,94925,United States,(415) 927-4102,37.93149,-122.51402,,,,
Beverly Drive,42631,420 N. Beverly Drive,,Beverly Hills,CA,90210,United States,(310) 724-5704,34.07062,-118.4021,,,,
Third Street Promenade,42632,1427 3rd Street Promenade,Space 101,Santa Monica,CA,90401,United States,(310) 587-3515,34.01504,-118.49526,,,,
The Point,42643,850 S. Sepulveda Blvd,Space C-114,El Segundo,CA,90245,United States,(310) 322-2409,33.90315,-118.39542,,,,
Phipps Plaza,40693,3500 Peachtree Road,Space 2020B,Atlanta,GA,30326,United States,(404) 842-0236,33.85383,-84.35912,,,,
North Point Mall,42508,1036 Northpoint Circle,,Alpharetta,GA,30022,United States,(770) 442-1730,34.02592,-84.29073,,,,
Perimeter,42574,4400 Ashford Dunwoody Road,Space 2580,Atlanta,GA,30346,United States,(678) 320-9855,33.92377,-84.33812,,,,
North Georgia Premium Outlets,43306,800 Highway 400 S.,Suite 897,Dawsonville,GA,30534,United States,(706) 216-2002,34.35903,-84.04352,,,,
Outlets of Atlanta,43365,915 Ridgewalk Parkway,Suite 550,Woodstock,GA,30188,United States,(770) 516-2938,34.11976,-84.51853,,,,
Locust Grove,43356,1000 Tanger Drive,Suite 720,Locust Grove,GA,30248,United States,(770) 914-5515,33.3479,-84.12207,,,,
Tanger Savannah,43397,200 Tanger Outlet Blvd,Space 289,Pooler,GA,31322,United States,(912) 450-9119,32.13251,-81.24973,,,,
Avalon,42659,7120 Avalon Blvd,Suite #7030,Alpharette,GA,30009,United States,,34.070799,-84.275152,,,,
Sawgrass - Sunrise Outlet,40677,12801 West Sunrise Blvd.,Space 1038,Sunrise,FL,33323,United States,(954) 851-1421,26.14465,-80.32276,,,,
Ft. Lauderdale Galleria,40686,2492 East Sunrise Blvd.,Space F-17,Ft. Lauderdale,FL,33304,United States,(954) 630-3006,26.13785,-80.11324,,,,
The Gardens,40695,3101 PGA Boulevard,Space P-211,Palm Beach Gardens,FL,33410,United States,(561) 622-7317,26.84504,-80.08301,,,,
Dadeland,40696,7535 N Kendall Dr,Space 1750B,Miami,FL,33156,United States,(305) 666-9543,25.68866,-80.3194,,,,
Miromar Outlets,43351,10801 Corkscrew Rd,Space 159,Estero,FL,33928,United States,(239) 495-2300,26.43595,-81.77584,,,,
City Place,42513,700 South Rosemary Avenue,Suite 126,West Palm Beach,FL,33401,United States,(561) 366-4596,26.70767,-80.05588,,,,
Orlando Premium Outlets,42514,8200 Vineland Ave,Space 805,Orlando,FL,32821,United States,(407) 239-7267,28.38745,-81.49275,,,,
Destin Commons,42562,4125 Legendary Drive,Space F-109,Destin,FL,32541,United States,(850) 654-2005,30.39318,-86.42475,,,,
Pembroke Gardens,42584,421 SW 145th Terrace,Space 35,Pembroke Pines,FL,33027,United States,(954) 437-5525,25.97348,-80.34022,,,,
The Falls,42587,8888 SW 136th St.,Space 420,Miami,FL,33176,United States,(786) 293-8686,25.64575,-80.33716,,,,
Ellenton Premium Outlets,43301,5625 Factory Shops Blvd,,Ellenton,FL,34222,United States,(941) 721-8103,27.53425,-82.50568,,,,
St Augustine Outlet,43314,500 Outlet Mall Blvd.,Suite 245 B,St. Augustine,FL,32084,United States,(904) 819-9909,29.92076,-81.41631,,,,
St. John's,40013,4712 River City Drive,Suite 111,Jacksonville,FL,32246,United States,(904) 642-3571,30.25704,-81.52537,,,,
Boca Raton,40629,6000 West Glades Road,Room 1210,Boca Raton,FL,33431,United States,(561) 361-6429,26.3686,-80.13719,,,,
International Plaza,40631,2223 N. Westshore Blvd.,Space 222,Tampa,FL,33607,United States,(813) 353-1102,27.96471,-82.52401,,,,
Winter Park,40656,323 Park Ave,,Winter Park,FL,32789,United States,(407) 628-1222,28.6001,-81.35106,,,,
Millenia Orlando,40671,4200 Conroy Road,Suite 168,Orlando,FL,32839,United States,(407) 345-9824,28.48481,-81.43197,,,,
Aventura,40603,19501 Biscayne Blvd,Suite 807,Miami,FL,33180,United States,(305) 792-9695,25.95698,-80.14679,,,,
Dolphin Mall,43362,11401 N.W. 12th Street,Suite 430,Miami,FL,33172,United States,(305) 717-3123,25.7867,-80.37761,,,,
The Mall at UTC - Sarasota,42645,140 University Town Center Dr,Space 266,Sarasota,FL,34243,United States,(941) 893-1180,27.38473,-82.45078,,,,
Tampa Premium,43391,2398 Grand Cypress Drive,Space 950,Lutz,FL,33559,United States,(813) 280-8739,28.178394,-82.435091,,,,
Disney Springs,42657,1520 E Buena Vista Drive,Bldg D,Lake Buena Vista,FL,32830,United States,,28.3713756,-81.5153912,,,,
Ala Moana,40682,1450 Ala Moana Blvd,Suite 3306,Honolulu,HI,96814,United States,(808) 951-1068,21.29114,-157.84389,,,,
Kalakaua,42557,2113 Kalakaua Avenue,Space 103/104,Waikiki,HI,96815,United States,(808) 922-2900,21.28179,-157.83072,,,,
The Outlets of Maui,43369,900 Front Street,H-2,Lahaina,HI,96761,United States,(808) 661-9756,20.87758,-156.68119,,,,
Oakbrook,40675,445 Oakbrook Center,,Oak Brook,IL,60523,United States,(630) 368-0151,41.85041,-87.95042,,,,
Deer Park,42588,20530 N Rand Rd.,Space 324,Deer Park,IL,60010,United States,(847) 550-1647,42.16175,-88.05207,,,,
Chicago Premium Outlets,43307,1650 Premium Outlets Blvd,Suite 1001,Aurora,IL,60502,United States,(630) 898-1358,41.79936,-88.27616,,,,
Woodfield Shopping Center,40623,5 Woodfield Mall,Suite 5 Space L-314,Schaumburg,IL,60173,United States,(847) 619-0209,42.04936,-88.04111,,,,
Fashion Outlets of Chicago,43357,5220 Fashion Outlets Way,Space 2160,Rosemont,IL,60018,United States,(847) 233-9802,41.97523,-87.86648,,,,
Old Orchard,42575,4999 Old Orchard Road,Suite M34,Skokie,IL,60077,United States,(847) 674-3103,42.05883,-87.74763,,,,
North Bridge,42646,520 North Michigan Ave,Suite 127,Chicago,IL,60611,United States,(312) 595-1757,41.89144,-87.62467,,,,
Fashion Mall at Keystone,42502,8701 Keystone Crossing Blvd.,Space 35C,Indianapolis,IN,46240,United States,(317) 706-8913,39.99711,-86.20148,,,,
Circle Centre,42537,49 West Maryland Street,Space F08,Indianapolis,IN,46204,United States,(317) 632-9523,39.76564,-86.15905,,,,
Oxmoor,42578,7900 Shelbyville Road,Space 2578,Louisville,KY,40222,United States,(502) 426-8886,38.24896,-85.60824,,,,
The Outlets of the Bluegrass,43384,1155 Buck Creek Road,Suite H810,Simpsonville,KY,40067,United States,(502) 722-8117,38.19562,-85.34405,,,,
Outlet Collection at Riverwalk,43386,500 Port of New Orleans Place,Space 110,New Orleans,LA,70130,United States,(504) 529-5135,29.94046,-90.06195,,,,
Kittery,43335,283 US Route 1,Suite 105,Kittery,ME,03904,United States,(207) 439-0551,43.12147,-70.71909,,,,
Polo Park,46772,1485 Portage Avenue,Unit  0226A,Winnipeg,MB,R3G 0W4,Canada,(204) 222-3961,49.88078,-97.19889,,,,
Outlet Collection at Winnipeg,46802,555 Sterling Lyon Pkw,Space 308,Winnipeg,MB,R3P 2T3,Canada,(204) 453-3146,49.845105,-97.213636,,,,
Annapolis,42563,1865 Annapolis Mall,Space 1454,Annapolis,MD,21401,United States,(410) 224-2337,38.99091,-76.54855,,,,
Mall in Columbia,42609,10300 Little Patuxent Parkway,Space 1745,Columbia,MD,21044,United States,(443) 367-3491,39.21884,-76.85874,,,,
Towson,42610,825 Dulaney Valley Rd.,Suite 1430,Towson,MD,21204,United States,(410) 296-0230,39.40427,-76.60195,,,,
Pike & Rose,42648,11807 Grand Park Avenue,Space 1226,North Bethesda,MD,20852,United States,(301) 770-0697,39.04967,-77.11718,,,,
Somerset Collection,40676,2800 Big Beaver,Space North U209,Troy,MI,48084,United States,(248) 649-9299,42.5632,-83.18402,,,,
Great Lakes,43354,4618 Baldwin Rd.,Suite 937,Auburn Hills,MI,48326,United States,(248) 335-6458,42.69996,-83.3065,,,,
Twelve Oaks Mall,42564,27986 Novi Road,Space E225,Novi,MI,48377-3418,United States,(248) 380-4340,42.49694,-83.4763,,,,
Partridge Creek,42571,17420 Hall Road,Space 186,Clinton Township,MI,48038,United States,(586) 263-5794,42.62694,-82.93328,,,,
Tanger Grand Rapids,43387,350 84th Street SW,Space 1090 B,Byron Center,MI,49315,United States,(616) 583-0006,42.81051,-85.67517,,,,
Wrentham Village Premium Outle,43349,One Premium Outlets Blvd,Space 625,Wrentham,MA,02093,United States,(508) 384-3586,42.03945,-71.34942,,,,
Copley Place,42503,100 Huntingon Ave,Suite E-012,Boston,MA,02116,United States,(617) 247-1289,42.34704,-71.07783,,,,
Northshore Mall,42506,210 Andover Street,Space E141,Peabody,MA,01960,United States,(978) 532-5072,42.54529,-70.94456,,,,
Natick Mall,42561,1245 Worcester Rd.,Space 4060,Natick,MA,01760,United States,(508) 655-4328,42.29918,-71.38669,,,,
Legacy Place,42614,610 Legacy Place,Space 610,Dedham,MA,02026,United States,(781) 326-2374,42.23373,-71.17969,,,,
South Shore,42619,250 Granite St,Space 1220,Brain Tree,MA,02184,United States,(781) 348-4906,42.22105,-71.02557,,,,
Burlington Mall,40027,75 Middlesex Turnpike,Space 2034A,Burlington,MA,01803,United States,(781) 272-0336,42.48156,-71.21765,,,,
Newbury Street,40622,229 Newbury Street,,Boston,MA,02116,United States,(617) 236-0102,42.34999,-71.08185,,,,
Assembly Row,43396,561 Assembly Row,Space 416,Somerville,MA,02145,United States,(617) 625-1206,42.39367,-71.07903,,,,
Market Street at Lynnfield,42644,1135 Market St.,,Lynnfield,MA,01940,United States,(781) 334-6909,42.515196,-71.032128,,,,
Southdale Center,42612,1190 Southdale Center,,Edina,MN,55435,United States,(952) 922-0432,44.88457,-93.32874,,,,
Albertville Premium Outlets,43309,6500 Labeaux Avenue,Suite D25,Albertville,MN,55301,United States,(763) 497-1600,45.24471,-93.6632,,,,
Mall of America,40014,170 South Ave,Space 324,Bloomington,MN,55425,United States,(952) 854-9289,44.85327,-93.24086,,,,
Paragon Twin Cities at Eagan,43393,3925 Eagan Outlets Parkway,Suite 835,Eagan,MN,55122,United States,(952) 686-0180,44.00812,-96.78885,,,,
Renaissance,42605,1000 Highland Colony Parkway,Suite 2005,Ridgeland,MS,39157,United States,(601) 898-9001,32.43784,-90.14795,,,,
Tanger Southhaven,43394,5205 Airways Blvd,Space 1040,Southhaven,MS,38671,United States,(662) 536-3690,34.983731,-89.990673,,,,
St. Louis Galleria,42556,1155 Saint Louis Galleria,Space 1400,St. Louis,MO,63117,United States,(314) 721-0674,38.63462,-90.34816,,,,
Country Club Plaza,40617,4704 Broadway,,Kansas City,MO,64112,United States,(816) 753-5823,39.04211,-94.59158,,,,
Prestige Outlets of Chesterfie,43364,17057 North Outer Forty Rd.,Suite 126,Chesterfield,MO,63005,United States,(636) 536-9855,38.65108,-90.54934,,,,
Nebraska Crossing Outlets,43383,21317 Nebraska Crossing Drive,E109,Gretna,NE,68028,United States,(402) 332-4182,41.14046,-96.24368,,,,
Village Point,42652,17170 Davenport Street,Space E108,Omaha,NE,68118,United States,(402) 289-2020,41.261154,-96.183335,,,,
Fashion Show,40679,3200 Las Vegas Blvd. South,Space 1365,Las Vegas,NV,89109,United States,(702) 369-4116,36.12765,-115.16792,,,,
Summit At Sierra,42507,13925 South Virginia Street,Suite 228,Reno,NV,89511,United States,(775) 851-0100,39.40891,-119.75019,,,,
Town Square,42569,6551 Las Vegas Blvd South,Suite C-141,Las Vegas,NV,89119,United States,(702) 614-5260,36.06999,-115.17247,,,,
Las Vegas Premium Outlets,43311,775 South Grand Central Pkwy,Suite 1384,Las Vegas,NV,89106,United States,(702) 382-0997,36.16339,-115.15685,,,,
Las Vegas Premium South,43377,7400 S. Las Vegas Blvd.,Space 242A,Las Vegas,NV,89123,United States,(702) 616-1087,36.05493,-115.16915,,,,
Miracle Mile Shops,40620,3663 Las Vegas Blvd. South,Suite H35,Las Vegas,NV,89109,United States,(702) 733-6613,36.10975,-115.17031,,,,
Downtown Summerlin,42650,1955 Festival Plaza Drive,Suite 160,Las Vegas,NV,89135,United States,(702) 838-0617,36.150026,-115.333441,,,,
Garden State Plaza,40684,1 Garden State Plaza,,Paramus,NJ,07652,United States,(201) 587-8993,40.91575,-74.07387,,,,
East Broad St,42573,253 East Broad Street,,Westfield,NJ,07090,United States,(908) 518-1794,40.65269,-74.34735,,,,
Freehold Raceway,42586,3710 Route 9,Space G108,Freehold,NJ,07728,United States,(732) 462-6738,40.26435,-74.29335,,,,
Shrewsbury,42606,599 Route 35,Unit S-06,Shrewsbury,NJ,07702,United States,(732) 747-2259,40.33228,-74.06272,,,,
Quaker Bridge Mall,42638,150 Quaker Bridge Mall,Space 1026A,Lawrence Township,NJ,08648,United States,(609) 275-1291,40.2906,-74.68213,,,,
Jackson Premium Outlets,43300,537 Monmouth Road,Space 298,Jackson,NJ,08527,United States,(732) 928-0437,40.16169,-74.41718,,,,
Jersey Shore Premium Outlet,43324,1 Premium Outlet Blvd,Space 561,Tinton Falls,NJ,07753,United States,(732) 493-1203,40.20418,-74.08836,,,,
Menlo Park,40016,55 Parsonage Road,Space 1515A,Edison,NJ,08837,United States,(732) 321-0550,40.54994,-74.33477,,,,
Bridgewater Commons,40022,400 Commons Way,Space 2285,Bridgewater,NJ,08807,United States,(908) 203-8981,40.58649,-74.61842,,,,
Promenade Sagemore,40647,500 Route 73 South,Space A-17,Marlton,NJ,08053,United States,(856) 985-9570,39.88105,-74.92195,,,,
Ridgewood,42504,67 E Ridgewood Ave,,Ridgewood,NJ,07450,United States,(201) 493-2512,40.97976,-74.11828,,,,
Gloucester Premium,43398,100 Premium Outlets Drive,Space 723,Blackwood,NJ,08012,United States,(856) 221-8725,39.78429,-75.05067,,,,
Short Hills,42655,1200 Morris Turnpike,Space C-101,Short Hills,NJ,07078,United States,(973) 379-3019,40.739637,-74.365637,,,,
Merrimack Premium,43355,80 Premium Outlet Blvd.,Space 267,Merrimack,NH,03054,United States,(603) 424-6830,42.86787,-71.49484,,,,
ABQ Uptown,42608,2240 Q Street,10I,Albuquerque,NM,87110,United States,(505) 830-3404,35.10252,-106.56731,,,,
Woodbury Common Premium Outlet,40673,111 Niagara Lane,,Central Valley,NY,10917,United States,(845) 928-5210,41.3163972,-74.1321387,,,,
Roosevelt Field,40681,630 Old Country Road,,Garden City,NY,11530,United States,(516) 747-3489,40.74316,-73.61414,,,,
Niagara Outlet,43331,1762 Military road,Suite 120,Niagara Falls,NY,14304,United States,(716) 297-0182,43.09785,-78.97918,,,,
Walden Galleria,42510,1 Walden Galleria,,Buffalo,NY,14225,United States,(716) 681-9645,42.90813,-78.75934,,,,
Smith Street,42572,135 Smith Street,,Brooklyn,NY,11201,United States,(718) 488-7071,40.68725,-73.99012,,,,
Walt Whitman Shops,42634,160 Walt Whitman Road,Space 1090 B,Huntington Station,NY,11746,United States,(631) 350-7358,40.83041,-73.41102,,,,
Shops at Nanuet,42636,9115 Fashion Drive,,Nanuet,NY,10954,United States,(845) 623-1357,41.09731,-74.01488,,,,
Tanger Factory Outlet Center,43304,1770 West Main Street,Suite 101-A,Riverhead,NY,11901,United States,(631) 208-0821,40.91955,-72.71506,,,,
Deer Park Outlet,43322,455 Commack Rd,Space 338,Deer Park,NY,11729,United States,(631) 242-0520,40.76417,-73.31176,,,,
Destiny USA,43382,9090 Destiny USA Dr.,Space L-114,Syracuse,NY,13204,United States,(315) 472-0216,43.0718,-76.17116,,,,
Broadway (Soho),42529,535 Broadway,,New York,NY,10012,United States,(212) 680-0130,40.72338,-73.99891,,,,
Time Warner Center,42629,10 Columbus Circle,Suite 204A,New York,NY,10019,United States,(212) 247-5017,40.76878,-73.98315,,,,
The Westchester,42649,125 Westchester Ave,Space 1380,White Plains,NY,10601,United States,(914) 686-8325,41.03151,-73.75845,,,,
Southpark,40685,4400 Sharon Road,Space 145,Charlotte,NC,28211,United States,(704) 366-2394,35.15195,-80.82779,,,,
Tanger Piedmont Outlet Center,43352,4000 Arrowhead Blvd,Space 754,Mebane,NC,27302,United States,(919) 563-2630,36.07352,-79.26855,,,,
Southpoint,40667,6910 Fayetteville Road,Suite 125,Durham,NC,27713,United States,(919) 806-5900,35.90232,-78.93948,,,,
Concord Mills,43376,8111 Concord Milss Blvd.,Space 341,Concord,NC,28027,United States,(704) 979-1550,35.36908,-80.72195,,,,
Charlotte Premium,43392,5506 New Fashion Way,Space 315,Charlotte,NC,28278,United States,(704) 504-0210,35.16942,-80.97118,,,,
Asheville Outlets,43399,800 Brevard Road,Space M131,Asheville,NC,28806,United States,(828) 670-5443,35.530352,-82.603131,,,,
Crocker Park,42511,264 Crocker Park Blvd,,Westlake,OH,44145,United States,(440) 250-1587,41.46021,-81.95342,,,,
ETON Chagrin Blvd Center,42658,ETON Collection,"28803 Chagrin Blvd, Suite 118A",Woodmere,OH,44122,United States,(216) 292-1709,41.46336,-81.475613,,,,
Outlets Oklahoma City,43361,7646 W. Reno Avenue,Suite 940,Oklahoma City,OK,73127,United States,(405) 789-0214,35.46447,-97.64088,,,,
Rideau,46742,50 Rideau St.,Unit 256 257,Ottawa,ON,K1N 9J7,Canada,(613) 237-8994,45.42596,-75.69231,,,,
TEC,46752,220 Yonge street,Unit B006,Toronto,ON,M5B 2H1,Canada,(416) 593-6682,43.65367,-79.3798,,,,
Square One,46753,100 City Centre Drive,Unit 2-104,Mississauga,ON,L5B 2C9,Canada,(905) 615-1044,43.59196,-79.6394,,,,
Yorkdale,46757,3401 Dufferin Street,Unit 85,Toronto,ON,M6A 2T9,Canada,(416) 785-7500,43.72474,-79.45709,,,,
Promenade Mall,46763,1 Promenade Circle,Unit 0246B,Thornhill,ON,L4J 4P8,Canada,(905) 763-1225,43.82558,-79.42665,,,,
Toronto Premium Outlets,46798,13850 Steeles Avenue West,Space 518,Halton Hills,ON,L7G 0J1,Canada,(905) 876-9998,42.06369,-76.01598,,,,
Tanger Outlets Ottawa,46799,8555 Campeau Dr.,Unit 900,Ottawa,ON,K2T 0K5,Canada,(613) 831-3311,45.30729,-75.91989,,,,
Outlet Collection at Niagara,46800,300 Taylor Road,Space 517,Niagara-On-The-Lake,ON,L0S 1J0,Canada,(905) 688-1800,43.1578,-79.17253,,,,
Portland,40683,521 NW 23rd Ave,Suite 400,Portland,OR,97210,United States,(503) 525-5763,45.52665,-122.69849,,,,
Washington Square,42559,9685 SW Washington Square Rd,,Tigard,OR,97223,United States,(503) 620-9275,45.4485,-122.78285,,,,
Philadelphia Premium Outlets,43327,18 Lightcap Road,Space 1229,Pottstown,PA,19464,United States,(610) 323-0276,40.23001,-75.55928,,,,
Shops At Saucon Valley,42531,2845 Center Valley Parkway,Space 410,Center Valley,PA,18034,United States,(610) 797-8039,40.55463,-75.41205,,,,
Ross Park,42591,1000 Ross Park Mall Drive,Space MO7B,Pittsburgh,PA,15237,United States,(412) 369-5345,40.54115,-80.00653,,,,
Willow Grove Park,40028,2500 Moreland Road,Space 2087 & 2091,Willow Grove,PA,19090,United States,(215) 657-5769,40.14336,-75.12055,,,,
Walnut Street,40618,1634 Walnut Street,,Philadelphia,PA,19103,United States,(215) 732-8934,39.94956,-75.16904,,,,
Grove City Premium Outlets,43378,1911 Leesburg Grove City Rd.,Space 1060,Grove City,PA,16137,United States,(724) 748-3053,41.14092,-80.15745,,,,
The Crossings Premium,43389,1000 Premium Outlets Drive,Space B07,Tannersville,PA,18372,United States,(570) 629-1869,41.0481,-75.31256,,,,
King of Prussia,40664,160 N. Gulph Road,2349,King of Prussia,PA,19406,United States,(610) 354-9801,40.08538,-75.39462,,,,
San Juan,42656,1000 Mall of San Juan,Space 144,San Juan,PR,00924,United States,(787) 302-0479,18.411825,-66.024899,,,,
Providence Place,42546,One Providence Place,Space 3230,Providence,RI,02903,United States,(401) 228-6086,41.82897,-71.42589,,,,
Charleston,43336,4840 Tanger Outlet Blvd,Suite 791,North Charleston,SC,29418,United States,(843) 566-9588,32.87497,-80.01609,,,,
N. Myrtle,43350,10835 Kings Rd,Space 630,N. Myrtle Beach,SC,29572,United States,(843) 449-0914,33.78411,-78.77441,,,,
Hilton Head Factory Stores,43320,1414 Fording Island Road,Space G130A II,Bluffon,SC,29910,United States,(843) 837-4770,32.2299,-80.87652,,,,
King Street,40654,273 King Street,,Charleston,SC,29401,United States,(843) 534-2608,32.78226,-79.93423,,,,
Saddle Creek,42509,7615 W. Farmington Ave.,Suite 36,Germantown,TN,38138,United States,(901) 753-0944,35.09564,-89.80947,,,,
West Town Mall,42560,7600 Kingston Pike,Space 1202,Knoxville,TN,37919,United States,(865) 670-2836,35.92841,-84.03622,,,,
The Mall At Green Hills,40019,2126 Abbott Martin Road,Space 306,Nashville,TN,37215,United States,(615) 292-9148,36.10754,-86.8148,,,,
Opry Mills,43358,319 Opry Mills Drive,#C07,Nashville,TN,37214,United States,(615) 678-0786,36.20378,-86.69363,,,,
Tanger Outlets,43374,1645 Parkway,Suite 605,Sevierville,TN,37862,United States,(865) 428-3765,35.83336,-83.57078,,,,
Highland Village,40672,Highland Village 4029 Westheimer,,Houston,TX,77027,United States,(713) 439-0661,29.74166,-95.44694,,,,
Houston Galleria,40680,5085 Westheimer Road,Space B3595,Houston,TX,77067,United States,(713) 622-3901,29.7367,-95.46388,,,,
Barton Creek,40694,2901 Capitol of Texas HWY,Space H12A,Austin,TX,78746,United States,(512) 329-0455,30.25563,-97.81025,,,,
Southlake Town Square,42501,302 Grand Ave West,Building 3 Space A,Southlake,TX,76092,United States,(817) 310-6440,32.94423,-97.13039,,,,
Round Rock,43353,4401 North IH-35,Suite 549,Round Rock,TX,78664,United States,(512) 869-0379,30.5602,-97.69134,,,,
Stonebriar Center,42518,2601 Preston Road,Space 1102,Frisco,TX,75034,United States,(972) 712-9227,33.10098,-96.80579,,,,
Dallas Galleria,42543,13350 North Dallas Parkway,Space 1109,Dallas,TX,75240,United States,(972) 788-9139,32.92988,-96.81942,,,,
The Domain,42553,11401 Century Oak Terrace,Suite 101,Austin,TX,78758,United States,(512) 339-9982,30.40053,-97.72675,,,,
North Star,42626,7400 San Pedro Avenue,Space 1605 / Suite 66,San Antonio,TX,78216,United States,(210) 525-0469,29.51734,-98.49727,,,,
Market Street The Woodlands,42633,9595 Six Pines Drive,Space 550,The Woodlands,TX,77380,United States,(281) 362-0064,30.16359,-95.46321,,,,
San Marcos Premium Outlets,43303,3939 IH-35 South,Suite 1250,San Marcos,TX,78666,United States,(512) 393-2002,29.82846,-97.98432,,,,
Houston Premium Outlets,43319,29300 Hempstead Road,Suite 420,Cypress,TX,77433,United States,(281) 758-2859,29.97094,-95.70014,,,,
La Cantera,40018,15900 La Cantera Pkway,Space 2240,San Antonio,TX,78254,United States,(210) 877-9655,29.58923,-98.61962,,,,
West Village,40642,3699 McKinney Ave.,Space 315,Dallas,TX,75204,United States,(214) 521-4226,32.80893,-96.79662,,,,
Grand Prairie,43359,2950 West Interstate 20,Space 514,Grand Prairie,TX,75052,United States,(972) 606-6097,32.67937,-97.05359,,,,
Allen Premium Outlets,43371,820 West Stacy Road,Space 334,Allen,TX,75013,United States,(972) 678-0270,33.13267,-96.66079,,,,
The Outlet Shoppes at El Paso,43380,7051 S. Desert Blvd.,Space B-229,Canutilo,TX,79835,United States,(915) 877-1099,31.91197,-106.58626,,,,
Northpark,40020,8687 North Central Expressway,Suite 211,Dallas,TX,75225,United States,(214) 692-1300,32.86883,-96.77072,,,,
Park City,43328,6699 North Landmark Dr,Space H-140,Park City,UT,84098,United States,(435) 658-5364,40.73376,-111.55326,,,,
Stony Point,40687,9200 Stony Point Parkway,Space 123 A,Richmond,VA,23235,United States,(804) 327-9136,37.54849,-77.56897,,,,
Leesburg Corner Premium Outlet,43330,241 Ft. Evans Road NE,Space 1107,Leesburg,VA,20176,United States,(703) 777-4794,39.10817,-77.53492,,,,
Pentagon City,42585,1100 South Hayes St. S15A,Box 2072,Arlington,VA,22202,United States,(703) 413-0406,38.86318,-77.06001,,,,
Williamsburg Premium Outlets,43321,5645 Richmond Rd,Space H120,Williamsburg,VA,23188,United States,(757) 229-7725,37.31845,-76.73498,,,,
Potomac Mills Outlet,43366,2700 Potomac Mills Circle,Space 828,Woodbridge,VA,22192,United States,(703) 490-7377,38.64245,-77.2918,,,,
Southcenter,42590,627 Southcenter,Space 1535,Seattle,WA,98188,United States,(206) 444-4667,47.44418,-122.26126,,,,
Seattle Premium Outlets,40037,10600 Quil Ceda Blvd,Suite 626,Tulalip,WA,98271,United States,(360) 716-2367,48.09428,-122.18571,,,,
University Village,40619,2614 N.E. University Village,,Seattle,WA,98105,United States,(206) 529-8104,47.66327,-122.29944,,,,
Bellevue,40669,220 Bellevue Square,,Bellevue,WA,98004,United States,(425) 450-0035,47.61412,-122.20474,,,,
Hilldale,42642,714 N. Midvale Blvd,Space N-151,Madison,WI,53705,United States,(608) 238-3428,43.07439,-89.45128,,,,
