store_name,store_number,address,address2,city,state,zip_code,country,phone_number,latitude,longitude,store_hours,store_type,other_fields,coming_soon
Duncan,2,5845 Trans Canada Hwy.,,Duncan,BC,V9L 3R9,Canada,(250) 748-2442,48.781962373,-123.69621485,"Sun - Thu: 11:00 AM - 12:00 AM, Fri - Sat: 11:00 AM - 1:00 AM",,,
Hillside,5,#10-797 Hillside Avenue,,Victoria,BC,V8T 1Z5,Canada,(250) 380-1212,48.4388000088,-123.36404909,"Sun - Thu: 11:00 AM - 12:00 AM, Fri - Sat: 11:00 AM - 2:00 AM",,,
Campbell River,7,1309 North Island Hwy.,,Campbell River,BC,V9W 2C9,Canada,(250) 286-6120,50.0303945948,-125.245219792,"Sun - Thu: 11:00 AM - 12:00 AM, Fri - Sat: 11:00 AM - 1:00 AM",,,
Courtenay,8,"2633 Cliffe Avenue
Driftwood Mall",,Courtenay,BC,V9N 2L8,Canada,(250) 334-2222,49.6753989278,-124.982339471,"Sun - Thu: 11:00 AM - 11:00 PM, Fri - Sat: 11:00 AM - 12:00 AM",,,
Nanaimo,9,2-5779 Turner Road,,Nanaimo,BC,V9T 6L8,Canada,(250) 751-0090,49.2255182728,-124.035484007,Sun - Sat: 11:00 AM - 12:00 AM,,,
Langford,10,2755 Veterans Memorial Parkway,,Victoria,BC,V9B 3S5,Canada,(250) 474-7734,48.4490589529,-123.495120421,"Sun - Thu: 11:00 AM - 12:00 AM, Fri - Sat: 11:00 AM - 1:00 AM",,,
Saanich,11,#102 - 3510 Blanshard Street,,Victoria,BC,V8X 1W3,Canada,(250) 477-5561,48.4544650476,-123.3716306,"Sun - Thu: 11:00 AM - 12:00 AM, Fri - Sat: 11:00 AM - 1:00 AM",,,
Parksville,12,430 East Island Highway,,Parksville,BC,V9P 2H7,Canada,(250) 947-9400,49.3199592985,-124.305522366,"Sun - Thu: 11:00 AM - 11:00 PM, Fri - Sat: 11:00 AM - 12:00 AM",,,
Port Alberni,14,Unit # 100 - 3550 Johnston Road,,Port Alberni,BC,V9Y 7X1,Canada,(250) 723-2622,49.2661237475,-124.786108136,"Sun - Thu: 11:00 AM - 12:00 AM, Fri - Sat: 11:00 AM - 2:00 AM",,,
Aldergrove,15,900-26310 Fraser Hwy.,,Aldergrove,BC,V4W 2Z7,Canada,(604) 607-0713,49.0599749779,-122.495604198,"Sun - Thu: 11:00 AM - 12:00 AM, Fri - Sat: 11:00 AM - 1:00 AM",,,
Squamish,16,40167 Glenalder Place,,Squamish,BC,V8B 0G2,Canada,(604) 898-5442,49.7365393662,-123.133134055,"Sun - Thu: 11:00 AM - 11:00 PM, Fri - Sat: 11:00 AM - 12:00 AM",,,
Pitt Meadows,17,Unit 510 - 19800 Lougheed Hwy,,Pitt Meadows,BC,V3Y 2W1,Canada,(604) 465-7100,49.2237663293,-122.670730248,"Sundays: 11:00 AM - 12:00 AM, Mon - Thu: 11:00 AM - 1:00 AM, Fri - Sat: 11:00 AM - 2:00 AM",,,
Nordel Crossing,18,12060 Nordel Way,,Surrey,BC,V3W 1P6,Canada,(604) 596-6455,49.161942872,-122.887739018,"Sundays: 11:00 AM - 12:00 AM, Mon - Sat: 11:00 AM - 1:00 AM",,,
Walnut Grove,19,20090 - 91A Avenue,,Langley,BC,V1M 3Y9,Canada,(604) 513-1330,49.1689369858,-122.665156814,Sun - Sat: 11:00 AM - 2:00 AM,,,
Cloverdale,20,600-6486 176th St,,Surrey,BC,V3S 4G3,Canada,(604) 576-2677,49.1209310012,-122.734838404,"Sun - Thu: 11:00 AM - 1:00 AM, Fri - Sat: 11:00 AM - 2:00 AM",,,
Grandview Hwy,21,2850 Bentall Street,,Vancouver,BC,V5M 4H4,Canada,(604) 439-1132,49.2587505582,-123.032060916,"Sun - Thu: 11:00 AM - 1:00 AM, Fri - Sat: 11:00 AM - 2:00 AM",,,
Queensborough,22,Unit P100-805 Boyd Street,,New Westminster,BC,V3M 5X2,Canada,(604) 759-3133,49.1914697798,-122.945495098,Sun - Sat: 11:00 AM - 12:00 AM,,,
Big Bend,23,5801 Marine Way,,Burnaby,BC,V5J 0A6,Canada,(604) 434-7555,49.1978491765,-122.976299251,"Sun - Thu: 11:00 AM - 11:00 PM, Fri - Sat: 11:00 AM - 12:00 AM",,,
Esplanade,25,88 Chesterfield Ave,,North Vancouver,BC,V3S 2W4,Canada,(778) 340-1514,49.3130983735,-123.081907636,"Sun - Thu: 11:00 AM - 12:00 AM, Fri - Sat: 11:00 AM - 1:00 AM",,,
Fort St John,26,9508 Alaska Road North,,Fort St John,BC,V1J 6L5,Canada,(250) 787-0455,56.237703,-120.848807,"Sundays: 11:00 AM - 12:00 AM, Mon - Sat: 11:00 AM - 1:00 AM",,,
Dawson Creek,27,1525 Alaska Ave,,Dawson Creek,BC,V1G 1Z8,Canada,(250) 782-8585,55.763795403,-120.2448383,"Sun - Thu: 11:00 AM - 11:00 PM, Fri - Sat: 11:00 AM - 12:00 AM",,,
Spruceland,29,102-841 West Central Street,,Prince George,BC,V2M 3C8,Canada,(250) 564-1221,53.9175201383,-122.782171615,"Sun - Thu: 11:00 AM - 1:00 AM, Fri - Sat: 11:00 AM - 2:00 AM",,,
Pr George Brookwood,31,2500 Vance Road,,Prince George,BC,V2N 6Z3,Canada,(250) 562-1414,53.8809922866,-122.770136821,Sun - Sat: 11:00 AM - 12:00 PM,,,
Golden,32,1002 TransCanada Highway,,Golden,BC,V0A 1H1,Canada,(250) 439-0002,51.18,-116.56,"Sun - Thu: 11:00 AM - 12:00 AM, Fri - Sat: 11:00 AM - 1:00 AM",,,
Tsawwassen,33,Restaurant 3 - 5000 Canoe Pass Way,,Tsawwassen,BC,V4M 0B3,Canada,(604) 382-5055,49.0344355,-123.0896375,"Sun - Thu: 11:00 AM - 12:00 AM, Fri - Sat: 11:00 AM - 1:00 AM",,,
Williams Lake,38,285 Donald Road,,Williams Lake,BC,V2G 4K4,Canada,(250) 398-7600,52.1363399914,-122.135188776,"Sun - Thu: 11:00 AM - 11:00 PM, Fri - Sat: 11:00 AM - 1:00 AM",,,
Smithers,45,"1492 Main Street
P.O. Box 2800",,Smithers,BC,V0J 2N0,Canada,(250) 847-3099,54.7818942381,-127.16528159,"Sun - Thu: 11:00 AM - 12:00 AM, Fri - Sat: 11:00 AM - 1:00 AM",,,
Terrace,46,4924 Highway 16 West,,Terrace,BC,V8G 4C3,Canada,(250) 635-3443,54.5208000118,-128.59471724,"Sun - Thu: 11:00 AM - 12:00 AM, Fri - Sat: 11:00 AM - 1:00 AM",,,
Maillardville,50,1035 Lougheed Hwy.,,Coquitlam,BC,V3K 6N5,Canada,(604) 527-8883,49.2354152169,-122.865581885,"Sun - Thu: 11:00 AM - 12:00 AM, Fri - Sat: 11:00 AM - 2:00 AM",,,
Mission,51,160-32555 London Avenue,,Mission,BC,V2V 6M7,Canada,(604) 820-4223,49.128795964,-122.318210525,"Sun - Thu: 11:00 AM - 12:00 AM, Fri - Sat: 11:00 AM - 1:00 AM",,,
Ironwood,54,2000-11662 Steveston Hwy,,Richmond,BC,V7A 1N6,Canada,(604) 448-9991,49.1333482851,-123.095663637,"Sundays: 11:00 AM - 2:00 AM, Mondays: 11:00 AM - 1:00 AM, Tue - Sat: 11:00 AM - 2:00 AM",,,
North Vancouver,56,1078 Marine Drive,,North Vancouver,BC,V7P 1S5,Canada,(604) 984-0407,49.323913978,-123.103832543,"Sundays: 11:00 AM - 12:00 AM, Mon - Sat: 11:00 AM - 1:00 AM",,,
Ackroyd,57,#50 8100 Ackroyd Road,,Richmond,BC,V6X 3K2,Canada,(604) 273-6151,49.1720891181,-123.135360697,Sun - Sat: 11:00 AM - 2:00 AM,,,
Abbotsford,58,2060 Sumas Way,,Abbotsford,BC,V2S 2C7,Canada,(604) 504-5900,49.037449014,-122.268186219,Sun - Sat: 11:00 AM - 2:00 AM,,,
Fleetwood,59,801-15980 Fraser Hwy,,Surrey,BC,V3S 2W4,Canada,(604) 507-5507,49.157806,-122.780395,"Sun - Mon: 11:00 AM - 12:00 AM, Tue - Sat: 11:00 AM - 2:00 AM",,,
Coquitlam Centre,60,710-3025 Lougheed Hwy,,Coquitlam,BC,V3B 1C6,Canada,(604) 941-6414,49.2743848613,-122.79247154,"Sun - Thu: 11:00 AM - 1:00 AM, Fri - Sat: 11:00 AM - 2:00 AM",,,
Guildford,61,15125 100th Avenue,,Surrey,BC,V3R 9P4,Canada,(604) 581-3600,49.1842844208,-122.803235918,Sun - Sat: 11:00 AM - 2:00 AM,,,
White Rock,62,1956 152nd Street,,Surrey,BC,V4A 4N6,Canada,(604) 531-3333,49.0375992782,-122.801159541,"Sun - Thu: 11:00 AM - 1:00 AM, Fri - Sat: 11:00 AM - 2:00 AM",,,
Langley,63,19700 Langley ByPass,,Langley,BC,V3A 7B1,Canada,(604) 534-5233,49.1106993778,-122.67801123,"Sun - Thu: 11:00 AM - 1:00 AM, Fri - Sat: 11:00 AM - 2:00 AM",,,
Clearbrook,64,32530 S. Fraser Way,,Abbotsford,BC,V2T 1X5,Canada,(604) 859-3333,49.0512186754,-122.323387808,Sun - Sat: 11:00 AM - 2:00 AM,,,
Chilliwack,67,45305 Luckakuck Way,,Chilliwack,BC,V2R 3C7,Canada,(604) 858-3333,49.1426066065,-121.971633066,Sun - Sat: 11:00 AM - 12:00 AM,,,
New West,72,1045 Columbia Street,,New Westminster,BC,V3M 1C4,Canada,(604) 525-3340,49.2001919314,-122.917122492,Sun - Sat: 11:00 AM - 2:00 AM,,,
Newton,73,"600-7488 King George Hwy
King's Cross Mall",,Surrey,BC,V3W 0H9,Canada,(604) 599-8877,49.1391095496,-122.845323544,Sun - Sat: 11:00 AM - 2:00 AM,,,
Central City,74,#1081 - 10153 King George Hwy,,Surrey,BC,V3T 2W1,Canada,(604) 582-6795,49.1870199116,-122.845583091,"Sun - Thu: 11:00 AM - 12:00 AM, Fri - Sat: 11:00 AM - 2:00 AM",,,
Broadway,75,190-1333 West Broadway,,Vancouver,BC,V6H 4C1,Canada,(604) 730-2822,49.2635146152,-123.134527414,"Sun - Thu: 11:00 AM - 1:00 AM, Fri - Sat: 11:00 AM - 2:00 AM",,,
Kamloops,76,102-340 Victoria Street,,Kamloops,BC,V2C 2A5,Canada,(250) 374-0977,50.6758645469,-120.33330291,"Sun - Thu: 11:00 AM - 12:00 AM, Fri - Sat: 11:00 AM - 1:00 AM",,,
Dilworth Centre,81,#650  - 2339 Highway 97 N.,,Kelowna,BC,V1X 4H9,Canada,(250) 861-6677,49.8827805465,-119.432633185,"Sun - Thu: 11:00 AM - 12:00 AM, Fri - Sat: 11:00 AM - 1:00 AM",,,
Penticton,82,1900 Main Street,,Penticton,BC,V2A 5H4,Canada,(250) 493-0329,49.4772107437,-119.583689649,Sun - Sat: 11:00 AM - 1:00 AM,,,
Westbank,84,"2563 Dobbin Rd., Hwy 97 S.",,Westbank,BC,V4T 2J6,Canada,(250) 768-0707,49.8283849199,-119.634601879,"Sun - Thu: 11:00 AM - 11:00 PM, Fri - Sat: 11:00 AM - 12:00 AM",,,
Columbia Square,85,"#700 - 500 Notre Dame Drive
Columbia Square Mall",,Kamloops,BC,V2C 6T6,Canada,(250) 374-7755,50.6627232629,-120.348534232,"Sun - Thu: 11:00 AM - 12:00 AM, Fri - Sat: 11:00 AM - 1:00 AM",,,
Vernon,86,3604 32nd Street,,Vernon,BC,V1T 5N3,Canada,(250) 558-0669,50.2681261591,-119.273776646,"Sun - Thu: 11:00 AM - 12:00 AM, Fri - Sat: 11:00 AM - 1:00 AM",,,
Castlegar,87,114-1983 Columbia Avenue,,Castlegar,BC,V1N 2W8,Canada,(250) 304-6944,49.2954150137,-117.653464529,"Sun - Thu: 11:00 AM - 11:00 PM, Fri - Sat: 11:00 AM - 1:00 AM",,,
Kelowna Downtown,88,545 Harvey Ave,,Kelowna,BC,V1Y 6C7,Canada,(250) 861-5883,49.8836377352,-119.491905567,"Sun - Mon: 11:00 AM - 11:00 PM, Tue - Thu: 11:00 AM - 12:00 AM, Fri - Sat: 11:00 AM - 1:00 AM",,,
Salmon Arm,89,#100-251 TransCanada Hwy. N.W.,,Salmon Arm,BC,V1E 3B8,Canada,(250) 833-1151,50.700784492,-119.282382684,"Sun - Mon: 11:00 AM - 11:00 PM, Tue - Sat: 11:00 AM - 12:00 AM",,,
Fernie,91,1602 7th Avenue (Box 1930),,Fernie,BC,V0B 1M0,Canada,(250) 423-2634,49.5152446521,-115.058484418,"Sun - Thu: 11:00 AM - 12:00 AM, Fri - Sat: 11:00 AM - 1:00 AM",,,
Fort Nelson,92,"4501 50th Ave South
Box 452",,Fort Nelson,BC,V0C 1R0,Canada,(250) 774-7477,58.8033798478,-122.686726551,Sun - Sat: 11:00 AM - 12:00 AM,,,
Merritt,93,3939 Crawford Avenue,,Merritt,BC,V1K 0A4,Canada,(250) 378-4222,50.1218781486,-120.762334413,Sun - Sat: 11:00 AM - 12:00 AM,,,
Cranbrook,94,510 - 1500 Cranbrook Street,,Cranbrook,BC,V1C 3S8,Canada,(250) 426-4242,49.5244415019,-115.753633751,"Sun - Thu: 11:00 AM - 12:00 AM, Fri - Sat: 11:00 AM - 1:00 AM",,,
Station Square,95,135-6200 McKay Avenue,,Burnaby,BC,V5H 4L7,Canada,(604) 431-6565,49.227132,-123.004549,"Sun - Thu: 11:00 AM - 1:00 AM, Fri - Sat: 11:00 AM - 2:00 AM",,,
Theatre District,96,869 Hornby St,,Vancouver,BC,V6Z 1T9,Canada,(604) 681-5540,49.281863,-123.1234256,Sun - Sat: 11:00 AM - 1:00 AM,,,
Stadium District,97,808 Beatty St,,Vancouver,BC,V6B 1C2,Canada,(604) 681-6170,49.277493,-123.114098,"Sun - Thu: 11:00 AM - 1:00 AM, Fri - Sat: 11:00 AM - 2:00 AM",,,
Cold Lake,100,4308-50th Street,,Cold Lake,AB,T9M 1S6,Canada,(780) 594-5555,54.4071046829,-110.205395956,"Sun - Thu: 11:00 AM - 12:00 AM, Fri - Sat: 11:00 AM - 1:00 AM",,,
Grande Prairie,101,12117 100th Street,,Grande Prairie,AB,T8V 4H1,Canada,(780) 532-0310,55.189673607,-118.794188083,"Sun - Thu: 11:00 AM - 12:00 AM, Fri - Sat: 11:00 AM - 2:00 AM",,,
Peace River,102,9602 100th Street,,Peace River,AB,T8S 1H5,Canada,(780) 624-1508,56.2373324182,-117.290207748,"Sun - Thu: 11:00 AM - 12:00 AM, Fri - Sat: 11:00 AM - 2:00 AM",,,
Fort McMurray,104,10202 MacDonald Avenue,,Fort McMurray,AB,T9H 1T4,Canada,(780) 743-5056,56.7290070007,-111.387899777,"Sun - Thu: 11:00 AM - 12:00 AM, Fri - Sat: 11:00 AM - 2:00 AM",,,
Edson,105,4523 4th Avenue,,Edson,AB,T7E 1C3,Canada,(780) 712-7300,53.5865052654,-116.420915912,"Sun - Thu: 11:00 AM - 12:00 AM, Fri - Sat: 11:00 AM - 1:00 AM",,,
Drumheller,106,"500-680 2nd Street SE
PO Box 2109",,Drumheller,AB,T0J 0Y0,Canada,(403) 823-9700,51.4577163011,-112.704876362,"Sun - Thu: 11:00 AM - 12:00 AM, Fri - Sat: 11:00 AM - 1:00 AM",,,
Hinton,107,100-506 Carmichael Lane,,Hinton,AB,T7V 1S8,Canada,(780) 817-2400,53.3956971008,-117.602511318,"Sun - Thu: 11:00 AM - 12:00 AM, Fri - Sat: 11:00 AM - 1:00 AM",,,
Whitecourt,108,"3836 Keppler Street
PO Box 728",,Whitecourt,AB,T7S 1N7,Canada,(780) 778-2500,54.1414854562,-115.678064538,"Sundays: 11:00 AM - 1:00 AM, Mon - Thu: 11:00 AM - 12:00 AM, Fri - Sat: 11:00 AM - 2:00 AM",,,
Slave Lake,109,"604 Main Street, SW
PO Box 1000",,Slave Lake,AB,T0G 2A0,Canada,(780) 849-9699,55.2787870851,-114.772477077,"Sun - Thu: 11:00 AM - 12:00 AM, Fri - Sat: 11:00 AM - 1:00 AM",,,
Cochrane,110,15 West Side Drive,,Cochrane,AB,T4C 1M1,Canada,(403) 932-8000,51.1946344898,-114.490123887,"Sun - Wed: 11:00 AM - 12:00 AM, Thu - Sat: 11:00 AM - 1:00 AM",,,
NorthPointe,111,600-388 Country Hills Blvd,,Calgary,AB,T3K 5J6,Canada,(403) 226-7171,51.1542339209,-114.061372422,"Sun - Thu: 11:00 AM - 12:00 AM, Fri - Sat: 11:00 AM - 1:00 AM",,,
Lacombe,112,5846 Highway 2-A,,Lacombe,AB,T4L 2G5,Canada,(403) 782-9988,52.4728873175,-113.718503756,"Sun - Thu: 11:00 AM - 12:00 AM, Fri - Sat: 11:00 AM - 2:00 AM",,,
Banff,113,"201 - 225 Banff Ave.
P.O. Box 69",,Banff,AB,T1L 1A2,Canada,(403) 762-2192,51.1770160168,-115.570816908,Sun - Sat: 11:00 AM - 12:00 AM,,,
Taber,114,14 - 6200 46 Avenue,,Taber,AB,T1G 2B1,Canada,(403) 223-1244,49.7851190866,-112.129105076,"Sun - Thu: 11:00 AM - 11:00 PM, Fri - Sat: 11:00 AM - 12:00 AM",,,
Timberlea,115,110 Millennium Drive,,Fort McMurray,AB,T9K 1Y8,Canada,(780) 715-1999,56.754835361,-111.462410311,"Sun - Thu: 11:00 AM - 12:00 AM, Fri - Sat: 11:00 AM - 2:00 AM",,,
Stettler,116,6711 - 50th Ave,,Stettler,AB,T0C 2L2,Canada,(403) 742-3300,52.3250820238,-112.736636742,"Sun - Thu: 11:00 AM - 12:00 AM, Fri - Sat: 11:00 AM - 1:00 AM",,,
Sylvan Lake,117,61 BEJU IND. DR,,Sylvan Lake,AB,T4S 0B4,Canada,(403) 887-2018,52.3105064002,-114.072703706,"Sun - Thu: 11:00 AM - 12:00 AM, Fri - Sat: 11:00 AM - 1:00 AM",,,
Westgate,118,11250 Westgate Drive,,Grande Prairie,AB,T8V 8L2,Canada,(780) 814-2331,55.1714096812,-118.834199331,"Sun - Thu: 11:00 AM - 12:00 AM, Fri - Sat: 11:00 AM - 2:00 AM",,,
Fairview,120,7 Heritage Gate SE,,Calgary,AB,T2H 3A7,Canada,(403) 253-3333,50.9873040975,-114.044228647,"Sun - Mon: 11:00 AM - 12:00 AM, Tue - Thu: 11:00 AM - 1:00 AM, Fri - Sat: 11:00 AM - 2:00 AM",,,
Oakridge Centre,122,2580 Southland Drive SW,,Calgary,AB,T2V 4J8,Canada,(403) 238-1500,50.9612400957,-114.1208702,"Sun - Mon: 11:00 AM - 11:00 PM, Tue - Thu: 11:00 AM - 12:00 AM, Fri - Sat: 11:00 AM - 1:00 AM",,,
Strathmore,123,#114 - 800 Pine Road,,Strathmore,AB,T1P 1C1,Canada,(403) 934-0017,51.0370483653,-113.390162902,"Sundays: 11:00 AM - 11:00 PM, Mon - Thu: 11:00 AM - 12:00 AM, Fri - Sat: 11:00 AM - 1:00 AM",,,
High River,124,1508 13th Avenue SE,,High River,AB,T1V 2B1,Canada,(403) 601-2030,50.5707786714,-113.845695539,"Sun - Thu: 11:00 AM - 12:00 AM, Fri - Sat: 11:00 AM - 1:00 AM",,,
Rocky Mountain House,125,"4402 41st Avenue
Box 2519",,Rocky Mountain House,AB,T4T 1J4,Canada,(403) 846-2343,52.3609917434,-114.906731275,"Sun - Thu: 11:00 AM - 12:00 AM, Fri - Sat: 11:00 AM - 1:00 AM",,,
Motel Village,127,"2420 16th Avenue, NW",,Calgary,AB,T2M 0M5,Canada,(403) 289-6900,51.0671080278,-114.115522162,"Sun - Thu: 11:00 AM - 12:00 AM, Fri - Sat: 11:00 AM - 1:00 AM",,,
17th Avenue,129,"1116 17th Avenue, SW",,Calgary,AB,T2T 0B4,Canada,(403) 245-5614,51.0378235917,-114.087750613,"Sun - Mon: 11:00 AM - 12:00 AM, Tue - Thu: 11:00 AM - 1:00 AM, Fri - Sat: 11:00 AM - 2:00 AM",,,
Red Deer North,130,7494 50th Avenue,,Red Deer,AB,T4P 1X7,Canada,(403) 342-4446,52.3010875693,-113.814372291,"Sundays: 11:00 AM - 12:00 AM, Mon - Thu: 11:00 AM - 1:00 AM, Fri - Sat: 11:00 AM - 2:00 AM",,,
Southport,131,10456 Southport Road SW.,,Calgary,AB,T2W 3M5,Canada,(403) 253-1222,50.9615850202,-114.072293895,Sun - Sat: 11:00 AM - 2:00 AM,,,
Bow Trail,133,"1313 33rd Street, SW",,Calgary,AB,T3C 1P2,Canada,(403) 242-6666,51.0412796675,-114.135466314,"Sundays: 11:00 AM - 12:00 AM, Mon - Thu: 11:00 AM - 1:00 AM, Fri - Sat: 11:00 AM - 2:00 AM",,,
Sunridge,134,"2767 32nd Avenue, NE",,Calgary,AB,T1Y 2G1,Canada,(403) 250-5200,51.0814343496,-113.995925549,"Sun - Thu: 11:00 AM - 12:00 AM, Fri - Sat: 11:00 AM - 1:00 AM",,,
Richmond Road,135,100-5255 Richmond Road,,Calgary,AB,T3E 7C4,Canada,(403) 240-4422,51.0178043073,-114.162336278,"Sundays: 11:00 AM - 12:00 AM, Mon - Thu: 11:00 AM - 1:00 AM, Fri - Sat: 11:00 AM - 2:00 AM",,,
Crowfoot,136,"140 Crowfoot Crescent, NW",,Calgary,AB,T3G 2W1,Canada,(403) 239-3333,51.1269404849,-114.197846432,"Sun - Wed: 11:00 AM - 1:00 AM, Thu - Sat: 11:00 AM - 2:00 AM",,,
Red Deer South,137,3215 Gaetz Avenue,,Red Deer,AB,T4N 3Y1,Canada,(403) 343-7777,52.2509710563,-113.813552668,"Sundays: 11:00 AM - 12:00 AM, Mon - Thu: 11:00 AM - 1:00 AM, Fri - Sat: 11:00 AM - 2:00 AM",,,
Memorial Drive,138,"2836 Memorial Drive, SE",,Calgary,AB,T2A 6L6,Canada,(403) 248-4848,51.0475736868,-113.994218002,"Sundays: 11:00 AM - 1:00 AM, Mon - Sat: 11:00 AM - 2:00 AM",,,
Beddington,139,8108 Beddington Blvd. NW,,Calgary,AB,T3K 2A8,Canada,(403) 295-0555,51.125280749,-114.072109479,"Sun - Wed: 11:00 AM - 1:00 AM, Thu - Sat: 11:00 AM - 2:00 AM",,,
Lethbridge,141,200-905 1st Avenue South,,Lethbridge,AB,T1J 4M7,Canada,(403) 327-4548,49.6981605332,-112.833454673,"Sun - Thu: 11:00 AM - 12:00 AM, Fri - Sat: 11:00 AM - 1:00 AM",,,
Airdrie,142,106 Sierra Springs Drive SE,,Airdrie,AB,T4B 3G6,Canada,(403) 948-7670,51.2700363631,-114.004278871,"Sun - Thu: 11:00 AM - 12:00 AM, Fri - Sat: 11:00 AM - 2:00 AM",,,
Canmore,144,1704 Bow Valley Trail,,Canmore,AB,T1W 1N5,Canada,(403) 678-3300,51.0973999168,-115.357837949,"Sun - Thu: 11:00 AM - 12:00 AM, Fri - Sat: 11:00 AM - 1:00 AM",,,
Riverbend,145,700-8338 18th Street SE,,Calgary,AB,T2C 4E4,Canada,(403) 236-7000,50.97710321,-114.015705777,"Sun - Mon: 11:00 AM - 12:00 AM, Tue - Thu: 11:00 AM - 1:00 AM, Fri - Sat: 11:00 AM - 2:00 AM",,,
Shawnessy,146,235 Shawville Blvd SE,,Calgary,AB,T2Y 3H9,Canada,(403) 256-6999,50.9030468839,-114.065511517,"Sundays: 11:00 AM - 1:00 AM, Mon - Sat: 11:00 AM - 2:00 AM",,,
Dalhousie,147,703 - 5005 Dalhousie Drive NW,,Calgary,AB,T3A 5R8,Canada,(403) 288-1700,51.1064908986,-114.158900693,"Sun - Mon: 11:00 AM - 12:00 AM, Tue - Thu: 11:00 AM - 1:00 AM, Fri - Sat: 11:00 AM - 2:00 AM",,,
South Trail Crossing,148,220-4307 130th Avenue SE,,Calgary,AB,T2Z 3V8,Canada,(403) 257-6661,50.9318873577,-113.970360151,Sun - Sat: 11:00 AM - 2:00 AM,,,
Okotoks,149,10 Southridge Drive,,Okotoks,AB,T1S 1N1,Canada,(403) 995-0224,50.7157084554,-113.980502982,"Sundays: 11:00 AM - 12:00 AM, Mon - Sat: 11:00 AM - 2:00 AM",,,
Lethbridge South,150,2041 Mayor Magrath Drive South,,Lethbridge,AB,T1K 2S2,Canada,(403) 327-4590,49.6720965313,-112.799597426,"Sundays: 11:00 AM - 12:00 AM, Mon - Thu: 11:00 AM - 1:00 AM, Fri - Sat: 11:00 AM - 2:00 AM",,,
Mayfield Common,152,180 Mayfield Common,,Edmonton,AB,T5P 4B3,Canada,(780) 484-0042,53.5430925831,-113.61070288,"Sun - Thu: 11:00 AM - 12:00 AM, Fri - Sat: 11:00 AM - 2:00 AM",,,
Whyte Avenue,153,10854 82nd Avenue,,Edmonton,AB,T6E 2B3,Canada,(780) 433-3151,53.5181726379,-113.510838684,"Sun - Thu: 11:00 AM - 12:00 AM, Fri - Sat: 11:00 AM - 2:00 AM",,,
Capilano,154,5515 101 Avenue,,Edmonton,AB,T6A 3Z7,Canada,(780) 465-0771,53.5410298659,-113.420577734,"Sun - Mon: 11:00 AM - 12:00 AM, Tue - Thu: 11:00 AM - 1:00 AM, Fri - Sat: 11:00 AM - 2:00 AM",,,
Beverly,156,3303 118th Avenue,,Edmonton,AB,T5W 1B3,Canada,(780) 477-9101,53.5703245473,-113.392375883,"Sun - Thu: 11:00 AM - 12:00 AM, Fri - Sat: 11:00 AM - 2:00 AM",,,
North Central,157,9703 137th Ave,,Edmonton,AB,T5E 2C2,Canada,(780) 476-8691,53.599451889,-113.4929914,"Sun - Thu: 11:00 AM - 12:00 AM, Fri - Sat: 11:00 AM - 2:00 AM",,,
St Albert,160,#80 - 585  St. Albert Road,,St Albert,AB,T8N 6G5,Canada,(780) 458-5868,53.6531337608,-113.628980466,"Sun - Thu: 11:00 AM - 12:00 AM, Fri - Sat: 11:00 AM - 2:00 AM",,,
Spruce Grove,161,201 Calahoo Road,,Spruce Grove,AB,T7X 1R1,Canada,(780) 962-0224,53.5423617528,-113.910288638,"Sun - Thu: 11:00 AM - 12:00 AM, Fri - Sat: 11:00 AM - 1:00 AM",,,
Sherwood Park,162,967 Ordze Road,,Sherwood Park,AB,T8A 4L7,Canada,(780) 467-2223,53.5133163734,-113.3301392,"Sun - Thu: 11:00 AM - 12:00 AM, Fri - Sat: 11:00 AM - 2:00 AM",,,
South Common,163,9804 22nd Avenue,,Edmonton,AB,T6N 1J7,Canada,(780) 463-9086,53.4527291803,-113.484214607,"Sun - Thu: 11:00 AM - 12:00 AM, Fri - Sat: 11:00 AM - 2:00 AM",,,
Leduc,164,5309 50th Avenue,,Leduc,AB,T9E 6L6,Canada,(780) 986-6560,53.2647657895,-113.559572084,"Sun - Thu: 11:00 AM - 12:00 AM, Fri - Sat: 11:00 AM - 1:00 AM",,,
Wetaskiwin,165,5527 A 49th Avenue,,Wetaskiwin,AB,T9A 0R5,Canada,(780) 352-9235,52.9698245607,-113.386378977,"Sun - Thu: 11:00 AM - 12:00 AM, Fri - Sat: 11:00 AM - 2:00 AM",,,
Camrose,166,6046 48th Avenue,,Camrose,AB,T4V 0K3,Canada,(780) 672-7701,53.0180252057,-112.843419919,"Sundays: 11:00 AM - 1:00 AM, Mon - Thu: 11:00 AM - 2:00 AM, Fri - Sat: 11:00 AM - 3:00 AM",,,
Brooks,167,#5 -715 Second Street West,,Brooks,AB,T1R 1A9,Canada,(403) 362-3322,50.5743303698,-111.897138191,"Sun - Mon: 11:00 AM - 11:00 PM, Tue - Sat: 11:00 AM - 1:00 AM",,,
Lloydminster,169,6303 44th Street,,Lloydminster,AB,T9V 2G6,Canada,(780) 875-8700,53.2778729225,-110.035693076,"Sun - Thu: 11:00 AM - 11:00 PM, Fri - Sat: 11:00 AM - 1:00 AM",,,
Fort Road,170,5515 137th Avenue,,Edmonton,AB,T5A 3L4,Canada,(780) 473-6370,53.599451889,-113.425707207,"Sun - Thu: 11:00 AM - 12:00 AM, Fri - Sat: 11:00 AM - 2:00 AM",,,
Fort Saskatchewan,171,8751 94th Street,,Fort Saskatchewan,AB,T8L 4P4,Canada,(780) 998-9999,53.7056442551,-113.193931567,"Sun - Thu: 11:00 AM - 12:00 AM, Fri - Sat: 11:00 AM - 2:00 AM",,,
Boston Pizza 170 Street,172,17002 90th Avenue,,Edmonton,AB,T5T 1L6,Canada,(780) 481-6822,53.5248764685,-113.615593296,"Sun - Thu: 11:00 AM - 12:00 AM, Fri - Sat: 11:00 AM - 2:00 AM",,,
Medicine Hat,173,1-2960 Dunmore Road S.E.,,Medicine Hat,AB,T1A 8E3,Canada,(403) 529-2500,50.0123526501,-110.65325829,"Sun - Thu: 11:00 AM - 11:00 PM, Fri - Sat: 11:00 AM - 1:00 AM",,,
Castledowns,174,12104 137th Ave,,Edmonton,AB,T5L 4Y4,Canada,(780) 457-5777,53.5996260588,-113.530106648,"Sun - Thu: 11:00 AM - 12:00 AM, Fri - Sat: 11:00 AM - 2:00 AM",,,
Ponoka,175,4820 60th Street,,Ponoka,AB,T4J 1K2,Canada,(403) 783-6600,52.6774617284,-113.592425294,"Sun - Thu: 11:00 AM - 11:00 PM, Fri - Sat: 11:00 AM - 1:00 AM",,,
Westmount,176,11320 Groat Road,,Edmonton,AB,T5M 4E7,Canada,(780) 452-8585,53.5622171127,-113.551512461,"Sun - Thu: 11:00 AM - 12:00 AM, Fri - Sat: 11:00 AM - 2:00 AM",,,
Heritage,177,11023 23rd Avenue,,Edmonton,AB,T6J 6P9,Canada,(780) 435-5005,53.4538220106,-113.513625402,"Sun - Thu: 11:00 AM - 12:00 AM, Fri - Sat: 11:00 AM - 2:00 AM",,,
Millwoods,178,5228 23rd Avenue,,Edmonton,AB,T6L 6Y7,Canada,(780) 461-5400,53.4545050295,-113.422975131,"Sun - Thu: 11:00 AM - 12:00 AM, Fri - Sat: 11:00 AM - 2:00 AM",,,
Jasper Avenue,179,10620 Jasper Avenue,,Edmonton,AB,T5J 2A4,Canada,(780) 423-2333,53.5409444886,-113.503318646,"Sun - Thu: 11:00 AM - 12:00 AM, Fri - Sat: 11:00 AM - 2:00 AM",,,
Stony Plain,181,70 Boulder Blvd.,,Stony Plain,AB,T7Z 1V7,Canada,(780) 963-5006,53.542402734,-113.97825585,"Sun - Thu: 11:00 AM - 12:00 AM, Fri - Sat: 11:00 AM - 1:00 AM",,,
Namao Centre,183,"16521 97th Street NW
Namao Centre",,Edmonton,AB,T5X 6A5,Canada,(780) 456-5554,53.6269194947,-113.491714155,"Sun - Thu: 11:00 AM - 12:00 AM, Fri - Sat: 11:00 AM - 2:00 AM",,,
Drayton Valley,184,5645 50th Street,,Drayton Valley,AB,T7A 1T1,Canada,(780) 514-5000,53.2306592399,-114.977614978,"Sun - Tue: 11:00 AM - 12:00 AM, Wed - Sat: 11:00 AM - 2:00 AM",,,
Terwillegar,185,378 Bulyea Rd,,Edmonton,AB,T6R 2B3,Canada,(780) 431-8431,53.475787899,-113.573082198,"Sun - Thu: 11:00 AM - 12:00 AM, Fri - Sat: 11:00 AM - 2:00 AM",,,
Bourbon Street,186,1678-8882 170th Street,,Edmonton,AB,T5T 4M2,Canada,(780) 481-3400,53.5236094685,-113.615490843,"Sun - Thu: 11:00 AM - 12:00 AM, Fri - Sat: 11:00 AM - 2:00 AM",,,
Olds,187,"4520 46 Street
Box 4206",,Olds,AB,T4H 1P7,Canada,(403) 556-7988,51.7915588723,-114.106601935,Sun - Sat: 11:00 AM - 12:00 AM,,,
Argyll Centre,189,7641 Argyll Road,,Edmonton,AB,T6C 4A7,Canada,(780) 450-2900,53.507309222,-113.444551698,"Sun - Thu: 11:00 AM - 12:00 AM, Fri - Sat: 11:00 AM - 2:00 AM",,,
Grenier Place,190,200 St. Albert Road,,St Albert,AB,T8N 5H9,Canada,(780) 458-8433,53.6253451361,-113.615729899,"Sun - Thu: 11:00 AM - 12:00 AM, Fri - Sat: 11:00 AM - 2:00 AM",,,
St Paul,191,5009 42nd Street,,St Paul,AB,T0A 3A2,Canada,(780) 645-7897,53.9918667474,-111.273323354,"Sundays: 11:00 AM - 12:00 AM, Mon - Thu: 11:00 AM - 1:00 AM, Fri - Sat: 11:00 AM - 2:00 AM",,,
High Level,192,9506 114th Ave,,High Level,AB,T0H 1Z0,Canada,(780) 841-3443,58.506967,-117.140056,"Sun - Thu: 11:00 AM - 12:00 AM, Fri - Sat: 11:00 AM - 1:00 AM",,,
Calgary Trail,193,4804 Calgary Trail NW,,Edmonton,AB,T6H 5H5,Canada,(780) 435-6001,53.485572145,-113.494890193,"Sun - Thu: 11:00 AM - 12:00 AM, Fri - Sat: 11:00 AM - 2:00 AM",,,
Westlock,194,11303 - 100 Street,,Westlock,AB,T7P 2R8,Canada,(780) 349-8900,54.152055174,-113.830389085,"Sun - Thu: 11:00 AM - 12:00 AM, Fri - Sat: 11:00 AM - 1:00 AM",,,
Millennium,195,11 Broadway Blvd,,Sherwood Park,AB,T8H 2C1,Canada,(780) 464-9999,53.544895753,-113.319217727,"Sun - Thu: 11:00 AM - 12:00 AM, Fri - Sat: 11:00 AM - 2:00 AM",,,
Clareview,196,13803 42nd Street NW,,Edmonton,AB,T5Y 3E1,Canada,(780) 475-7100,53.5990386626,-113.406890035,"Sun - Thu: 11:00 AM - 12:00 AM, Fri - Sat: 11:00 AM - 2:00 AM",,,
Wainwright,197,617 14th Ave,,Wainwright,AB,T9W 1B3,Canada,(780) 842-3130,52.8434045894,-110.859318267,"Sun - Thu: 11:00 AM - 12:00 AM, Fri - Sat: 11:00 AM - 2:00 AM",,,
Beaumont,198,6210 50th St,,Beaumont,AB,T4X 0B6,Canada,(780) 929-0207,53.3625775135,-113.415175055,"Sun - Thu: 11:00 AM - 12:00 AM, Fri - Sat: 11:00 AM - 2:00 AM",,,
Hampton Market,199,6238 199th Street NW,,Edmonton,AB,T5T 4K2,Canada,(780) 484-1727,53.4963126174,-113.664811639,"Sun - Thu: 11:00 AM - 12:00 AM, Fri - Sat: 11:00 AM - 2:00 AM",,,
South Regina,201,4657 Rae Street,,Regina,SK,S4S 6K6,Canada,(306) 585-1722,50.4049826595,-104.621081102,"Sun - Wed: 11:00 AM - 1:00 AM, Thu - Sat: 11:00 AM - 2:00 AM",,,
North Saskatoon,202,826 51st Street,,Saskatoon,SK,S7K 5C7,Canada,(306) 934-7603,52.1729258997,-106.650774267,"Sun - Thu: 11:00 AM - 1:00 AM, Fri - Sat: 11:00 AM - 2:00 AM",,,
East Saskatoon,203,Unit 10 - 1519 8th Street East,,Saskatoon,SK,S7H 0T2,Canada,(306) 955-3400,52.1149341786,-106.633664643,"Sundays: 11:00 AM - 1:00 AM, Mon - Sat: 11:00 AM - 2:00 AM",,,
East Regina,204,2660 Quance Street,,Regina,SK,S4V 2X5,Canada,(306) 779-4500,50.4460320964,-104.539726719,"Sun - Mon: 11:00 AM - 1:00 AM, Tue - Sat: 11:00 AM - 2:00 AM",,,
North Regina,205,545 Albert Street N.,,Regina,SK,S4R 8E2,Canada,(306) 949-5455,50.4852032313,-104.618150951,"Sun - Mon: 11:00 AM - 1:00 AM, Tue - Sat: 11:00 AM - 2:00 AM",,,
Moose Jaw - Main Street North,206,1650 Main Street North,,Moose Jaw,SK,S6J 1L3,Canada,(306) 691-5455,50.4111913014,-105.535718564,"Sun - Mon: 11:00 AM - 1:00 AM, Tue - Sat: 11:00 AM - 2:00 AM",,,
Yorkton,207,226 Broadway St. SE.,,Yorkton,SK,S3N 3K7,Canada,(306) 786-4444,51.210143,-102.449726,"Sun - Thu: 11:00 AM - 12:00 AM, Fri - Sat: 11:00 AM - 1:00 AM",,,
Prince Albert,208,"3250 2nd Ave., West",,Prince Albert,SK,S6V 5E9,Canada,(306) 764-8877,53.1835992365,-105.760001486,"Sundays: 11:00 AM - 1:00 AM, Mon - Sat: 11:00 AM - 2:00 AM",,,
Swift Current,209,1601 North Service Road East,,Swift Current,SK,S9H 3X6,Canada,(306) 778-7666,50.3042920107,-107.780391933,"Sundays: 11:00 AM - 1:00 AM, Mon - Sat: 11:00 AM - 2:00 AM",,,
Regina NW,210,4303 Rochdale Blvd,,Regina,SK,S4X 4R3,Canada,(306) 721-6200,50.4965584208,-104.642999179,"Sundays: 11:00 AM - 12:00 AM, Mondays: 11:00 AM - 1:00 AM, Tue - Sat: 11:00 AM - 2:00 AM",,,
North Battleford,211,"Unit 34 - 11434 Railway Avenue
11434 Railway Avenue",,North Battleford,SK,S9A 3G8,Canada,(306) 445-0545,52.7609676212,-108.276652988,"Sundays: 11:00 AM - 1:00 AM, Mon - Sat: 11:00 AM - 2:00 AM",,,
Estevan,212,102 Souris Avenue,,Estevan,SK,S4A 1J3,Canada,(306) 634-6600,49.1476507012,-102.991746306,"Sundays: 11:00 AM - 12:00 AM, Mon - Thu: 11:00 AM - 1:00 AM, Fri - Sat: 11:00 AM - 2:00 AM",,,
Humboldt,213,2331 Quill Center,,Humboldt,SK,S0K 2A0,Canada,(306) 682-2290,52.2019,-105.1231,Sun - Sat: 11:00 AM - 1:00 AM,,,
Nelson Road,214,515 Nelson Road,,Saskatoon,SK,S7S 1P4,Canada,(306) 651-5585,52.1500720867,-106.569119355,"Sun - Wed: 11:00 AM - 1:00 AM, Thu - Sat: 11:00 AM - 2:00 AM",,,
Boychuk Drive,215,329 Herold Road,,Saskatoon,SK,S7V 1J7,Canada,(306) 477-3400,52.1013933285,-106.567363997,"Sun - Wed: 11:00 AM - 1:00 AM, Thu - Sat: 11:00 AM - 2:00 AM",,,
Weyburn,216,35 Riverview Drive,,Weyburn,SK,S4H 3B4,Canada,(306) 842-6767,49.662493,-103.856011,"Sun - Mon: 11:00 AM - 1:00 AM, Tue - Sat: 11:00 AM - 2:00 AM",,,
Emerald Park,217,22 Great Plains Road,,Emerald Park,SK,S4L 1B6,Canada,(306) 781-6111,50.44468,-104.4119,Sun - Sat: 11:00 AM - 12:00 AM,,,
Moose Jaw - Downtown,218,111 Manitoba Street East,,Moose Jaw,SK,S6H 0A1,Canada,(306) 691-2500,50.3898066,-105.5331096,"Sun - Thu: 11:00 AM - 1:00 AM, Fri - Sat: 11:00 AM - 2:00 AM",,,
Melfort,219,No. 260 Stonegate  500 Highway 6 South,,Melfort,SK,S0E 1A0,Canada,001306.752.0002,52.8667,-104.6,Sun - Sat: 11:00 AM - 2:00 AM,,,
Blairmore,220,107 Betts Avenue,,Saskatoon,SK,S7M 1L2,Canada,(306) 955-7700,52.12646,-106.7589,"Sun - Wed: 11:00 AM - 12:00 AM, Thu - Sat: 11:00 AM - 1:00 AM",,,
Martensville,221,631 Centennial Dr,,Martensville,SK,S0K 2T0,Canada,(306) 477-4950,52.2825794,-106.6701121,"Sun - Thu: 11:00 AM - 12:00 PM, Fri - Sat: 11:00 AM - 1:00 AM",,,
Kindersley,222,1412 12th Ave West,,Kindersley,SK,S0L 1S0,Canada,(306) 463-1511,51.4678,-109.1567,"Sun - Thu: 11:00 AM - 12:00 AM, Fri - Sat: 11:00 AM - 1:00 AM",,,
Meadow Lake,223,721 9th Street,,Meadow Lake,SK,S9X 1H1,Canada,(306) 236-1656,54.124682,-108.452559,"Sun - Thu: 11:00 AM - 12:00 AM, Fri - Sat: 11:00 AM - 1:00 AM",,,
Saddleridge,251,80 Saddletowne Circle NE,,Calgary,AB,T3J 0H5,Canada,(403) 590-5503,51.1215378053,-113.946201772,"Sun - Thu: 11:00 AM - 12:00 AM, Fri - Sat: 11:00 AM - 1:00 AM",,,
Chestermere,252,#200 - 196 Chestermere Station Way,,Chestermere,AB,T1X 1V3,Canada,(403) 235-0110,51.0487587246,-113.8280395,"Sundays: 11:00 AM - 12:00 AM, Mon - Thu: 11:00 AM - 1:00 AM, Fri - Sat: 11:00 AM - 2:00 AM",,,
Innisfail,253,5014 - 40th Ave,,Innisfail,AB,T4G 1Z1,Canada,(403) 227-0573,52.016128662,-113.950566263,Sun - Sat: 11:00 AM - 12:00 AM,,,
Vegreville,254,6601 Highway 16A West,,Vegreville,AB,T9C 0A3,Canada,(780) 632-7160,53.5038155802,-112.081724053,"Sun - Thu: 11:00 AM - 12:00 AM, Fri - Sat: 11:00 AM - 1:00 AM",,,
Vermilion,255,#100-5208 46th Ave,,Vermilion,AB,T9X 1X8,Canada,(780) 853-4333,53.3494396446,-110.859441211,"Sun - Thu: 11:00 AM - 12:00 AM, Fri - Sat: 11:00 AM - 2:00 AM",,,
Box Springs,256,2500 Box Springs Blvd,,Medicine Hat,AB,T1C 1C8,Canada,(403) 526-5551,50.064942,-110.732614,Sun - Sat: 11:00 AM - 12:00 AM,,,
CrossIron Mills,257,"261055 CrossIron Blvd
T4A 0G3",,Rocky View,AB,T4A 0G3,Canada,(403) 250-1007,51.205493,-113.995756,"Sundays: 11:00 AM - 9:00 PM, Mon - Thu: 11:00 AM - 10:00 PM, Fri - Sat: 11:00 AM - 11:00 PM",,,
Creekside,258,12286 Symons Valley Road NW,,Calgary,AB,T2P 0A3,Canada,(403) 457-1515,51.1627819026,-114.127140314,"Sun - Thu: 11:00 AM - 12:00 AM, Fri - Sat: 11:00 AM - 1:00 AM",,,
Chinook Centre,259,232 - 6455 Macleod Trail SW,,Calgary,AB,T2H 0K8,Canada,(403) 255-2525,50.996056985,-114.071720159,"Sun - Mon: 11:00 AM - 11:00 PM, Tue - Thu: 11:00 AM - 12:00 AM, Fri - Sat: 11:00 AM - 1:00 AM",,,
Kingsway Mall,260,11440-106th Street,,Edmonton,AB,T5G 3E3,Canada,(780) 474-9996,53.5649594337,-113.503386948,"Sun - Thu: 11:00 AM - 12:00 AM, Fri - Sat: 11:00 AM - 2:00 AM",,,
Lac La Biche,261,14068 Stanley Drive,,Lac La Biche,AB,T0A 2C0,Canada,(780) 623-7499,54.770278,-111.979167,"Sun - Thu: 11:00 AM - 12:00 AM, Fri - Sat: 11:00 AM - 1:00 AM",,,
Pincher Creek,262,1130 Table Mountain Street,,Pincher Creek,AB,T0K 1W0,Canada,(403) 627-2787,49.49779,-113.9473,"Sundays: 11:00 AM - 10:00 PM, Mon - Thu: 11:00 AM - 11:00 PM, Fri - Sat: 11:00 AM - 12:00 AM",,,
Devon,263,"115,180 Miquelon Ave",,Devon,AB,T9G 0A6,Canada,(780) 987-0006,53.352556,-113.729661,"Sundays: 11:00 AM - 11:00 PM, Mon - Thu: 11:00 AM - 12:00 AM, Fri - Sat: 11:00 AM - 1:00 AM",,,
Ellerslie,264,9630 Ellerslie Road SW,,Edmonton,AB,T6X 0N5,Canada,(780) 463-0663,53.424955,-113.485362,"Sundays: 11:00 AM - 11:00 PM, Mon - Thu: 11:00 AM - 12:00 AM, Fri - Sat: 11:00 AM - 1:00 AM",,,
Albany,265,12788 167 Ave Edmonton,,Edmonton,AB,T6V 1J6,Canada,(780) 757-2747,53.628788,-113.5429,"Sun - Thu: 11:00 AM - 12:00 AM, Fri - Sat: 11:00 AM - 2:00 AM",,,
Tri Village,266,112 205 Jennifer Heil Way,,Spruce Grove,AB,T7X 0T3,Canada,(780) 960-6639,53.542906,-113.934536,"Sundays: 11:00 AM - 1:00 AM, Mon - Fri: 11:00 AM - 12:00 AM, Saturdays: 11:00 AM - 1:00 AM",,,
Blackfalds,267,#3 - 37 Cottonwood Drive,,Red Deer,AB,T0M 0J0,Canada,001403.885.7771,52.3833,-113.8,"Sun - Thu: 11:00 AM - 11:00 PM, Fri - Sat: 11:00 AM - 1:00 AM",,,
Manning Towne Centre,268,"15541 37st, NW",,Edmonton,AB,T5Y 0S5,Canada,(780) 761-0277,53.616365,-113.394289,"Sundays: 11:00 AM - 11:00 PM, Mon - Thu: 11:00 AM - 12:00 AM, Fri - Sat: 11:00 AM - 1:00 AM",,,
Gas Alley,269,122 Leva Avenue,,Red Deer County,AB,T4E 1B2,Canada,001403 348 5220,52.2113787,-113.8162994,"Sun - Thu: 11:00 AM - 11:00 PM, Fri - Sat: 11:00 AM - 12:00 AM",,,
Bonnyville,271,5406 East Point Way,,Bonnyville,AB,T9N 0P7,Canada,(780) 812-3310,54.2667,-110.75,"Sun - Thu: 11:00 AM - 12:00 AM, Fri - Sat: 11:00 AM - 1:00 AM",,,
West Lethbridge,272,#10-14 Aquatania Blvd W,,Lethbridge,AB,T1J 5L4,Canada,(403) 380-4567,49.6718452,-112.90543,"Sundays: 11:00 AM - 12:00 AM, Mon - Thu: 11:00 AM - 1:00 AM, Fri - Sat: 11:00 AM - 2:00 AM",,,
Boston Pizza Edmonton International Airport,273,1000 Airport Rd,,Edmonton,AB,T9E 0V3,Canada,(780) 890-4512,53.308403,-113.584664,Sun - Sat: 5:00 AM - 12:00 AM,,,
Windermere,274,6254 Currents Drive,,Edmonton,AB,T6W OL7,Canada,001780 7052553,53.4367089,-113.6070834,"Sun - Thu: 11:00 AM - 12:00 AM, Fri - Sat: 11:00 AM - 2:00 AM",,,
Athabasca,275,2201 48th Ave,,Athabasca,AB,T9S 0A4,Canada,(780) 675-3761,54.71905,-113.241996,"Sun - Thu: 11:00 AM - 12:00 AM, Fri - Sat: 11:00 AM - 1:00 AM",,,
Dauphin,301,"D24 - 1450 Main Street South
Box 794",,Dauphin,MB,R7N 3H4,Canada,(204) 638-9017,51.1369501272,-100.062797265,"Sun - Thu: 11:00 AM - 12:00 AM, Fri - Sat: 11:00 AM - 1:00 AM",,,
Brandon,305,"#2, 1140 Richmond Ave",,Brandon,MB,R7A 1M6,Canada,(204) 725-3661,49.8274355236,-99.9525306913,"Sun - Thu: 11:00 AM - 1:00 AM, Fri - Sat: 11:00 AM - 2:00 AM",,,
Pembina,306,2729 Pembina Hwy,,Winnipeg,MB,R3T 2H5,Canada,(204) 261-7111,49.7936841438,-97.157548981,Sun - Sat: 11:00 AM - 2:00 AM,,,
Birchwood,307,2517 Portage Avenue,,Winnipeg,MB,R3J 0P1,Canada,(204) 925-4101,49.8751204893,-97.2580961958,Sun - Sat: 11:00 AM - 2:00 AM,,,
Kildonan,308,"210-1615 Regent Ave. W.
Kildonan Crossing Centre",,Winnipeg,MB,R2C 5C6,Canada,(204) 925-4102,49.8988110005,-97.0704299182,Sun - Sat: 11:00 AM - 2:00 AM,,,
Kenaston,309,1630 Kenaston Blvd,,Winnipeg,MB,R3P 2M6,Canada,(204) 925-4103,49.8230915233,-97.2027853239,Sun - Sat: 11:00 AM - 2:00 AM,,,
Portage la Prairie,310,2180 Saskatchewan Avenue,,Portage la Prairie,MB,R1N 0P3,Canada,(204) 239-8200,49.9711871,-98.3178683474,"Sun - Thu: 11:00 AM - 12:00 AM, Fri - Sat: 11:00 AM - 2:00 AM",,,
St Vital,311,1919 Bishop Grandin Blvd.,,Winnipeg,MB,R2M 3E8,Canada,(204) 925-4104,49.83795743,-97.0941579953,Sun - Sat: 11:00 AM - 2:00 AM,,,
Garden City,312,Unit A-2211 McPhillips Street,,Winnipeg,MB,R2V 3M5,Canada,(204) 925-4105,49.9508365514,-97.1495576597,Sun - Sat: 11:00 AM - 2:00 AM,,,
Selkirk,313,1018 Manitoba Ave,,Selkirk,MB,R1A 4M2,Canada,(204) 785-7777,50.1560120189,-96.8978856794,"Sun - Thu: 11:00 AM - 12:00 AM, Fri - Sat: 11:00 AM - 2:00 AM",,,
Thompson,314,4 Moak Crescent,,Thompson,MB,R8N 2B7,Canada,(204) 677-0111,55.7440493261,-97.8485523892,Sun - Sat: 11:00 AM - 2:00 AM,,,
Grant Park,315,1160 Taylor Avenue,,Winnipeg,MB,R3M 3Z4,Canada,(204) 925-4106,49.8543806199,-97.1639556985,Sun - Sat: 11:00 AM - 2:00 AM,,,
Morden,316,215 La Verendrye Boulevard,,Morden,MB,R6M 1A2,Canada,(204) 822-3222,49.1936212894,-98.1062144454,Sun - Sat: 11:00 AM - 12:00 AM,,,
Polo Park,318,690 St. James Street,,Winnipeg,MB,R3G 3J7,Canada,(204) 925-4107,49.8838597164,-97.2014466068,Sun - Sat: 11:00 AM - 2:00 AM,,,
Cityplace Mall,319,66-333 St. Mary Avenue,,Winnipeg,MB,R3C 4A5,Canada,(204) 925-4109,49.8904440187,-97.1426796592,Sun - Sat: 11:00 AM - 2:00 AM,,,
Henderson Hwy,320,1475 Henderson Hwy Winnipeg Manitoba,,Winnipeg,MB,R2N 1N3,Canada,(204) 925-4114,49.94684,-97.08475,Sun - Sat: 11:00 AM - 2:00 AM,,,
Steinbach,321,182 PTH 12 North,,Steinbach,MB,R5G 1T7,Canada,(204) 320-2444,49.5372,-96.6822,Sun - Sat: 11:00 AM - 2:00 AM,,,
Virden,322,290 Frontage Road W,,Virden,MB,R0M 2C0,Canada,(204) 748-6500,49.856621,-100.921735,"Sun - Thu: 11:00 AM - 12:00 AM, Fri - Sat: 11:00 AM - 1:00 AM",,,
Brandon North,323,2040 Marshall Lane,,Brandon,MB,R7C 1A8,Canada,(204) 725-3661,49.888827,-99.950835,"Sun - Thu: 11:00 AM - 1:00 AM, Fri - Sat: 11:00 AM - 2:00 AM",,,
Kenora,401,223 Main Street,,Kenora,ON,P9N 1T3,Canada,(807) 468-5597,49.7789787466,-94.4849779211,"Sundays: 11:00 AM - 12:00 AM, Mon - Thu: 11:00 AM - 1:00 AM, Fri - Sat: 11:00 AM - 2:00 AM",,,
Thunder Bay,402,217 W. Arthur Street,,Thunder Bay,ON,P7E 5P7,Canada,(807) 577-4201,48.3808014574,-89.2819720378,"Sundays: 11:00 AM - 12:00 AM, Mon - Thu: 11:00 AM - 1:00 AM, Fri - Sat: 11:00 AM - 2:00 AM",,,
Memorial Avenue,403,505 Memorial Avenue,,Thunder Bay,ON,P7B 3Y6,Canada,(807) 345-6622,48.4207341584,-89.2384978837,"Sundays: 11:00 AM - 12:00 AM, Mon - Thu: 11:00 AM - 1:00 AM, Fri - Sat: 11:00 AM - 2:00 AM",,,
Goderich,404,490 Huron Road,,Goderich,ON,N7A 3X8,Canada,(519) 524-7797,43.7312765384,-81.691070549,"Sundays: 11:00 AM - 12:00 AM, Mon - Thu: 11:00 AM - 1:00 AM, Fri - Sat: 11:00 AM - 2:00 AM",,,
Peterborough North,406,1164 Chemong Rd,,Peterborough,ON,K9J 6X2,Canada,(705) 742-6464,44.3299152984,-78.3420443838,"Sun - Wed: 11:00 AM - 12:00 AM, Thursdays: 11:00 AM - 1:00 AM, Fri - Sat: 11:00 AM - 2:00 AM",,,
Bracebridge,407,10 Depot Drive,,Bracebridge,ON,P1L 0A1,Canada,(705) 646-1007,45.0501382558,-79.2926701125,"Sundays: 11:00 AM - 12:00 AM, Mon - Sat: 11:00 AM - 1:00 AM",,,
Kingston East,408,95 Dalton Avenue,,Kingston,ON,K7K 0C4,Canada,(613) 544-3131,44.2657729919,-76.5014518365,"Sun - Mon: 11:00 AM - 12:00 AM, Tue - Sat: 11:00 AM - 1:00 AM",,,
Timmins,409,856 Riverside Drive,,Timmins,ON,P4N 3W1,Canada,(705) 268-3700,48.4770695587,-81.3612885253,"Sundays: 11:00 AM - 12:00 AM, Mon - Thu: 11:00 AM - 1:00 AM, Fri - Sat: 11:00 AM - 2:00 AM",,,
Sault Ste Marie,410,601 Great Northern Road,,Sault Ste Marie,ON,P6B 5A1,Canada,(705) 949-5560,46.5443924009,-84.3192248888,"Sun - Wed: 11:00 AM - 12:00 AM, Thu - Sat: 11:00 AM - 1:00 AM",,,
Owen Sound,411,1606 16th Street East,,Owen Sound,ON,N4K 5N3,Canada,(519) 370-2003,44.574555599,-80.9180229085,"Sundays: 11:00 AM - 12:00 AM, Mon - Wed: 11:00 AM - 1:00 AM, Thu - Sat: 11:00 AM - 2:00 AM",,,
Peterborough,412,821 Rye Street,,Peterborough,ON,K9J 6W9,Canada,(705) 740-2775,44.2796655967,-78.3446740066,Sun - Sat: 11:00 AM - 2:00 AM,,,
Collingwood,413,390 First Street,,Collingwood,ON,L9Y 1B5,Canada,(705) 443-8776,44.5016672353,-80.2288978024,Sun - Sat: 11:00 AM - 2:00 AM,,,
North Bay,414,50 Josephine St.,,North Bay,ON,P1B 0A7,Canada,(705) 494-9191,46.3333976122,-79.4677142005,"Sun - Wed: 11:00 AM - 12:00 AM, Thu - Sat: 11:00 AM - 1:00 AM",,,
Orillia,415,3300 Monarch Drive,,Orillia,ON,L3V 8A2,Canada,(705) 329-0994,44.6092427147,-79.4523804258,"Sundays: 11:00 AM - 12:00 AM, Mon - Sat: 11:00 AM - 1:00 AM",,,
Cobourg,416,1111 Elgin Street,,Cobourg,ON,K9A 5H7,Canada,(905) 372-4222,43.9711391217,-78.200119883,"Sundays: 11:00 AM - 12:00 AM, Mon - Thu: 11:00 AM - 1:00 AM, Fri - Sat: 11:00 AM - 2:00 AM",,,
Alliston,417,27 Young St,,Alliston,ON,L9R 1B5,Canada,(705) 434-1987,44.1513,-79.8744,"Sundays: 11:00 AM - 12:00 AM, Mon - Thu: 11:00 AM - 1:00 AM, Fri - Sat: 11:00 AM - 2:00 AM",,,
Sudbury,418,120 Donna Drive,,Sudbury,ON,P3B 4K6,Canada,(705) 524-8886,46.5037220395,-80.9383427213,"Sundays: 11:00 AM - 12:00 AM, Mon - Thu: 11:00 AM - 1:00 AM, Fri - Sat: 11:00 AM - 2:00 AM",,,
Brockville,419,2000 Parkedale Avenue,,Brockville,ON,K6V 7N4,Canada,(613) 498-2901,44.6128251489,-75.6869654383,"Sun - Thu: 11:00 AM - 1:00 AM, Fri - Sat: 11:00 AM - 2:00 AM",,,
Gravenhurst,420,1100 Bay Street,,Gravenhurst,ON,P1P 1Z9,Canada,(705) 684-8024,44.9184931898,-79.3876507231,"Sun - Thu: 11:00 AM - 12:00 AM, Fri - Sat: 11:00 AM - 1:00 AM",,,
Orleans,421,3884 Innes Road,,Orleans,ON,K1W 1K9,Canada,(613) 590-0881,45.4530750206,-75.5111290483,"Sundays: 11:00 AM - 12:00 AM, Mon - Thu: 11:00 AM - 1:00 AM, Fri - Sat: 11:00 AM - 2:00 AM",,,
Barrhaven,422,1681 Greenbank Road,,Barrhaven,ON,K2J 4Y6,Canada,(613) 825-1414,45.2737074228,-75.7482800465,"Sundays: 11:00 AM - 12:00 AM, Mon - Thu: 11:00 AM - 1:00 AM, Fri - Sat: 11:00 AM - 2:00 AM",,,
Rockland,423,"3002 Richelieu Street
P.O. Box 1153",,Rockland,ON,K4K 0B5,Canada,(613) 446-7772,45.5338385925,-75.3052261656,"Sun - Thu: 11:00 AM - 12:00 AM, Fri - Sat: 11:00 AM - 1:00 AM",,,
Carling,424,1640 Carling Avenue,,Ottawa,ON,K2A 1C5,Canada,(613) 722-2222,45.3796641474,-75.7484029899,"Sun - Wed: 11:00 AM - 12:00 AM, Thu - Sat: 11:00 AM - 2:00 AM",,,
Cornwall,425,1234 Brookdale Ave,,Cornwall,ON,K6J 4P8,Canada,(613) 933-2455,45.02864,-74.75311,"Sundays: 11:00 AM - 12:00 AM, Mon - Thu: 11:00 AM - 1:00 AM, Fri - Sat: 11:00 AM - 2:00 AM",,,
Hunt Club,430,521 West Hunt Club Road,,Nepean,ON,K2G 5W5,Canada,(613) 226-3374,45.3341648423,-75.7256038184,"Sundays: 11:00 AM - 11:00 PM, Mon - Thu: 11:00 AM - 12:00 AM, Fri - Sat: 11:00 AM - 1:00 AM",,,
St Laurent,431,1055 St. Laurent Blvd.,,Ottawa,ON,K1K 3B1,Canada,(613) 746-1039,45.4269393018,-75.6387852839,"Sundays: 11:00 AM - 12:00 AM, Mon - Sat: 11:00 AM - 1:00 AM",,,
Kanata,432,135 Roland Michener Drive,,Kanata,ON,K2T 1G7,Canada,(613) 592-7031,45.3086472555,-75.9130651904,"Sun - Thu: 11:00 AM - 1:00 AM, Fri - Sat: 11:00 AM - 2:00 AM",,,
Conroy,433,2980 Conroy Road,,Ottawa,ON,K1G 6C1,Canada,(613) 248-0802,45.3816722231,-75.628785887,"Sun - Thu: 11:00 AM - 12:00 AM, Fri - Sat: 11:00 AM - 1:00 AM",,,
Molson Park,435,481 Bryne Drive,,Barrie,ON,L4N 9P7,Canada,(705) 719-2067,44.3331596383,-79.6898319523,"Sundays: 11:00 AM - 12:00 AM, Mon - Thu: 11:00 AM - 1:00 AM, Fri - Sat: 11:00 AM - 2:00 AM",,,
Midland,436,16835 Heritage Drive,,Midland,ON,L4R 0A9,Canada,(705) 526-9966,44.7332140633,-79.8711871352,"Sundays: 11:00 AM - 12:00 AM, Mon - Thu: 11:00 AM - 1:00 AM, Fri - Sat: 11:00 AM - 2:00 AM",,,
Pembroke,437,1108B Pembroke Street East,,Pembroke,ON,K8A 8P7,Canada,(613) 735-8778,45.8179983676,-77.0777558779,"Sun - Wed: 11:00 AM - 12:00 AM, Thu - Sat: 11:00 AM - 1:00 AM",,,
Kingston,438,755 Gardiners Road,,Kingston,ON,K7M 3Y5,Canada,(613) 634-6670,44.24873167,-76.5681622941,"Sun - Mon: 11:00 AM - 12:00 AM, Tue - Sat: 11:00 AM - 1:00 AM",,,
Belleville,439,180 Bell Blvd.,,Belleville,ON,K8P 5L2,Canada,(613) 966-2444,44.1866862315,-77.4032417126,"Sun - Mon: 11:00 AM - 12:00 AM, Tue - Sat: 11:00 AM - 1:00 AM",,,
Vaughan,440,Unit #R3 - 101 50 Interchange Way,,Vaughan,ON,L4K 5C3,Canada,(905) 760-2911,43.7887389199,-79.529472771,"Sun - Thu: 11:00 AM - 12:00 AM, Fri - Sat: 11:00 AM - 2:00 AM",,,
Burlington South,442,3120 South Service Road,,Burlington,ON,L7N 3J3,Canada,(905) 631-0311,43.3543832849,-79.8004400358,Sun - Sat: 11:00 AM - 2:00 AM,,,
Oshawa,443,951 Taunton Road East,,Oshawa,ON,L1H 7K5,Canada,(905) 720-2900,43.9408301573,-78.8440769482,"Sundays: 11:00 AM - 12:00 AM, Mon - Thu: 11:00 AM - 1:00 AM, Fri - Sat: 11:00 AM - 2:00 AM",,,
Oakville,444,"2011 Winston Park Drive
Centrum Shopping Centre",,Oakville,ON,L6H 6P5,Canada,(905) 829-8370,43.5073795223,-79.6677157998,"Sundays: 11:00 AM - 12:00 AM, Mon - Thu: 11:00 AM - 1:00 AM, Fri - Sat: 11:00 AM - 2:00 AM",,,
Markham,445,7680 Markham Rd.,,Markham,ON,L3S 3K1,Canada,(905) 201-0477,43.8530997925,-79.2549401475,"Sundays: 11:00 AM - 12:00 AM, Mon - Thu: 11:00 AM - 1:00 AM, Fri - Sat: 11:00 AM - 2:00 AM",,,
Allen Road,446,180 Rimrock Road,,North York,ON,M3J 3A6,Canada,(416) 636-6275,43.7575044648,-79.4659998231,"Sundays: 12:00 PM - 12:00 AM, Mon - Sat: 11:00 AM - 1:00 AM",,,
Warden Ave,447,7020 Warden Ave,,Markham,ON,L3R 5Y3,Canada,(905) 305-6446,43.8204685637,-79.3246558884,"Sundays: 11:00 AM - 12:00 AM, Mon - Thu: 11:00 AM - 1:00 AM, Fri - Sat: 11:00 AM - 2:00 AM",,,
Morningside Ave,448,25 Cinemart Drive,,Scarborough,ON,M1B 6H6,Canada,(416) 282-0770,43.7964809393,-79.2034541815,"Sun - Thu: 11:00 AM - 1:00 AM, Fri - Sat: 11:00 AM - 2:00 AM",,,
Pickering,449,1899 Brock Rd,,Pickering,ON,L1V 4H7,Canada,(905) 427-3529,43.8479156789,-79.0738786628,"Sundays: 11:00 AM - 11:00 AM, Mon - Sat: 11:00 AM - 2:00 AM",,,
Scarborough Town Ctr,450,"400 Progress Ave.,",,Scarborough,ON,M1P 5J1,Canada,(416) 290-0029,43.7752971076,-79.2631227141,"Sundays: 11:00 AM - 12:00 AM, Mon - Tue: 11:00 AM - 1:00 AM, Wed - Sat: 11:00 AM - 2:00 AM",,,
Ajax,451,8 Salem Rd.,,Ajax,ON,L1S 7T7,Canada,(905) 686-1908,43.8630069819,-79.0160747719,Sun - Sat: 11:00 AM - 2:00 AM,,,
Vaughan Mills,452,3255 Rutherford Ave,,Vaughan,ON,L4K 5Y5,Canada,(905) 761-5165,43.8292829228,-79.5393902057,"Sundays: 11:00 AM - 12:00 AM, Mon - Thu: 11:00 AM - 1:00 AM, Fri - Sat: 11:00 AM - 2:00 AM",,,
Woodbine & Major Mackenzie,453,2910 Major Mackenzie Dr. East,,Markham,ON,L6C 1J6,Canada,(905) 927-0000,43.8852085118,-79.3704659671,"Sundays: 11:00 AM - 12:00 AM, Mon - Thu: 11:00 AM - 1:00 AM, Fri - Sat: 11:00 AM - 2:00 AM",,,
Milton,455,1085 Maple Avenue,,Milton,ON,L9T 0A5,Canada,(905) 864-1411,43.5365717509,-79.8730995882,"Sun - Mon: 11:00 AM - 12:00 AM, Tue - Thu: 11:00 AM - 1:00 AM, Fri - Sat: 11:00 AM - 2:00 AM",,,
QEW & Dorval,457,270 North Service Road W.,,Oakville,ON,L6M 2R8,Canada,(905) 849-8100,43.4468640463,-79.7068322932,"Sun - Mon: 11:00 AM - 12:00 AM, Tue - Thu: 11:00 AM - 1:00 AM, Fri - Sat: 11:00 AM - 2:00 AM",,,
Whitby North,458,20 Taunton Road East,,Whitby,ON,L1R 0A1,Canada,(905) 620-1102,43.9154799102,-78.9567614091,"Sundays: 11:00 AM - 12:00 AM, Mon - Thu: 11:00 AM - 1:00 AM, Fri - Sat: 11:00 AM - 2:00 AM",,,
Burlington North,459,4523 Dundas Street,,Burlington,ON,L7R 3X4,Canada,(905) 315-1588,43.4033352507,-79.8114229799,Sun - Sat: 11:00 AM - 2:00 AM,,,
Warden & Eglinton,460,890 Warden Avenue,,Scarborough,ON,M1L 4R1,Canada,(416) 759-2717,43.7284556703,-79.287813848,"Sundays: 11:00 AM - 12:00 AM, Mon - Thu: 11:00 AM - 1:00 AM, Fri - Sat: 11:00 AM - 2:00 AM",,,
Lindsay,461,435 Kent Street West,,Lindsay,ON,K9V 6C3,Canada,(705) 328-0008,44.349179847,-78.7637539235,"Sundays: 11:00 AM - 12:00 AM, Mon - Thu: 11:00 AM - 1:00 AM, Fri - Sat: 11:00 AM - 2:00 AM",,,
Waterdown,462,4 Horseshoe Crescent,,Waterdown,ON,L0R 2H2,Canada,(905) 690-1500,43.3190097352,-79.9139987609,"Sun - Wed: 11:00 AM - 12:00 AM, Thu - Sat: 11:00 AM - 1:00 AM",,,
Yonge & Empress,463,100 - 5170 Yonge Street,,North York,ON,M2N 0G1,Canada,(416) 792-3172,43.7696449,-79.4154474,"Sundays: 11:00 AM - 12:00 AM, Mon - Thu: 11:00 AM - 1:00 AM, Fri - Sat: 11:00 AM - 2:00 AM",,,
Bowmanville,464,2372 Highway 2,,Bowmanville,ON,L1C 4Z3,Canada,(905) 623-9993,43.9105450985,-78.7077258818,"Sun - Wed: 11:00 AM - 12:00 AM, Thursdays: 11:00 AM - 1:00 AM, Fri - Sat: 11:00 AM - 2:00 AM",,,
Kincardine,465,4 Millenium Way,,Kincardine,ON,N2Z 0B5,Canada,(519) 395-3966,44.169661985,-81.6162526568,"Sundays: 11:00 AM - 12:00 AM, Mon - Thu: 11:00 AM - 1:00 AM, Fri - Sat: 11:00 AM - 2:00 AM",,,
Fort Frances,466,840 King's Highway,,Fort Frances,ON,P9A 2X4,Canada,(807) 274-2727,48.6078130398,-93.4202607125,"Sun - Thu: 11:00 AM - 12:00 AM, Fri - Sat: 11:00 AM - 1:00 AM",,,
Lakeshore & Leslie,468,16A Leslie St unit 1,,Toronto,ON,M4M 3C1,Canada,(416) 778-4700,43.6577358916,-79.3273333225,"Sundays: 11:00 AM - 12:00 AM, Mon - Thu: 11:00 AM - 1:00 AM, Fri - Sat: 11:00 AM - 2:00 AM",,,
Front & John,469,Unit 1C201  250 Front street,,Toronto,ON,M5V 3G5,Canada,(416) 593-8555,43.6440208718,-79.3884566854,Sun - Sat: 11:00 AM - 2:00 AM,,,
Queensway,470,1602 The Queensway,,Toronto,ON,M8Z 1V1,Canada,(416) 201-9555,43.617242,-79.543136,"Sun - Wed: 11:00 AM - 1:00 AM, Thu - Sat: 11:00 AM - 2:00 AM",,,
Trenton,471,227 Dundas St E,,Trenton,ON,K8V 1L8,Canada,(613) 392-7194,44.104139,-77.560643,"Sun - Thu: 11:00 AM - 1:00 AM, Fri - Sat: 11:00 AM - 2:00 AM",,,
Parry Sound,472,10 Bay street,,Parry Sound,ON,P2A 1S3,Canada,(705) 996-0260,45.33891,-80.038019,"Sun - Thu: 11:00 AM - 12:00 AM, Fri - Sat: 11:00 AM - 1:00 AM",,,
Fergus,474,100 McQueen Blvd.,,Fergus,ON,N1M 3T8,Canada,(519) 787-6963,43.697266,-80.366274,"Sundays: 11:00 AM - 12:00 AM, Mon - Thu: 11:00 AM - 1:00 AM, Fri - Sat: 11:00 AM - 2:00 AM",,,
Huntsville,476,7 John St,,Huntsville,ON,P1H 1H2,Canada,(705) 784-9909,45.328272,-79.214723,"Sundays: 11:00 AM - 12:00 AM, Mon - Thu: 11:00 AM - 1:00 AM, Fri - Sat: 11:00 AM - 2:00 AM",,,
Barrie North,477,447 Cundles Road East,,Barrie,ON,L4M 0J7,Canada,(705) 797-0550,44.415988,-79.673862,"Sun - Thu: 11:00 AM - 1:00 AM, Fri - Sat: 11:00 AM - 2:00 AM",,,
Dundas & Neyagawa,478,499 Dundas Street West,,Oakville,ON,L6M 1L9,Canada,(905) 257-8009,43.46636,-79.74678,"Sundays: 11:00 AM - 12:00 AM, Mon - Thu: 11:00 AM - 1:00 AM, Fri - Sat: 11:00 AM - 2:00 AM",,,
Georgetown,502,"315 Guelph Street
Halton Hill Square",,Georgetown,ON,L7G 4B3,Canada,(905) 877-8005,43.6493825703,-79.8872858911,"Sundays: 11:00 AM - 12:00 AM, Mon - Thu: 11:00 AM - 1:00 AM, Fri - Sat: 11:00 AM - 2:00 AM",,,
Upper James,503,1565 Upper James Street,,Hamilton,ON,L9B 1K2,Canada,(905) 574-0333,43.2035658779,-79.892627099,Sun - Sat: 11:00 AM - 2:00 AM,,,
Boston Pizza Dorchester,504,4725 Dorchester Road Unit 16,,Niagara Falls,ON,L2E 0A8,Canada,(905) 371-1898,43.1046881,-79.112189399,"Sundays: 11:00 AM - 12:00 AM, Mondays: 11:00 AM - 1:00 AM, Tue - Wed: 11:00 AM - 12:00 AM, Thu - Sat: 11:00 AM - 2:00 AM",,,
Courtney Park,505,50 Courtney Park Drive,,Mississauga,ON,L5T 2Y3,Canada,(905) 565-6225,43.6378839468,-79.6934246318,"Sundays: 11:00 AM - 1:00 AM, Mon - Wed: 11:00 AM - 12:00 AM, Thursdays: 11:00 AM - 1:00 AM, Fri - Sat: 11:00 AM - 2:00 AM",,,
Mississauga Road,506,6978 Financial Drive,,Mississauga,ON,L5N 8J4,Canada,(905) 819-9299,43.6110344732,-79.7486672019,"Sun - Thu: 11:00 AM - 1:00 AM, Fri - Sat: 11:00 AM - 2:00 AM",,,
Clifton Hill,507,4950 Clifton Hill,,Niagara Falls,ON,L2E 6S8,Canada,(905) 358-2750,43.0918410585,-79.0758252667,Sun - Sat: 11:00 AM - 2:00 AM,,,
St Catharines,508,333 Ontario Street,,St Catharines,ON,L2R 5L3,Canada,(905) 688-0273,43.1707434038,-79.264707318,Sun - Sat: 11:00 AM - 2:00 AM,,,
Main West,509,1563 Main Street West,,Hamilton,ON,L8S 1E6,Canada,(905) 777-1919,43.2574799761,-79.9276386487,Sun - Sat: 11:00 AM - 2:00 AM,,,
Stoney Creek,510,135 Upper Centennial Parkway,,Stoney Creek,ON,L8J 2T7,Canada,(905) 664-8181,43.1821566499,-79.7727709394,Sun - Sat: 11:00 AM - 2:00 AM,,,
Grimsby,511,1 Industrial Drive,,Grimsby,ON,L3M 5H8,Canada,(905) 309-1761,43.2055500478,-79.5986284364,Sun - Sat: 11:00 AM - 2:00 AM,,,
Dixon Road,512,5 Carlson Court,,Etobicoke,ON,M9W 6A2,Canada,(416) 679-9320,43.6894518751,-79.5872151903,"Sun - Thu: 11:00 AM - 1:00 AM, Fri - Sat: 11:00 AM - 2:00 AM",,,
Pen Centre,513,221 Glendale Avenue,,St Catharines,ON,L2T 2K9,Canada,(905) 687-1991,43.1331397973,-79.2244775038,Sun - Sat: 11:00 AM - 2:00 AM,,,
Welland,514,934 Niagara Street,,Welland,ON,L3C 1M3,Canada,(905) 714-1647,43.022101412,-79.2498516566,Sun - Sat: 11:00 AM - 2:00 AM,,,
Dixie & Aimco,515,1510 Aimco Boulevard,,Mississauga,ON,L4W 5K1,Canada,(905) 625-1265,43.6392943809,-79.6235449664,"Sun - Thu: 11:00 AM - 1:00 AM, Fri - Sat: 11:00 AM - 2:00 AM",,,
Queenston Road,516,727 Queenston Road,,Hamilton,ON,L8G 1A1,Canada,(905) 578-4774,43.229278125,-79.7700866751,Sun - Sat: 11:00 AM - 2:00 AM,,,
Square One,517,35 Square One Drive,,Mississauga,ON,L5B 0E2,Canada,(905) 896-4646,43.5962778495,-79.6421845527,"Sun - Mon: 11:00 AM - 1:00 AM, Tuesdays: 11:00 AM - 2:00 AM, Wednesdays: 11:00 AM - 1:00 AM, Thu - Sat: 11:00 AM - 2:00 AM",,,
Centre on Barton,518,1219 Barton Street East,,Hamilton,ON,L8H 2V4,Canada,(905) 544-1313,43.2503014473,-79.8109721875,"Sundays: 11:00 AM - 12:00 AM, Mon - Thu: 11:00 AM - 1:00 AM, Fri - Sat: 11:00 AM - 2:00 AM",,,
AMERICANA,519,8444 LUNDY'S LANE NIAGARA FALLS,,Niagara Falls,ON,L2H 1H4,Canada,(905) 356-6253,43.088405,-79.139915,"Sun - Thu: 11:00 AM - 12:00 AM, Fri - Sat: 11:00 AM - 2:00 AM",,,
Orangeville,524,5 Buena Vista Drive,,Orangeville,ON,L9W 0A2,Canada,(519) 942-1966,43.9224296276,-80.0823219428,Sun - Sat: 11:00 AM - 2:00 AM,,,
Newmarket,525,18199 Yonge Street,,Newmarket,ON,L3Y 4V8,Canada,(905) 953-0229,44.0780691483,-79.4620588039,"Sundays: 11:00 AM - 12:00 AM, Mon - Thu: 11:00 AM - 1:00 AM, Fri - Sat: 11:00 AM - 2:00 AM",,,
Brampton,526,2458 Queen Street East,,Brampton,ON,L6S 5X9,Canada,(905) 789-6525,43.7379837842,-79.7021945947,"Sundays: 11:00 AM - 12:00 AM, Mon - Thu: 11:00 AM - 1:00 AM, Fri - Sat: 11:00 AM - 2:00 AM",,,
Brantford,527,299 Wayne Gretzky Parkway,,Brantford,ON,N3R 8A5,Canada,(519) 751-2304,43.1624720447,-80.2424010864,Sun - Sat: 11:00 AM - 2:00 AM,,,
Sarnia,528,1400 Exmouth Street,,Sarnia,ON,N7S 3X9,Canada,(519) 542-7500,42.9843304659,-82.3522875021,Sun - Sat: 11:00 AM - 2:00 AM,,,
London,529,3090 Wonderland Road South,,London,ON,N6L 1A6,Canada,(519) 472-5001,42.9365976889,-81.2808288969,Sun - Sat: 11:00 AM - 2:00 AM,,,
Woodstock,530,431 Norwich Ave,,Woodstock,ON,N4S 3W4,Canada,(519) 536-7800,43.1176284377,-80.7384913862,"Sun - Thu: 11:00 AM - 1:00 AM, Fri - Sat: 11:00 AM - 2:00 AM",,,
Simcoe,531,9 Queensway West,,Simcoe,ON,N3Y 2M7,Canada,(519) 428-3347,42.8461489088,-80.3073698458,Sun - Sat: 11:00 AM - 2:00 AM,,,
Wellington Road,532,1090 Wellington Road South,,London,ON,N6E 1M2,Canada,(519) 681-5009,42.932342481,-81.2221507417,Sun - Sat: 11:00 AM - 2:00 AM,,,
Stouffville,533,1060 Hoover Park,,Stouffville,ON,L4A 0K2,Canada,(905) 640-2869,43.9577041396,-79.274672564,"Sundays: 11:00 AM - 12:00 AM, Mon - Thu: 11:00 AM - 1:00 AM, Fri - Sat: 11:00 AM - 2:00 AM",,,
Keswick,536,253 The Queensway South,,Keswick,ON,L4P 2B2,Canada,(905) 476-8827,44.2269331212,-79.4643332569,"Sun - Thu: 11:00 AM - 12:00 AM, Fri - Sat: 11:00 AM - 1:00 AM",,,
Aurora,537,8 First Commerce Drive,,Aurora,ON,L4G 0H5,Canada,(905) 726-1200,44.0121100114,-79.4146094797,"Sun - Wed: 11:00 AM - 1:00 AM, Thu - Sat: 11:00 AM - 2:00 AM",,,
Wasaga Beach,538,311 Main Street,,Wasaga Beach,ON,L9Z 0B6,Canada,(705) 429-8646,44.5231720859,-80.0070942393,Sun - Sat: 11:00 AM - 2:00 AM,,,
Cambridge South,539,205 Franklin Boulevard,,Cambridge,ON,N1R 8P1,Canada,(519) 622-6223,43.3547691906,-80.2872822594,"Sun - Thu: 11:00 AM - 12:00 AM, Fri - Sat: 11:00 AM - 1:00 AM",,,
Brantford South,540,50 Market Street,,Brantford,ON,N3S 2E3,Canada,(519) 751-3269,43.1357079485,-80.2630828992,Sun - Sat: 11:00 AM - 2:00 AM,,,
London NW,541,"1275 Fanshawe Park Road West, Buiding E",,London,ON,N6G 5B4,Canada,(519) 657-0111,43.013051,-81.329173,Sun - Sat: 11:00 AM - 2:00 AM,,,
Kennedy & Steeles,542,65 Resolution Drive,,Brampton,ON,L6W 0A6,Canada,(905) 455-8500,43.682221,-79.719615,"Sundays: 11:00 AM - 12:00 AM, Mon - Thu: 11:00 AM - 1:00 AM, Fridays: 11:00 AM - 2:00 AM, Saturdays: 11:00 AM - 12:00 AM",,,
Uxbridge,545,284 Toronto Street South,,Uxbridge,ON,L9P 0C5,Canada,(905) 852-0003,44.0941576588,-79.1306648556,"Sun - Thu: 11:00 AM - 11:00 PM, Fri - Sat: 11:00 AM - 12:00 AM",,,
Bingemans,546,425 Bingemans Centre Drive,,Kitchener,ON,N2B 3X7,Canada,(519) 745-8888,43.471689,-80.449567,"Sun - Thu: 11:00 AM - 12:00 AM, Fri - Sat: 11:00 AM - 1:00 AM",,,
Sherkston Shores,547,490 Empire Rd,,Sherkston,ON,L0S 1R0,Canada,(905) 894-1991,42.8745687,-79.1344755,Sun - Sat: 11:00 AM - 12:00 AM,,,
Tillsonburg,548,102 Broadway St.,,Tillsonburg,ON,N4G 3P6,Canada,(519) 842-9797,42.85988,-80.72702,"Sun - Thu: 11:00 AM - 1:00 AM, Fri - Sat: 11:00 AM - 2:00 AM",,,
Port Elgin,549,140 Goderich Street,,Port Elgin,ON,N0H 2C1,Canada,(519) 389-4009,44.4250202,-81.397767,"Sundays: 11:00 AM - 12:00 AM, Mon - Wed: 11:00 AM - 1:00 AM, Thu - Sat: 11:00 AM - 2:00 AM",,,
Erin Mills,550,2915 Eglinton Avenue West,,Mississauga,ON,L5M 6J3,Canada,(905) 569-0517,43.5508570915,-79.7155681051,"Sun - Wed: 11:00 AM - 1:00 AM, Thu - Sat: 11:00 AM - 2:00 AM",,,
Sports World,551,190 Gateway Park Drive,,Kitchener,ON,N2P 2J4,Canada,(519) 650-2733,43.4048583829,-80.3859716627,"Sun - Thu: 11:00 AM - 12:00 AM, Fri - Sat: 11:00 AM - 1:00 AM",,,
Cambridge North,552,14 Pinebush Road,,Cambridge,ON,N1R 8K5,Canada,(519) 620-9100,43.4081197982,-80.3273003378,"Sun - Thu: 11:00 AM - 12:00 AM, Fri - Sat: 11:00 AM - 1:00 AM",,,
Windsor,553,"4450 Walker Road, Unit D",,Windsor,ON,N8W 3T5,Canada,(519) 250-7670,42.255894206,-82.964750565,Sun - Sat: 11:00 AM - 2:00 AM,,,
Waterloo,554,597 King Street North,,Waterloo,ON,N2V 2N3,Canada,(519) 880-1828,43.5029740503,-80.5348629565,"Sundays: 11:00 AM - 12:00 AM, Mon - Thu: 11:00 AM - 1:00 AM, Fri - Sat: 11:00 AM - 2:00 AM",,,
Tecumseh,555,4 Amycroft Drive,,Windsor,ON,N8N 2L9,Canada,(519) 739-1313,42.2785738492,-82.8232973473,Sun - Sat: 11:00 AM - 2:00 AM,,,
St Thomas,556,860 Talbot Street,,St Thomas,ON,N5P 1E2,Canada,(519) 631-7007,42.7788373945,-81.1838060597,"Sun - Wed: 11:00 AM - 12:00 AM, Thu - Sat: 11:00 AM - 1:00 AM",,,
Alpine,557,"721 Ottawa Street, Unit 2",,Kitchener,ON,N2E 3H5,Canada,(519) 749-8800,43.4253045542,-80.4837048396,"Sundays: 11:00 AM - 12:00 AM, Mon - Thu: 11:00 AM - 1:00 AM, Fri - Sat: 11:00 AM - 2:00 AM",,,
Stratford,558,"771 Erie Street unit A
P.O. Box 902",,Stratford,ON,N4Z 1A1,Canada,(519) 271-0074,43.3545096434,-80.9971028387,"Sun - Thu: 11:00 AM - 12:00 AM, Fridays: 11:00 AM - 2:00 AM, Saturdays: 11:00 AM - 1:00 AM",,,
Woodlawn Road,559,35 Woodlawn Rd W,,Guelph,ON,N1H 1G8,Canada,(519) 826-5200,43.5626869792,-80.2806638061,"Sun - Thu: 11:00 AM - 12:00 AM, Fri - Sat: 11:00 AM - 1:00 AM",,,
Chatham,560,780 St. Clair Street,,Chatham,ON,N7M 5J7,Canada,(519) 351-1000,42.4302108789,-82.2186753416,"Sun - Wed: 11:00 AM - 12:00 AM, Thu - Sat: 11:00 AM - 1:00 AM",,,
Erbsville,562,651 Erb St W,,Waterloo,ON,N2J 3Z4,Canada,(519) 747-8000,43.4454706877,-80.5732759404,"Sundays: 11:00 AM - 12:00 AM, Mon - Thu: 11:00 AM - 1:00 AM, Fri - Sat: 11:00 AM - 2:00 AM",,,
Centropolis  Laval,601,450 Promenade Du Centropolis,,Laval,QC,H7T 3C2,Canada,(450) 688-2229,45.560865651,-73.7470209593,"Sun - Wed: 11:00 AM - 11:00 PM, Thursdays: 11:00 AM - 12:00 AM, Fri - Sat: 11:00 AM - 2:00 AM",,,
St Bruno,602,1231 Boul. Des Promenades,,Saint-Bruno,QC,J3V 6H1,Canada,(450) 441-5555,45.5009956279,-73.3752401024,Sun - Sat: 11:00 AM - 2:00 AM,,,
Brossard,603,7733 Boul. Taschereau,,Brossard,QC,J4Y 1A3,Canada,(450) 678-1600,45.4545059453,-73.4654054296,"Sun - Mon: 11:00 AM - 11:00 PM, Tue - Thu: 11:00 AM - 12:00 AM, Fri - Sat: 11:00 AM - 1:00 AM",,,
St-Jrme,604,"1060, boul. du Grand-Hron",,Saint-Jrme,QC,J7Y 5K8,Canada,(450) 438-6222,45.7597197785,-74.0179540731,"Sun - Wed: 11:00 AM - 12:00 AM, Thu - Sat: 11:00 AM - 2:00 AM",,,
Beauport,605,3485 rue Clemenceau,,Beauport,QC,G1C 0B6,Canada,(418) 664-1555,46.8633793107,-71.2158621359,"Sundays: 11:00 AM - 11:00 PM, Mon - Sat: 11:00 AM - 12:00 AM",,,
LaSalle,606,6857 Boul. Newman,,Lasalle,QC,H8N 3E4,Canada,(514) 798-9999,45.4489564166,-73.6083203078,"Sun - Thu: 11:00 AM - 11:00 PM, Fri - Sat: 11:00 AM - 12:00 AM",,,
Laval 19/440,607,5840 Boulevard Robert-Bourassa,,Laval,QC,H7E 0A5,Canada,(450) 664-4660,45.6120066924,-73.7008830315,"Sun - Mon: 11:00 AM - 11:00 PM, Tue - Wed: 11:00 AM - 12:00 AM, Thu - Sat: 11:00 AM - 1:00 AM",,,
Anjou,608,7300 Boulevard des Roseraies,,Anjou,QC,H1M 2T5,Canada,(514) 788-4848,45.5998011444,-73.5591292854,"Sun - Thu: 11:00 AM - 11:00 PM, Fri - Sat: 11:00 AM - 12:00 AM",,,
Ste-Julie,610,2051 Boul. Nobel,,Sainte-Julie,QC,J3E 1Z8,Canada,(450) 649-0018,45.5773673881,-73.3332549296,"Sun - Wed: 11:00 AM - 12:00 AM, Thu - Sat: 11:00 AM - 2:00 AM",,,
Lachenaie,611,1150 Yves Blais,,Lachenaie,QC,J6V 1P4,Canada,(450) 585-9989,45.7230245872,-73.5061953194,"Sun - Thu: 11:00 AM - 11:00 PM, Fri - Sat: 11:00 AM - 12:00 AM",,,
St-Nicolas,612,"1432 Route des Rivires, Lvis",,Saint-Nicolas,QC,G7A 2N9,Canada,(418) 831-1999,46.7202083004,-71.2985415758,"Sun - Thu: 11:00 AM - 12:00 AM, Fri - Sat: 11:00 AM - 2:00 AM",,,
Sherbrooke,613,550 Jean-Paul Perreault,,Sherbrooke,QC,J1L 3A6,Canada,(819) 565-0606,45.4044269983,-71.9581056232,"Sun - Mon: 11:00 AM - 10:00 PM, Tue - Sat: 11:00 AM - 12:00 AM",,,
Mirabel,614,17 545 rue Charles,,Mirabel,QC,J7J 1P3,Canada,(450) 434-9191,45.694973,-73.936408,"Sun - Wed: 11:00 AM - 11:00 PM, Thu - Sat: 11:00 AM - 12:00 AM",,,
Lebourgneuf,615,"4500, boul. des Gradins - #400",,Qubec,QC,G2J 1A6,Canada,(418) 623-3323,46.8355326294,-71.2706129323,"Sun - Mon: 11:00 AM - 11:00 PM, Tue - Thu: 11:00 AM - 12:00 AM, Fridays: 11:00 AM - 1:00 AM, Saturdays: 11:00 AM - 12:00 AM",,,
Vaudreuil,616,"52, boul. De la Cit des Jeunes",,Vaudreuil,QC,J7V 9L5,Canada,(450) 455-4464,45.4049529228,-74.0376181877,Sun - Sat: 11:00 AM - 2:00 AM,,,
Joliette,617,155 de la Visitation,,Saint-Charles-Borrome,QC,J6E 4N4,Canada,(450) 755-6060,46.0415060629,-73.4488080699,"Sun - Wed: 11:00 AM - 11:00 PM, Thursdays: 11:00 AM - 12:00 AM, Fri - Sat: 11:00 AM - 1:00 AM",,,
Gatineau,618,"61, de la Gappe Boulevard",,Gatineau,QC,J8T 0B5,Canada,(819) 561-6111,45.4740915127,-75.7098260815,"Sun - Wed: 11:00 AM - 11:00 PM, Thursdays: 11:00 AM - 12:00 AM, Fri - Sat: 11:00 AM - 1:00 AM",,,
Neufchtel,619,8445 Blvd de L'Ormire,,Qubec,QC,G2C 1C2,Canada,(418) 845-0050,46.8298464969,-71.3469471265,"Sun - Wed: 11:00 AM - 11:00 PM, Thu - Sat: 11:00 AM - 12:00 AM",,,
Sainte-Thrse,620,"101, boulevard Cur-Labelle",,Sainte-Thrse,QC,J7E 2X6,Canada,(450) 434-6060,45.6444569212,-73.8357724374,"Sundays: 11:00 AM - 11:00 PM, Mon - Wed: 11:00 AM - 12:00 AM, Thu - Sat: 11:00 AM - 1:00 AM",,,
St-Jean sur-le-Richelieu,621,725 rue Gadbois,,Saint-Jean-Sur-Richelieu,QC,J3A 1V1,Canada,(450) 348-2333,45.3324060686,-73.2847879072,Sun - Sat: 11:00 AM - 2:00 AM,,,
Mascouche,622,"150, Monte Masson",,Mascouche,QC,J7K 3B4,Canada,(450) 474-6363,45.7245989458,-73.6191529878,"Sun - Wed: 11:00 AM - 11:00 PM, Thu - Sat: 11:00 AM - 1:00 AM",,,
Ancienne Lorette,626,"1345, Route de l'Aroport",,L'Ancienne-Lorette,QC,G2G 1G5,Canada,(418) 614-9614,46.7896200978,-71.3560585988,"Sun - Thu: 11:00 AM - 12:00 AM, Fri - Sat: 11:00 AM - 2:00 AM",,,
Drummondville,627,161 Boul. St-Joseph,,Drummondville,QC,J2C 2A7,Canada,(819) 475-6222,45.897635,-72.522662,"Sun - Wed: 11:00 AM - 11:00 PM, Thu - Sat: 11:00 AM - 12:00 AM",,,
St-Georges de Beauce,629,"14917, Boulevard Lacroix",,Saint-Georges,QC,G5Y 5P2,Canada,(418) 228-8212,46.108339464,-70.6558890768,"Sun - Wed: 6:00 AM - 10:00 PM, Thu - Sat: 6:00 AM - 12:00 AM",,,
Mont-Laurier,631,"141, Albiny-Paquette",,Mont-Laurier,QC,J9L 1J2,Canada,(819) 623-7900,46.5490300994,-75.5108626709,"Sun - Wed: 11:00 AM - 11:00 PM, Thu - Sat: 11:00 AM - 1:00 AM",,,
Le Plateau,632,247 Boul des Grives local 2A,,Gatineau,QC,J9A 0A1,Canada,(819) 778-6699,45.4337645,-75.7803923,Sun - Sat: 11:00 AM - 1:00 AM,,,
Ste-Foy,633,2300 Chemin Ste-Foy,,Sainte-Foy,QC,G1V 1S5,Canada,(418) 914-6044,46.78687,-71.27824,"Sundays: 11:00 AM - 10:00 PM, Mon - Tue: 11:00 AM - 11:00 PM, Wed - Thu: 11:00 AM - 12:00 AM, Fri - Sat: 11:00 AM - 1:00 AM",,,
St-Eustache,634,"739, boul. Arthur-Sauv",,St-Eustache,QC,J7P 4X5,Canada,(450) 472-2225,45.577442,-73.917335,"Sun - Wed: 11:00 AM - 11:00 PM, Thursdays: 11:00 AM - 12:00 AM, Fri - Sat: 11:00 AM - 2:00 AM",,,
Le Portage,635,"179, Promenade du Portage",,Gatineau,QC,J8X 2K5,Canada,(819) 772-1515,45.426763,-75.71492,"Sun - Wed: 11:00 AM - 12:00 AM, Thu - Sat: 11:00 AM - 2:00 AM",,,
Yellowknife,700,5102 48th Street,,Yellowknife,NT,X1A 1N6,Canada,(867) 920-2000,62.4538700724,-114.366593085,"Sun - Thu: 11:00 AM - 12:00 AM, Fri - Sat: 11:00 AM - 2:00 AM",,,
Whitehorse,702,2241 2nd Avenue,,Whitehorse,YT,Y1A 5W1,Canada,(867) 667-4992,60.7295888164,-135.060734384,"Sun - Thu: 11:00 AM - 11:00 PM, Fri - Sat: 11:00 AM - 1:00 AM",,,
Bayer's Lake,900,194A Chain Lake Drive,,Halifax,NS,B3S 1C5,Canada,(902) 450-0450,44.64824651,-63.6748483488,"Sun - Thu: 11:00 AM - 1:00 AM, Fri - Sat: 11:00 AM - 2:00 AM",,,
Moncton,906,1380 Mountain Road,,Moncton,NB,E1C 2T8,Canada,(506) 860-7777,46.1111739925,-64.8328044697,"Sun - Thu: 11:00 AM - 1:00 AM, Fri - Sat: 11:00 AM - 2:00 AM",,,
Portland Street,907,611 Portland Street,,Dartmouth,NS,B2W 2M6,Canada,(902) 433-1234,44.6708168701,-63.5299049044,"Sun - Thu: 11:00 AM - 1:00 AM, Fri - Sat: 11:00 AM - 2:00 AM",,,
Fredericton,908,1230 Prospect Street,,Fredericton,NB,E3B 3C2,Canada,(506) 454-3344,45.9392683763,-66.6614510162,"Sun - Thu: 11:00 AM - 1:00 AM, Fri - Sat: 11:00 AM - 2:00 AM",,,
Saint John,909,120 McAllister Dr,,Saint John,NB,E2J 2S5,Canada,(506) 657-7778,45.312670237,-66.0230332345,"Sun - Thu: 11:00 AM - 1:00 AM, Fri - Sat: 11:00 AM - 2:00 AM",,,
Sackville,910,710 Sackville Drive,,Lower Sackville,NS,B4E 3A4,Canada,(902) 252-7777,44.7709884245,-63.6904689914,"Sundays: 11:00 AM - 12:00 AM, Mon - Thu: 11:00 AM - 1:00 AM, Fri - Sat: 11:00 AM - 2:00 AM",,,
Sydney,912,329 Prince St,,Sydney,NS,B1P 5K6,Canada,(902) 562-9800,46.1396866171,-60.1841777206,"Sun - Thu: 11:00 AM - 1:00 AM, Fri - Sat: 11:00 AM - 2:00 AM",,,
Bridgewater,913,485 Hwy #10,,Bridgewater,NS,B4V 7P4,Canada,(902) 530-3663,44.3965403787,-64.7110358572,"Sun - Wed: 11:00 AM - 11:00 PM, Thursdays: 11:00 AM - 12:00 AM, Fri - Sat: 11:00 AM - 1:00 AM",,,
Stavanger,914,415 Stavanger Drive,,St. John's,NL,A1A 0A1,Canada,(709) 738-5544,47.6143347042,-52.7088532778,"Sun - Thu: 11:00 AM - 1:00 AM, Fri - Sat: 11:00 AM - 2:00 AM",,,
Miramichi,915,98 Douglastown Blvd,,Miramichi,NB,E1V 0A3,Canada,(506) 778-9940,47.0361011344,-65.4911390831,"Sun - Thu: 11:00 AM - 12:00 AM, Fri - Sat: 11:00 AM - 1:00 AM",,,
Kelsey Drive ( corner of Kenmount Road),916,F3-35 Kelsey Dr,,St. John's,NL,A1B 5C8,Canada,(709) 739-9955,47.5508822468,-52.7795525659,"Sun - Thu: 11:00 AM - 1:00 AM, Fri - Sat: 11:00 AM - 2:00 AM",,,
Charlottetown,917,700 Universtiy Ave,,Charlottetown,PE,C1E 1E3,Canada,(902) 894-7300,46.2651264563,-63.1474757826,"Sun - Thu: 11:00 AM - 12:00 AM, Fri - Sat: 11:00 AM - 1:00 AM",,,
Yarmouth,918,134 Starrs Rd,,Yarmouth,NS,B5A 4E5,Canada,(902) 742-5697,43.840300018,-66.0961025982,"Sundays: 11:00 AM - 11:00 PM, Mon - Thu: 11:00 AM - 12:00 AM, Fri - Sat: 11:00 AM - 2:00 AM",,,
Downtown Halifax,919,1858 Granville Street,,Halifax,NS,B3J 0A2,Canada,(902) 422-8600,44.6494691138,-63.5744718888,"Sundays: 11:00 AM - 11:00 PM, Mon - Wed: 11:00 AM - 12:00 AM, Thursdays: 11:00 AM - 1:00 AM, Fri - Sat: 11:00 AM - 2:00 AM",,,
Antigonish,920,133 Church Street,,Antigonish,NS,B2G 2E3,Canada,(902) 867-3444,45.6170405419,-61.986172869,"Sun - Tue: 11:00 AM - 12:00 AM, Wed - Thu: 11:00 AM - 1:00 AM, Fri - Sat: 11:00 AM - 2:00 AM",,,
New Minas,921,9278 Commercial Street,,New Minas,NS,B4N 3E9,Canada,(902) 678-4643,45.0688529742,-64.4424318379,"Sun - Wed: 11:00 AM - 11:00 PM, Thursdays: 11:00 AM - 12:00 AM, Fri - Sat: 11:00 AM - 2:00 AM",,,
Dartmouth Crossing,922,111 Shubie Drive,,Dartmouth,NS,B3B 0C3,Canada,(902) 480-7878,44.7068631934,-63.5623346426,"Sun - Thu: 11:00 AM - 1:00 AM, Fri - Sat: 11:00 AM - 2:00 AM",,,
Edmundston,923,164 Hebert Boulevard,,Edmundston,NB,E3V 2S7,Canada,(506) 739-6688,47.3726382152,-68.3165287955,"Sun - Thu: 11:00 AM - 12:00 AM, Fri - Sat: 11:00 AM - 1:00 AM",,,
Water Street,924,367 Water St,,St. John's,NL,A1C 1C2,Canada,(709) 722-6677,47.56038,-52.71147,"Sun - Thu: 11:00 AM - 1:00 AM, Fri - Sat: 11:00 AM - 2:00 AM",,,
Truro,925,68 Robie Street,,Truro,NS,B2N 1L2,Canada,(902) 843-4627,45.367821,-63.31419,"Sundays: 11:00 AM - 12:00 AM, Mon - Thu: 11:00 AM - 1:00 AM, Fri - Sat: 11:00 AM - 2:00 AM",,,
