store_name,store_number,address,address2,city,state,zip_code,country,phone_number,latitude,longitude,store_hours,store_type,other_fields,coming_soon
Riverwalk South Bank,,111 West Crocket Street,Suite 207,San Antonio,TX,78205,US,210 220 3770,29.42505,-98.48879,"monday 12:00pm - 10:00pm, tuesday 12:00pm - 10:00pm, wednesday 12:00pm - 10:00pm, thursday 12:00pm - 10:00pm, friday 12:00pm - 11:00pm, saturday 12:00pm - 11:00pm, sunday 12:00pm - 10:00pm",,,
Kirby,,5515 Kirby Drive,,Houston,TX,77005,US,,29.7227252173913,-95.41852,"monday 12:00pm - 10:00pm, tuesday 12:00pm - 10:00pm, wednesday 12:00pm - 10:00pm, thursday 12:00pm - 10:00pm, friday 12:00pm - 11:00pm, saturday 12:00pm - 11:00pm, sunday 12:00pm - 10:00pm",,,
Sugar Land Town Square,,16155 City Walk,,Sugar Land,TX,77479,US,281 980 0088,29.59561,-95.62268,"monday 12:00pm - 9:00pm, tuesday 12:00pm - 9:00pm, wednesday 12:00pm - 9:00pm, thursday 12:00pm - 9:00pm, friday 12:00pm - 11:00pm, saturday 12:00pm - 11:00pm, sunday 12:00pm - 9:00pm",,,
Seawall- Galveston,,4408 Seawall Boulevard,,Galveston,TX,77550,US,409 770 9566,29.2761287939698,-94.8097877386935,"monday 11:00am - 9:00pm, tuesday 11:00am - 9:00pm, wednesday 11:00am - 9:00pm, thursday 11:00am - 9:00pm, friday 11:00am - 10:00pm, saturday 11:00am - 10:00pm, sunday 11:00am - 10:00pm",,,
Palms Crossing,,3300 Expressway 83,"Building 1200, Unit 1210",McAllen,TX,78501,US,956 928 0929,26.1963583175291,-98.2046858149671,"monday 12:00pm - 9:00pm, tuesday 12:00pm - 9:00pm, wednesday 12:00pm - 9:00pm, thursday 12:00pm - 9:00pm, friday 12:00pm - 11:00pm, saturday 12:00pm - 11:00pm, sunday 12:00pm - 9:00pm",,,
UT-Dallas,,University of Texas at Dallas,800 West Campbell Road,Richardson,TX,75080,US,,32.97828,-96.74827,"monday Closed, tuesday Closed, wednesday Closed, thursday Closed, friday Closed, saturday Closed, sunday Closed",,,
Plano Parkway,,1501 Preston Road,Suite 400,Plano,TX,75093,US,972 380 2697,33.01893,-96.79533,"monday 12:00pm - 9:00pm, tuesday 12:00pm - 9:00pm, wednesday 12:00pm - 9:00pm, thursday 12:00pm - 9:00pm, friday 12:00pm - 10:00pm, saturday 12:00pm - 10:00pm, sunday 12:00pm - 9:00pm",,,
DFW International Airport - Terminal D South Side,,2333 S. International Pkwy,North Village 105,Dallas,TX,75261,US,,32.8974846975888,-97.04143,"monday 7:30am - 8:00pm, tuesday 7:30am - 8:00pm, wednesday 7:30am - 8:00pm, thursday 7:30am - 8:00pm, friday 7:30am - 8:00pm, saturday 7:30am - 8:00pm, sunday 7:30am - 8:00pm",,,
Highland Village,,4061 Barton Creek,Suite 120,Highland Village,TX,75077,US,972 966 2697,33.07488,-97.0849442402623,"monday 12:00pm - 9:00pm, tuesday 12:00pm - 9:00pm, wednesday 12:00pm - 9:00pm, thursday 12:00pm - 9:00pm, friday 12:00pm - 11:00pm, saturday 12:00pm - 11:00pm, sunday 12:00pm - 9:00pm",,,
Hard Rock Casino - Biloxi,,777 East Beach Boulevard,,Biloxi,MS,39530,US,228 432 0655,30.3929217638633,-88.8882733285589,"monday 11:00am - 11:00pm, tuesday 11:00am - 11:00pm, wednesday 11:00am - 11:00pm, thursday 11:00am - 11:00pm, friday 11:00am - 12:00am, saturday 11:00am - 12:00am, sunday 11:00am - 11:00pm",,,
Rancho Mirage,,71800 Highway 111,Unit A-124,Rancho Mirage,CA,92270,US,760 779 1823,33.7413328571429,-116.412269285714,"monday 12:00pm - 9:00pm, tuesday 12:00pm - 9:00pm, wednesday 12:00pm - 9:00pm, thursday 12:00pm - 9:00pm, friday 12:00pm - 9:00pm, saturday 12:00pm - 11:00pm, sunday 12:00pm - 9:00pm",,,
Palm Springs,,110 South Palm Canyon Drive,,Palm Springs,CA,92264,US,760 778 7873,33.82287375,-116.5468,"monday 11:30am - 9:30pm, tuesday 11:30am - 9:30pm, wednesday 11:30am - 9:30pm, thursday 11:30am - 9:30pm, friday 11:30am - 10:30pm, saturday 11:00am - 10:30pm, sunday 11:00am - 9:30pm",,,
Rancho Cucamonga,,12513 North Main Street,Space 3655,Rancho Cucamonga,CA,91739,US,909 899 1200,34.11209,-117.53219,"monday 10:00am - 9:00pm, tuesday 10:00am - 10:00pm, wednesday 10:00am - 9:00pm, thursday 10:00am - 9:00pm, friday 10:00am - 10:00pm, saturday 10:00am - 10:00pm, sunday 11:00am - 7:00pm",,,
Sunset Station,,1301 West Sunset Road,,Henderson,NV,89014,US,702 762 1286,36.06363,-115.04031,"monday 12:00pm - 10:00pm, tuesday 12:00pm - 10:00pm, wednesday 12:00pm - 10:00pm, thursday 12:00pm - 10:00pm, friday 12:00pm - 11:00pm, saturday 12:00pm - 11:00pm, sunday 12:00pm - 10:00pm",,,
Green Valley,,2225 Village Walk Drive,The Shops at Green Valley Ranch,Henderson,NV,89052,US,702 437 3300,36.0217641025641,-115.085323589744,"monday 11:00am - 9:00pm, tuesday 11:00am - 9:00pm, wednesday 11:00am - 9:00pm, thursday 11:00am - 9:00pm, friday 11:00am - 10:00pm, saturday 11:00am - 10:00pm, sunday 11:00am - 9:00pm",,,
Seaport Village,,859 A West Harbor Drive,,San Diego,CA,92101,US,,32.71139,-117.170181661989,"monday 10:00am - 9:00pm, tuesday 10:00am - 9:00pm, wednesday 10:00am - 9:00pm, thursday 10:00am - 9:00pm, friday 10:00am - 9:00pm, saturday 10:00am - 9:00pm, sunday 10:00am - 9:00pm",,,
Miracle Mile Shops,,3663 Las Vegas Boulevard South,Suite #520,Las Vegas,NV,89109,US,,36.10985,-115.17282,"monday 9:00am - 11:00pm, tuesday 9:00am - 11:00pm, wednesday 9:00am - 11:00pm, thursday 9:00am - 11:00pm, friday 9:00am - 12:00am, saturday 9:00am - 12:00am, sunday 9:00am - 11:00pm",,,
Grand Bazaar - COMING SOON,,3627 Las Vegas Boulevard South,Suite 900,Las Vegas,NV,89109,US,,36.11395,-115.172764,"monday Closed, tuesday Closed, wednesday Closed, thursday Closed, friday Closed, saturday Closed, sunday Closed",,,
Casino Royale Hotel,,3411 Las Vegas Boulevard South,,Las Vegas,NV,89109,US,,36.120952740157,-115.171999201206,"monday 9:00am - 11:00pm, tuesday 9:00am - 11:00pm, wednesday 9:00am - 11:00pm, thursday 9:00am - 11:00pm, friday 9:00am - 11:00pm, saturday 9:00am - 11:00pm, sunday 9:00am - 11:00pm",,,
The District at Tustin Legacy,,2459 Park Ave,,Tustin,CA,92782,US,714 258 0808,33.698417769456,-117.827146385541,"monday 11:00am - 9:00pm, tuesday 11:00am - 9:00pm, wednesday 11:00am - 9:00pm, thursday 11:00am - 9:00pm, friday 11:00am - 10:30pm, saturday 11:00am - 10:30pm, sunday 11:00am - 9:30pm",,,
Red Rocks Station Casino Spa,,10973 West Charleston Blvd,Space #2,Las Vegas,NV,89135,US,,36.1588918095238,-115.332974190476,"monday Closed, tuesday Closed, wednesday Closed, thursday Closed, friday Closed, saturday Closed, sunday Closed",,,
Long Beach,,7559 Carson Street,,Long Beach,CA,90808,US,562-627-0051,33.8313246031746,-118.087597142857,"monday 11:00am - 9:00pm, tuesday 11:00am - 9:00pm, wednesday 11:00am - 9:00pm, thursday 11:00am - 10:00pm, friday 11:00am - 10:30pm, saturday 11:00am - 10:30pm, sunday 11:00am - 10:00pm",,,
LA Union Station,,800 North Alameda Street,Los Angeles Union Station,Los Angeles,CA,90012,US,,34.05614,-118.23751,"monday 11:30am - 9:00pm, tuesday 11:30am - 9:00pm, wednesday 11:30am - 9:00pm, thursday 11:30am - 9:00pm, friday 11:30am - 9:30pm, saturday 11:30am - 9:00pm, sunday 11:30am - 9:00pm",,,
Burbank,,164 E Palm Avenue,Unit 101,Burbank,CA,91502,US,818 566 7602,34.1819236734694,-118.311171020408,"monday 12:00pm - 10:00pm, tuesday 12:00pm - 10:00pm, wednesday 12:00pm - 10:00pm, thursday 12:00pm - 10:00pm, friday 12:00pm - 11:30pm, saturday 12:00pm - 11:30pm, sunday 12:00pm - 10:00pm",,,
Universal Citywalk,,100 Universal City Plaza,Space #151,Universal City,CA,91608,US,,34.1361642850259,-118.353962853472,"monday 11:00am - 10:00pm, tuesday 11:00am - 9:00pm, wednesday 11:00am - 9:00pm, thursday Closed, friday Closed, saturday Closed, sunday Closed",,,
Universal Studios - Louie's,,100 Universal City Plaza,Space #151,Universal City,CA,91608,US,,34.1361642850259,-118.353962853472,"monday Closed, tuesday Closed, wednesday Closed, thursday Closed, friday Closed, saturday Closed, sunday Closed",,,
Sherman Oaks Fashion Square,,14006 Riverside Drive,,Sherman Oaks,CA,91423,US,,34.15761,-118.4383,"monday 11:00am - 9:00pm, tuesday 11:00am - 9:00pm, wednesday 11:00am - 9:00pm, thursday 11:00am - 9:00pm, friday 11:00am - 9:00pm, saturday 11:00am - 9:00pm, sunday 11:00am - 7:00pm",,,
Santa Monica,,2441 Main Street,,Santa Monica,CA,90405,US,310 450 0691,34.0034509756098,-118.48507097561,"monday 12:00pm - 10:00pm, tuesday 12:00pm - 10:00pm, wednesday 12:00pm - 10:00pm, thursday 12:00pm - 10:00pm, friday 12:00pm - 11:00pm, saturday 12:00pm - 11:00pm, sunday 12:00pm - 10:00pm",,,
Howard Hughes,,6081 Center Drive,Space 214,Los Angeles,CA,90045,US,310 649 1026,33.97795,-118.39263,"monday 11:30am - 10:00pm, tuesday 11:30am - 10:00pm, wednesday 11:30am - 10:00pm, thursday 11:30am - 10:00pm, friday 11:30am - 12:00am, saturday 11:30am - 12:00am, sunday 11:00am - 7:00pm",,,
Sherman Oaks Galleria,,15301 Ventura Boulevard,Space P-6,Sherman Oaks,CA,91403,US,818 789 9951,34.15383,-118.4662,"monday 11:00am - 10:00pm, tuesday 11:00am - 10:00pm, wednesday 11:00am - 10:00pm, thursday 11:00am - 10:00pm, friday 11:00am - 12:00am, saturday 11:00am - 12:00am, sunday 11:00am - 10:00pm",,,
Northridge Fashion Center,,9301 Tampa Avenue,#121,Northridge,CA,91324,US,818 349 7714,34.23911,-118.55356,"monday 10:00am - 9:00pm, tuesday 10:00am - 9:00pm, wednesday 10:00am - 9:00pm, thursday 10:00am - 9:00pm, friday 10:00am - 9:00pm, saturday 10:00am - 9:00pm, sunday 11:00am - 7:00pm",,,
Valencia,,23630-D Valencia Boulevard,Creekside Plaza,Valencia,CA,91355,US,661 253 1666,34.4163207811622,-118.549547289904,"monday 12:00pm - 10:00pm, tuesday 12:00pm - 10:00pm, wednesday 12:00pm - 10:00pm, thursday 12:00pm - 10:00pm, friday 12:00pm - 11:00pm, saturday 12:00pm - 11:00pm, sunday 12:00pm - 11:00pm",,,
The Collection at River Park,,2752 Seaglass Way,,Oxnard,CA,93036,US,,34.2398156,-119.1757829,"monday 11:30am - 10:00pm, tuesday 11:30am - 10:00pm, wednesday 11:30am - 10:00pm, thursday 11:30am - 10:00pm, friday 11:30am - 11:00pm, saturday 11:30am - 11:00pm, sunday 11:30am - 10:00pm",,,
Ventura,,523 East Main Street,,Ventura,CA,93001,US,,34.280822244898,-119.292752040816,"monday 11:30am - 10:00pm, tuesday 11:30am - 10:00pm, wednesday 11:30am - 10:00pm, thursday 11:30am - 10:00pm, friday 11:30am - 10:00pm, saturday 11:30am - 10:30pm, sunday 11:30am - 10:00pm",,,
East Hills Mall - CATERING ONLY,,3000 Mall View Road,Suite 1107,Bakersfield,CA,93306,US,661 873 8995,35.39324,-118.961141818182,"monday Closed, tuesday Closed, wednesday Closed, thursday Closed, friday Closed, saturday Closed, sunday Closed",,,
Jack London Square,,505 Embarcadero West,,Oakland,CA,94607,US,510 663 3477,37.7959375,-122.278079166667,"monday 11:30am - 10:00pm, tuesday 11:30am - 10:00pm, wednesday 11:30am - 10:00pm, thursday 11:30am - 10:00pm, friday 11:30am - 11:00pm, saturday 11:30am - 11:00pm, sunday 11:30am - 10:00pm",,,
Rittenhouse Square,,1726 Sansom Street,,Philadelphia,PA,19103,US,,39.9507504081633,-75.1693418367347,"monday 1:00pm - 9:00pm, tuesday 1:00pm - 9:00pm, wednesday 1:00pm - 9:00pm, thursday 1:00pm - 9:00pm, friday 1:00pm - 10:00pm, saturday 1:00pm - 10:00pm, sunday 1:00pm - 9:00pm",,,
U - Penn (West Philly),,218 S. 40th Street,,Philadelphia,PA,19104,US,215 382 5092,39.95338375,-75.2027625,"monday 11:00am - 10:00pm, tuesday 11:00am - 10:00pm, wednesday 11:00am - 10:00pm, thursday 11:00am - 10:00pm, friday 11:00am - 11:00pm, saturday 11:00am - 11:00pm, sunday 11:00am - 10:00pm",,,
Borgata,,1 Borgata Way,,Atlantic City,NJ,08401,US,,39.37813,-74.43382,"monday 11:00am - 11:00pm, tuesday 11:00am - 11:00pm, wednesday 11:00am - 11:00pm, thursday 11:00am - 11:00pm, friday 11:00am - 12:00am, saturday 11:00am - 12:00am, sunday 11:00am - 12:00am",,,
Newark Airport,,"Terminal A, Space A1T",,Newark,NJ,07114,US,,40.6881118,-74.1806155,"monday 6:00am - 9:00pm, tuesday 6:00am - 9:00pm, wednesday 6:00am - 9:00pm, thursday 6:00am - 9:00pm, friday 6:00am - 9:00pm, saturday 6:00am - 9:00pm, sunday 6:00am - 9:00pm",,,
Cape May,,414 Washington Street,,Cape May,NJ,08204,US,609 884 3040,38.9324557142857,-74.9232385714286,"monday Closed, tuesday Closed, wednesday Closed, thursday Closed, friday Closed, saturday Closed, sunday Closed",,,
Beach Haven II,,600 N Bay Avenue,,Beach Haven,NJ,08008,US,609 492 6300,39.56719,-74.23757,"monday Closed, tuesday Closed, wednesday Closed, thursday Closed, friday Closed, saturday Closed, sunday Closed",,,
Hoboken,,405 Washington Street,,Hoboken,NJ,07030,US,201 792 1966,40.7412883673469,-74.0297089795918,"monday 11:00am - 10:00pm, tuesday 11:00am - 10:00pm, wednesday 11:00am - 10:00pm, thursday 11:00am - 10:00pm, friday 11:00am - 11:00pm, saturday 11:00am - 11:00pm, sunday 11:00am - 11:00pm",,,
Riverwalk Edgewater,,22 Riverwalk Place,,West New York,NJ,07093,US,201 867 1111,40.7817742307692,-74.0059415384615,"monday 11:00am - 9:00pm, tuesday 11:00am - 9:00pm, wednesday 11:00am - 9:00pm, thursday 11:00am - 9:00pm, friday 11:00am - 10:00pm, saturday 11:00am - 10:00pm, sunday 11:00am - 10:00pm",,,
Times Square,,200 West 44th Street,,New York,NY,10036,US,212 933 4632,40.75734,-73.98601,"monday 11:00am - 12:00am, tuesday 11:00am - 12:00am, wednesday 11:00am - 12:00am, thursday 11:00am - 12:00am, friday 11:00am - 1:00am, saturday 11:00am - 1:00am, sunday 11:00am - 12:00am",,,
Edgewater Multiplex,,339 River Road,,Edgewater,NJ,07020,US,,40.8102189547611,-73.9888438200225,"monday Closed, tuesday Closed, wednesday Closed, thursday Closed, friday Closed, saturday Closed, sunday Closed",,,
Rockefeller Center,,30 Rockefeller Center,Concourse Level,New York,NY,10020,US,212 218 7843,40.75844,-73.97899,"monday 10:00am - 11:00pm, tuesday 10:00am - 11:00pm, wednesday 10:00am - 11:00pm, thursday 10:00am - 11:00pm, friday 10:00am - 11:00pm, saturday 10:00am - 11:00pm, sunday 11:00am - 11:00pm",,,
104th & Broadway,,2722 Broadway,,New York,NY,10025,US,212 866 6237,40.7998196883955,-73.9680834372015,"monday 11:00am - 12:00am, tuesday 11:00am - 12:00am, wednesday 11:00am - 12:00am, thursday 11:00am - 12:00am, friday 11:00am - 12:00am, saturday 11:00am - 12:00am, sunday 11:00am - 12:00am",,,
Englewood,,46 East Palisade Avenue,,Englewood,NJ,07631,US,201 569 3322,40.8930752941176,-73.97344,"monday 11:00am - 9:00pm, tuesday 11:00am - 9:00pm, wednesday 11:00am - 9:00pm, thursday 11:00am - 9:00pm, friday 11:00am - 10:00pm, saturday 11:00am - 10:00pm, sunday 11:00am - 9:00pm",,,
Yankee Stadium,,1 E 161st Street,,Bronx,NY,10451,US,,40.82926,-73.92865,"monday Closed, tuesday Closed, wednesday Closed, thursday Closed, friday Closed, saturday Closed, sunday Closed",,,
Concourse Plaza Multiplex - Bronx,,214 East 161st Street,,Bronx,NY,10541,US,,40.8262133333333,-73.92045,"monday Closed, tuesday Closed, wednesday Closed, thursday Closed, friday Closed, saturday Closed, sunday Closed",,,
Linden Blvd. Multiplex,,2784 Linden Blvd.,,Brooklyn,NY,11208,US,,40.6696487804878,-73.8603726829268,"monday Closed, tuesday Closed, wednesday Closed, thursday Closed, friday Closed, saturday Closed, sunday Closed",,,
College Point Multiplex,,28-55 Ulmer Street,,Whitestone,NY,11357,US,,40.7709997526568,-73.8360586609711,"monday Closed, tuesday Closed, wednesday Closed, thursday Closed, friday Closed, saturday Closed, sunday Closed",,,
Jamaica Multiplex,,One Jamaica Center,15902 Jamaica Avenue,Jamaica,NY,11432,US,,40.70336,-73.80019,"monday Closed, tuesday Closed, wednesday Closed, thursday Closed, friday Closed, saturday Closed, sunday Closed",,,
Ridgewood,,104-106 Franklin Ave.,,Ridgewood,NJ,07450,US,201 689 1122,40.9809444103663,-74.1174841358677,"monday 11:00am - 9:00pm, tuesday 11:00am - 9:00pm, wednesday 11:00am - 9:00pm, thursday 11:00am - 9:00pm, friday 11:00am - 10:00pm, saturday 11:00am - 10:00pm, sunday 11:00am - 9:00pm",,,
Showcase Cinemas DeLux  Ridge Hill (Yonkers),,29 Fitzgerald Street,,Yonkers,NY,10710,US,,40.9658663636364,-73.85717,"monday Closed, tuesday Closed, wednesday Closed, thursday Closed, friday Closed, saturday Closed, sunday Closed",,,
Montage Mountain,,1000 Montage Mountain Road,Montage Mountain Resort,Scranton,PA,18507,US,,41.34812,-75.68423,"monday Closed, tuesday Closed, wednesday Closed, thursday Closed, friday Closed, saturday Closed, sunday Closed",,,
Mohegan Sun at Pocono Downs,,1280 Highway 315,Suite 1237,Wilkes Barre,PA,18702,US,,41.268047700124,-75.8123730694466,"monday 11:00am - 11:00pm, tuesday 11:00am - 11:00pm, wednesday 11:00am - 11:00pm, thursday 11:00am - 11:00pm, friday 11:00am - 2:00am, saturday 11:00am - 2:00am, sunday 11:00am - 11:00pm",,,
The Palisades Center,,1000 Palisades Center Drive,,West Nyack,NY,10994,US,,41.0999136123749,-73.9569065150136,"monday 11:00am - 9:30pm, tuesday 11:00am - 9:30pm, wednesday 11:00am - 9:30pm, thursday 11:00am - 9:30pm, friday 11:00am - 9:30pm, saturday 11:00am - 9:30pm, sunday 11:00am - 8:00pm",,,
Holtsville M.T.- White Plains,,City Center 15 Cinema De Lux,1-29 Mamaroneck Avenue,White Plains,NY,10601,US,,41.03243,-73.76472,"monday Closed, tuesday Closed, wednesday Closed, thursday Closed, friday Closed, saturday Closed, sunday Closed",,,
Farmingdale Multiplex,,1001 Broad Hollow Road,,Farmingdale,NY,11735,US,,40.73612,-73.42325,"monday Closed, tuesday Closed, wednesday Closed, thursday Closed, friday Closed, saturday Closed, sunday Closed",,,
Watkins Glen,,418 N Franklin Street,,Watkins Glen,NY,14891,US,607 535 4131,42.3804406122449,-76.873393877551,"monday 11:00am - 8:00pm, tuesday 11:00am - 8:00pm, wednesday 11:00am - 8:00pm, thursday 11:00am - 8:00pm, friday 11:00am - 9:00pm, saturday 11:00am - 9:00pm, sunday 11:00am - 8:00pm",,,
Holtsville Multiplex Theaters,,185 Morris Avenue,,Holtsville,NY,11742,US,,40.8170177777778,-73.0588122222222,"monday Closed, tuesday Closed, wednesday Closed, thursday Closed, friday Closed, saturday Closed, sunday Closed",,,
Rochester Institute of Technology,,139 Lomb Memorial Drive,Shop # 1370,Rochester,NY,14623,US,,43.0846747804437,-77.6746743413312,"monday 11:00am - 9:00pm, tuesday 11:00am - 9:00pm, wednesday 11:00am - 9:00pm, thursday 11:00am - 9:00pm, friday 11:00am - 9:00pm, saturday 12:00pm - 9:00pm, sunday 12:00pm - 7:00pm",,,
RPI,,Sage Avenue and 15th Street,RPI Student Union,Troy,NY,12180,US,,42.73077,-73.67724,"monday 12:00pm - 12:00am, tuesday 12:00pm - 12:00am, wednesday 12:00pm - 12:00am, thursday 12:00pm - 12:00am, friday 12:00pm - 12:00am, saturday 2:00pm - 12:00am, sunday 2:00pm - 12:00am",,,
Montauk,,478 West Lake Drive Extension,,Montauk,NY,11954,US,,41.0745192597983,-71.9388830145973,"monday Closed, tuesday Closed, wednesday Closed, thursday Closed, friday Closed, saturday Closed, sunday Closed",,,
Westhampton Beach,,121 Main Street,,Westhampton Beach,NY,11978,US,631 288 5753,40.8099937300303,-72.6427223927489,"monday 12:00pm - 7:00pm, tuesday 12:00pm - 7:00pm, wednesday 12:00pm - 7:00pm, thursday 12:00pm - 7:00pm, friday 12:00pm - 8:00pm, saturday 11:00am - 8:00pm, sunday 11:00am - 6:30pm",,,
Huntington Village,,298 Main Street,,Huntington,NY,11743,US,631 470 0635,40.87102,-73.42794,"monday 12:00pm - 10:00pm, tuesday 12:00pm - 10:00pm, wednesday 12:00pm - 10:00pm, thursday 12:00pm - 10:00pm, friday 12:00pm - 12:00am, saturday 12:00pm - 12:00am, sunday 12:00pm - 10:00pm",,,
Saratoga,,34 Phila Street,,Saratoga Springs,NY,12866,US,518 584 3740,43.08043,-73.78417,"monday 12:00pm - 10:00pm, tuesday 12:00pm - 10:00pm, wednesday 12:00pm - 10:00pm, thursday 12:00pm - 10:00pm, friday 12:00pm - 11:00pm, saturday 12:00pm - 11:00pm, sunday 12:00pm - 10:00pm",,,
Mount Kisco,,639 E. Main Street,,Mount Kisco,NY,10549,US,914 666 2555,41.1900666092283,-73.7305367815435,"monday 11:00am - 9:00pm, tuesday 11:00am - 9:00pm, wednesday 11:00am - 9:00pm, thursday 11:00am - 9:00pm, friday 11:00am - 10:00pm, saturday 11:00am - 10:00pm, sunday 11:00am - 9:00pm",,,
Lake George,,170 Canada Street,,Lake George,NY,12845,US,518 668 5242,43.4235889473684,-73.7135589473684,"monday 12:00pm - 5:00pm, tuesday 12:00pm - 5:00pm, wednesday 12:00pm - 5:00pm, thursday 12:00pm - 5:00pm, friday 12:00pm - 5:00pm, saturday 11:00am - 6:00pm, sunday 11:00am - 6:00pm",,,
Bolton Landing,,4950 State Route 9 N,,Bolton Landing,NY,12814,US,518 644 2926,43.5389439827856,-73.6681056339468,"monday Closed, tuesday Closed, wednesday Closed, thursday Closed, friday Closed, saturday Closed, sunday Closed",,,
Albany - Madison Ave.,,467 Madison Ave.,,Albany,NY,12210,US,,42.6528650792185,-73.7684559785673,"monday 12:00pm - 9:00pm, tuesday 12:00pm - 9:00pm, wednesday 12:00pm - 9:00pm, thursday 12:00pm - 9:00pm, friday 12:00pm - 10:00pm, saturday 12:00pm - 10:00pm, sunday 12:00pm - 9:00pm",,,
Lake Placid,,2423 Main Street,,Lake Placid,NY,12946,US,,44.2907912346174,-73.9850337883513,"monday 12:00pm - 6:00pm, tuesday 12:00pm - 6:00pm, wednesday 12:00pm - 6:00pm, thursday 12:00pm - 6:00pm, friday 12:00pm - 9:00pm, saturday 11:00am - 9:00pm, sunday 11:00am - 6:00pm",,,
East Memphis,,5007 Black Road,Space 110,Memphis,TN,38117,US,901 767 3178,35.1145866666667,-89.8949609090909,"monday 11:00am - 10:00pm, tuesday 11:00am - 10:00pm, wednesday 11:00am - 10:00pm, thursday 11:00am - 10:00pm, friday 11:00am - 11:00pm, saturday 11:00am - 11:00pm, sunday 12:00pm - 10:00pm",,,
Navy Pier,,600 East Grand Ave,,Chicago,IL,60611,US,,41.89211,-87.60986,"monday 10:00am - 8:00pm, tuesday 10:00am - 8:00pm, wednesday 10:00am - 8:00pm, thursday 10:00am - 8:00pm, friday 10:00am - 10:00pm, saturday 10:00am - 10:00pm, sunday 10:00am - 7:00pm",,,
Midway Airport,,5700 So Cicero,TC-10,Chicago,IL,60638,US,,41.7870703450853,-87.7414530742431,"monday 6:00am - 9:30pm, tuesday 6:00am - 9:30pm, wednesday 6:00am - 9:30pm, thursday 6:00am - 9:30pm, friday 6:00am - 9:30pm, saturday 6:00am - 9:30pm, sunday 6:00am - 9:30pm",,,
The Glen,,1860 Tower Drive,The Glen Town Center,Glenview,IL,60026,US,847 657 8474,42.0887519653283,-87.8240053154156,"monday 12:00pm - 9:00pm, tuesday 12:00pm - 9:00pm, wednesday 12:00pm - 9:00pm, thursday 12:00pm - 9:00pm, friday 12:00pm - 10:00pm, saturday 12:00pm - 10:00pm, sunday 12:00pm - 9:00pm",,,
Ann Arbor,,304 South State Street,,Ann Arbor,MI,48104,US,734 665 4440,42.279125,-83.74082,"monday 12:00pm - 10:30pm, tuesday 12:00pm - 10:30pm, wednesday 12:00pm - 10:30pm, thursday 12:00pm - 10:30pm, friday 12:00pm - 11:00pm, saturday 12:00pm - 11:00pm, sunday 12:00pm - 10:30pm",,,
Shoppers Drug Mart,,2125 FRONT ROAD,,LASALLE,,N9J 2C1,CA,,42.2281653964836,-83.1021788291622,"monday , tuesday , wednesday , thursday , friday , saturday , sunday ",,,
Busch Stadium - Events Only,,405 S Broadway,,St Louis,MO,63102,US,,38.6222234831461,-90.1913105617977,"monday Closed, tuesday Closed, wednesday Closed, thursday Closed, friday Closed, saturday Closed, sunday Closed",,,
Dayton,,1934 Brown Street,,Dayton,OH,45409,US,937 461 1888,39.7340126530612,-84.1805028571429,"monday 12:00pm - 10:00pm, tuesday 12:00pm - 10:00pm, wednesday 12:00pm - 10:00pm, thursday 12:00pm - 10:00pm, friday 12:00pm - 11:00pm, saturday 12:00pm - 11:00pm, sunday 12:00pm - 10:00pm",,,
Shoppers Drug Mart,,199 SANDWICH  ST. S,,AMHERSTBURG,,N9V 1Z9,CA,,42.1039530736413,-83.1097296197131,"monday , tuesday , wednesday , thursday , friday , saturday , sunday ",,,
Shoppers Drug Mart,,199    SANDWICH  ST. S,,AMHERSTBURG,,N9V 1Z9,CA,,42.1039530736413,-83.1097296197131,"monday , tuesday , wednesday , thursday , friday , saturday , sunday ",,,
Shoppers Drug Mart,,199 SANDWICH  ST. S,,AMHERSTBURG,,N9V 1Z9,CA,,42.1039530736413,-83.1097296197131,"monday , tuesday , wednesday , thursday , friday , saturday , sunday ",,,
WAL-MART,,400 SANDWICH ST S,,AMHERSTBURG,ON,,CA,,42.09741,-83.10814,"monday , tuesday , wednesday , thursday , friday , saturday , sunday ",,,
Walmart,,400 SANDWICH ST S,,AMHERSTBURG,,N9V 3L4,CA,,42.09741,-83.10814,"monday , tuesday , wednesday , thursday , friday , saturday , sunday ",,,
U. City,,6380 Delmar Boulevard,,University City,MO,63130,US,314 721 8887,38.6558849473254,-90.3040490518566,"monday 12:00pm - 10:00pm, tuesday 12:00pm - 10:00pm, wednesday 12:00pm - 10:00pm, thursday 12:00pm - 10:00pm, friday 12:00pm - 11:00pm, saturday 12:00pm - 11:00pm, sunday 12:00pm - 10:00pm",,,
Cleveland Zoo,,3900 Wildlife Way,,Cleveland,OH,44109,US,,41.4438,-81.7143,"monday Closed, tuesday Closed, wednesday Closed, thursday Closed, friday Closed, saturday Closed, sunday Closed",,,
University Heights,,20650 North Park Blvd,,University Heights,OH,44118,US,216 397 5700,41.4870994398612,-81.535519955995,"monday 11:30am - 9:00pm, tuesday 11:30am - 9:00pm, wednesday 11:30am - 9:00pm, thursday 11:30am - 9:00pm, friday 11:30am - 10:00pm, saturday 11:30am - 10:00pm, sunday 11:30am - 9:00pm",,,
Minneapolis St. Paul Airport,,Lindbergh Terminal,"4300 Glumack Drive, Suite 3129",St. Paul,MN,55111,US,,44.88266,-93.20628,"monday Closed, tuesday Closed, wednesday Closed, thursday Closed, friday Closed, saturday Closed, sunday Closed",,,
South Minneapolis,,3070 Excelsior Boulevard,,Minneapolis,MN,55416,US,612 927 9900,44.9466511111111,-93.3216888888889,"monday 12:00pm - 9:00pm, tuesday 12:00pm - 9:00pm, wednesday 12:00pm - 9:00pm, thursday 12:00pm - 9:00pm, friday 12:00pm - 9:00pm, saturday 12:00pm - 9:00pm, sunday 12:00pm - 9:00pm",,,
Wayzata,,539 East Lake Street,1st Floor,Wayzata,MN,55391,US,952 473 1705,44.9698136734694,-93.5144893877551,"monday 12:00pm - 9:00pm, tuesday 12:00pm - 9:00pm, wednesday 12:00pm - 9:00pm, thursday 12:00pm - 9:00pm, friday 12:00pm - 10:00pm, saturday 12:00pm - 10:00pm, sunday 12:00pm - 9:00pm",,,
Pittsburgh Cultural District,,936 Penn Avenue,,Pittsburgh,PA,15222,US,412 215 9189,40.4440484615385,-79.9970348717949,"monday 11:00am - 9:00pm, tuesday 11:00am - 9:00pm, wednesday 11:00am - 9:00pm, thursday 11:00am - 9:00pm, friday 11:00am - 10:00pm, saturday 11:00am - 10:00pm, sunday 11:00am - 9:00pm",,,
Vanderbilt,,416-A 21st Avenue South,,Nashville,TN,37203,US,615 321 2478,36.14606,-86.79954,"monday 11:00am - 10:00pm, tuesday 11:00am - 10:00pm, wednesday 11:00am - 10:00pm, thursday 11:00am - 10:00pm, friday 11:00am - 10:30pm, saturday 11:00am - 10:30pm, sunday 11:00am - 10:00pm",,,
Vanderbilt Children's Hospital,,2200 Children's Way,Food Court  2nd Floor,Nashville,TN,37232,US,615 936 5689,36.13875,-86.80179,"monday 11:00am - 10:00pm, tuesday 11:00am - 10:00pm, wednesday 11:00am - 10:00pm, thursday 11:00am - 10:00pm, friday 11:00am - 10:00pm, saturday 1:00pm - 7:00pm, sunday 1:00pm - 7:00pm",,,
Berkeley - Center Street,,2130 Center Street,Suite 102,Berkeley,CA,94704,US,510 900 2460,37.8704416666667,-122.267028333333,"monday 11:00am - 9:00pm, tuesday 12:00pm - 8:00pm, wednesday 11:00am - 9:00pm, thursday 11:00am - 9:00pm, friday 11:00am - 10:00pm, saturday 11:00am - 10:00pm, sunday 11:00am - 9:00pm",,,
Macy's,,170 O'Farrell St,Macy’s Department Store,San Francisco,CA,94102,US,415 263 7239,37.7864935294118,-122.407556470588,"monday 10:30am - 9:00pm, tuesday 12:00pm - 8:00pm, wednesday 10:30am - 9:00pm, thursday 10:30am - 9:00pm, friday 10:30am - 9:00pm, saturday 10:30am - 9:00pm, sunday 11:00am - 7:00pm",,,
Haight Ashbury,,1480 Haight Street,,San Francisco,CA,94117,US,415 626 4143,37.7700385714286,-122.446631632653,"monday 10:00am - 9:00pm, tuesday 10:00am - 9:00pm, wednesday 10:00am - 9:00pm, thursday 10:00am - 9:00pm, friday 10:00am - 10:00pm, saturday 10:00am - 10:00pm, sunday 10:00am - 9:00pm",,,
Argonaut,,475 Jefferson Street,,San Francisco,CA,94109,US,415 263 7239,37.8076176923077,-122.420436153846,"monday 11:30am - 9:00pm, tuesday 12:00pm - 8:00pm, wednesday 11:30am - 9:00pm, thursday 11:30am - 9:00pm, friday 10:30am - 10:00pm, saturday 10:30am - 10:30pm, sunday 10:30am - 10:30pm",,,
Fisherman's Wharf,,Pier 41,,San Francisco,CA,94133,US,,37.809167,-122.411389,"monday 10:00am - 6:00pm, tuesday 10:00am - 6:00pm, wednesday 10:00am - 6:00pm, thursday 10:00am - 6:00pm, friday 10:00am - 7:00pm, saturday 10:00am - 7:30pm, sunday 10:00am - 7:00pm",,,
Napa,,1136 Main Street,,Napa,CA,94559,US,707 696 9683,38.3001547474747,-122.286263030303,"monday 11:30am - 9:00pm, tuesday 11:30am - 9:00pm, wednesday 11:30am - 9:00pm, thursday 11:30am - 9:00pm, friday 11:30am - 9:00pm, saturday 11:30am - 9:00pm, sunday 11:30am - 9:00pm",,,
St. Augustine,,128 Saint George Street,,St. Augustine,FL,32084,US,,29.8939273052762,-81.3128544229671,"monday 11:00am - 9:00pm, tuesday 11:00am - 9:00pm, wednesday 11:00am - 9:00pm, thursday 11:00am - 9:00pm, friday 11:00am - 11:00pm, saturday 11:00am - 11:00pm, sunday 11:00am - 9:00pm",,,
Universal Studios Florida,,1100 Universal Studios Plaza,,Orlando,FL,32819,US,,28.4778,-81.47321,"monday Closed, tuesday Closed, wednesday Closed, thursday Closed, friday Closed, saturday Closed, sunday Closed",,,
Universal Studios Florida - Coney Island Arcade,,1000 Universal Studios Plaza,Coney Island Arcade,Orlando,FL,32819,US,,28.47773,-81.47485,"monday Closed, tuesday Closed, wednesday Closed, thursday Closed, friday Closed, saturday Closed, sunday Closed",,,
Universal Studios Florida - Schwabs,,1000 Universal Studios Plaza,,Orlando,FL,32819,US,,28.47773,-81.47485,"monday Closed, tuesday Closed, wednesday Closed, thursday Closed, friday Closed, saturday Closed, sunday Closed",,,
I-Drive 360,,8457 International Drive,,Orlando,FL,32819,US,407 930 6054,28.4425083268075,-81.4702307968177,"monday 11:00am - 11:00pm, tuesday 11:00am - 11:00pm, wednesday 11:00am - 11:00pm, thursday 11:00am - 11:00pm, friday 11:00am - 11:00pm, saturday 11:00am - 11:00pm, sunday 11:00am - 11:00pm",,,
Pointe Orlando,,9101 International Drive,#1040,Orlando,FL,32819,US,407 286 3353,28.43302,-81.47151,"monday 12:00pm - 10:00pm, tuesday 12:00pm - 10:00pm, wednesday 12:00pm - 10:00pm, thursday 12:00pm - 10:00pm, friday 12:00pm - 11:00pm, saturday 12:00pm - 11:00pm, sunday 12:00pm - 10:00pm",,,
Orlando Premium Outlets,,8200 Vineland Avenue,Unit #K-42,Orlando,FL,32821,US,407 286 3353,28.3859492789634,-81.496157648933,"monday 10:00am - 11:00pm, tuesday 10:00am - 11:00pm, wednesday 10:00am - 11:00pm, thursday 10:00am - 11:00pm, friday 10:00am - 11:00pm, saturday 10:00am - 11:00pm, sunday 10:00am - 9:00pm",,,
The Loop,,3234 N John Young Parkway,,Kissimmee,FL,34741,US,407 483 8029,28.3467860606061,-81.4197667676768,"monday 11:00am - 10:00pm, tuesday 11:00am - 10:00pm, wednesday 11:00am - 10:00pm, thursday 11:00am - 10:00pm, friday 11:00am - 11:00pm, saturday 11:00am - 11:00pm, sunday 11:00am - 10:00pm",,,
Melbourne,,1800 W  Hibiscus Blvd,Suite 120,Melbourne,FL,32901,US,321 674 7599,28.08545,-80.64964,"monday 12:00pm - 10:00pm, tuesday 12:00pm - 10:00pm, wednesday 12:00pm - 10:00pm, thursday 12:00pm - 10:00pm, friday 12:00pm - 10:00pm, saturday 12:00pm - 10:00pm, sunday 12:00pm - 10:00pm",,,
Charleston,,96 N Market Street,,Charleston,SC,29401,US,,32.7809042595539,-79.9305899387964,"monday 11:00am - 10:00pm, tuesday 11:00am - 10:00pm, wednesday 11:00am - 10:00pm, thursday 11:00am - 10:00pm, friday 11:00am - 11:00pm, saturday 11:00am - 11:00pm, sunday 11:00am - 10:00pm",,,
Isle of Palms,,1109 Ocean Boulevard,,Isle of Palms,SC,29451,US,,32.7853190425532,-79.789175,"monday 11:00am - 10:00pm, tuesday 11:00am - 10:00pm, wednesday 11:00am - 10:00pm, thursday 11:00am - 10:00pm, friday 11:00am - 11:00pm, saturday 11:00am - 11:00pm, sunday 11:00am - 10:00pm",,,
Sarasota,,372A St Armands Circle,,Sarasota,FL,34236,US,,27.3178850793087,-82.5772404758521,"monday 11:00am - 11:00pm, tuesday 11:00am - 11:00pm, wednesday 11:00am - 11:00pm, thursday 11:00am - 11:00pm, friday 11:00am - 11:00pm, saturday 11:00am - 11:00pm, sunday 11:00am - 11:00pm",,,
Delray Beach,,1155 E Atlantic Ave,,Delray Beach,FL,33483,US,561 272 3112,26.46169,-80.060115,"monday 11:00pm - 11:00pm, tuesday 11:00am - 11:00pm, wednesday 11:00am - 11:00pm, thursday 11:00am - 11:00pm, friday 11:00am - 12:00am, saturday 11:00am - 12:00am, sunday 11:00am - 11:00pm",,,
Miramar Beach,,9375 Emerald Coast Parkway,,Miramar Beach,FL,32550,US,850 460 8884,30.3781191304348,-86.3317285217391,"monday 11:00am - 10:00pm, tuesday 11:00am - 10:00pm, wednesday 11:00am - 10:00pm, thursday 11:00am - 10:00pm, friday 11:00am - 10:00pm, saturday 11:00am - 10:00pm, sunday 11:00am - 9:00pm",,,
Myrtle Beach - The Breakers,,2005-C Ocean Boulevard,,Myrtle Beach,SC,29577,US,843-213-1754,33.6699354054382,-78.9055211394789,"monday 12:00pm - 9:00pm, tuesday 12:00pm - 9:00pm, wednesday 12:00pm - 9:00pm, thursday 12:00pm - 9:00pm, friday 12:00pm - 10:00pm, saturday 12:00pm - 10:00pm, sunday 12:00pm - 9:00pm",,,
Hollywood Beach,,1202 N Broadwalk,,Hollywood,FL,33019,US,954 929 7085,26.019233030303,-80.1152481818182,"monday 11:00am - 1:00am, tuesday 11:00am - 1:00am, wednesday 11:00am - 1:00am, thursday 11:00am - 1:00am, friday 11:00am - 1:00am, saturday 11:00am - 1:00am, sunday 11:00am - 1:00am",,,
Myrtle Beach (South),,1303 Celebrity Circle,Suite 125A,Myrtle Beach,SC,29577,US,843 444 1074,33.714584305896,-78.8840113747436,"monday 10:00am - 9:00pm, tuesday 10:00am - 9:00pm, wednesday 10:00am - 9:00pm, thursday 10:00am - 9:00pm, friday 10:00am - 9:00pm, saturday 10:00am - 9:00pm, sunday 10:00am - 9:00pm",,,
Myrtle Beach II (North),,1200 Celebrity Circle,Suite 209,Myrtle Beach,SC,29577,US,843 444 0390,33.7194037912079,-78.8798434183648,"monday 10:00am - 9:00pm, tuesday 10:00am - 9:00pm, wednesday 10:00am - 9:00pm, thursday 10:00am - 9:00pm, friday 10:00am - 9:00pm, saturday 10:00am - 9:00pm, sunday 10:00am - 9:00pm",,,
Hallandale Beach,,1723 E Hallandale Beach Blvd,,Hallandale,FL,33009,US,954 455 4900,25.9860612244898,-80.1299289795918,"monday 11:00am - 12:00am, tuesday 11:00am - 12:00am, wednesday 11:00am - 12:00am, thursday 11:00am - 12:00am, friday 11:00am - 12:00am, saturday 11:00am - 12:00am, sunday 11:00am - 12:00am",,,
Caribbean Resort,,2913-B North Ocean Boulevard,,Myrtle Beach,SC,29577,US,,33.7075908163265,-78.861902244898,"monday 12:00pm - 9:00pm, tuesday 12:00pm - 9:00pm, wednesday 12:00pm - 9:00pm, thursday 12:00pm - 9:00pm, friday 12:00pm - 10:00pm, saturday 12:00pm - 10:00pm, sunday 12:00pm - 9:00pm",,,
Royal Oaks,,15484 NW 77th Court,,Miami Lakes,FL,33016,US,305 822 2997,25.9153187628678,-80.3256939505147,"monday 12:00pm - 11:00pm, tuesday 12:00pm - 11:00pm, wednesday 12:00pm - 11:00pm, thursday 12:00pm - 11:00pm, friday 12:00pm - 12:00am, saturday 12:00pm - 12:00am, sunday 12:00pm - 11:00pm",,,
Atlanta - Downtown,,Catering Events Only,,Atlanta,GA,30303,US,,33.75221,-84.39107,"monday 8:00am - 10:00pm, tuesday 8:00am - 10:00pm, wednesday 8:00am - 10:00pm, thursday 8:00am - 10:00pm, friday 8:00am - 10:00pm, saturday 8:00am - 10:00pm, sunday 8:00am - 10:00pm",,,
Tanger Outlets (Myrtle Beach),,10835 King Road South,Suite 701,Myrtle Beach,SC,29572,US,843 449 4654,33.7844058,-78.7707948,"monday 10:00am - 9:00pm, tuesday 10:00am - 9:00pm, wednesday 10:00am - 9:00pm, thursday 10:00am - 9:00pm, friday 10:00am - 9:00pm, saturday 10:00am - 9:00pm, sunday 10:00am - 7:00pm",,,
Naples - Venetian Village,,4320 Gulfshore Blvd N,Venetian Village,Naples,FL,34103,US,239 434 5850,26.1967709027457,-81.8126247861918,"monday 11:00am - 10:00pm, tuesday 11:00am - 10:00pm, wednesday 11:00am - 10:00pm, thursday 11:00am - 10:00pm, friday 11:00am - 10:00pm, saturday 11:00am - 10:00pm, sunday 12:00pm - 10:00pm",,,
Athens,,105 College Avenue,,Athens,GA,30601,US,,33.9577330612245,-83.3751634693878,"monday 11:00am - 12:00am, tuesday 11:00am - 12:00am, wednesday 11:00am - 12:00am, thursday 11:00am - 12:00am, friday 11:00am - 1:00am, saturday 11:00am - 1:00am, sunday 11:00am - 12:00am",,,
Sevierville - Tanger Five Oaks Outlet,,1645 Parkway,Suite #1440,Sevierville,TN,37862,US,865 908 7778,35.8330360137281,-83.5728343161561,"monday 12:00pm - 9:00pm, tuesday 12:00pm - 9:00pm, wednesday 12:00pm - 9:00pm, thursday 12:00pm - 9:00pm, friday 12:00pm - 9:00pm, saturday 12:00pm - 9:00pm, sunday 12:00pm - 9:00pm",,,
Gatlinburg,,638 Parkway,,Gatlinburg,TN,37738,US,865 436 6272,35.7128680645643,-83.5140868112162,"monday 12:00pm - 9:00pm, tuesday 12:00pm - 9:00pm, wednesday 12:00pm - 9:00pm, thursday 12:00pm - 9:00pm, friday 12:00pm - 10:00pm, saturday 12:00pm - 10:00pm, sunday 12:00pm - 9:00pm",,,
Chattanooga,,201 Broad Street,,Chattanooga,TN,37402,US,423 320 6041,35.0541288888889,-85.3107998989899,"monday 11:00am - 11:00pm, tuesday 11:00am - 11:00pm, wednesday 11:00am - 11:00pm, thursday 11:00am - 12:00am, friday 11:00am - 12:00am, saturday 11:00am - 12:00am, sunday 11:00am - 12:00am",,,
New River Valley Mall,,782 New River Road,,Christiansburg,VA,24073,US,540 381 7654,37.1662112391562,-80.4294679867013,"monday 10:00am - 9:00pm, tuesday 10:00am - 9:00pm, wednesday 10:00am - 9:00pm, thursday 10:00am - 9:00pm, friday 10:00am - 10:00pm, saturday 10:00am - 10:00pm, sunday 12:00pm - 7:00pm",,,
Valley View Mall,,4802 Valley View Boulevard NW,Space LB-95,Roanoke,VA,24012,US,540 366 2020,37.303027804257,-79.9585288650109,"monday 10:00am - 9:00pm, tuesday 10:00am - 9:00pm, wednesday 10:00am - 9:00pm, thursday 10:00am - 9:00pm, friday 10:00am - 9:00pm, saturday 10:00am - 9:00pm, sunday 12:00pm - 6:00pm",,,
Myers Park,,507 Providence Road,,Charlotte,NC,28207,US,704 333 1003,35.20364,-80.82461,"monday 12:00pm - 9:00pm, tuesday 12:00pm - 9:00pm, wednesday 12:00pm - 9:00pm, thursday 12:00pm - 9:00pm, friday 12:00pm - 10:00pm, saturday 12:00pm - 10:00pm, sunday 12:00pm - 9:00pm",,,
Parktowne Village,,1600 East Woodlawn Rd,Suite 110,Charlotte,NC,28209,US,704 525 9945,35.1722157894737,-80.8494057894737,"monday 12:00pm - 9:00pm, tuesday 12:00pm - 9:00pm, wednesday 12:00pm - 9:00pm, thursday 12:00pm - 9:00pm, friday 12:00pm - 10:00pm, saturday 12:00pm - 10:00pm, sunday 12:00pm - 9:00pm",,,
Foxcroft,,7800 Fairview Road,Foxcroft East Shopping Center,Charlotte,NC,28226,US,704 364 7600,35.14748,-80.80985,"monday 12:00pm - 10:00pm, tuesday 12:00pm - 10:00pm, wednesday 12:00pm - 10:00pm, thursday 12:00pm - 10:00pm, friday 12:00pm - 11:00pm, saturday 12:00pm - 11:00pm, sunday 12:00pm - 10:00pm",,,
Birkdale Village,,16915 Birkdale Commons Parkway,Suite D,Huntersville,NC,28078,US,704 895 5675,35.4460141666667,-80.8792195833333,"monday 12:00pm - 10:00pm, tuesday 12:00pm - 10:00pm, wednesday 12:00pm - 10:00pm, thursday 12:00pm - 10:00pm, friday 12:00pm - 11:00pm, saturday 12:00pm - 11:00pm, sunday 12:00pm - 10:00pm",,,
Gastonia - Franklin Square,,3908 East Franklin Boulevard,,Gastonia,NC,28056,US,704 824 7391,35.2572322818792,-81.1111773825503,"monday 12:00pm - 9:00pm, tuesday 12:00pm - 9:00pm, wednesday 12:00pm - 9:00pm, thursday 12:00pm - 9:00pm, friday 12:00pm - 10:00pm, saturday 12:00pm - 10:00pm, sunday 12:00pm - 9:00pm",,,
Davidson,,202 South Main Street,PO Box 1761,Davidson,NC,28036,US,704 892 0604,35.4979493757844,-80.8491198286184,"monday 12:00pm - 10:00pm, tuesday 12:00pm - 10:00pm, wednesday 12:00pm - 10:00pm, thursday 12:00pm - 10:00pm, friday 12:00pm - 11:00pm, saturday 12:00pm - 11:00pm, sunday 12:00pm - 10:00pm",,,
Friendly,,3332 W Friendly Avenue,The Shops at Friendly Center,Greensboro,NC,27410,US,336 856 2178,36.0852441578078,-79.8371303923933,"monday 12:00pm - 9:00pm, tuesday 12:00pm - 9:00pm, wednesday 12:00pm - 9:00pm, thursday 12:00pm - 9:00pm, friday 12:00pm - 10:00pm, saturday 12:00pm - 10:00pm, sunday 12:00pm - 9:00pm",,,
Chapel Hill,,102 West Franklin Street,,Chapel Hill,NC,27516,US,919 967 9068,35.9130866666667,-79.0559766666667,"monday 12:00pm - 10:00pm, tuesday 12:00pm - 10:00pm, wednesday 12:00pm - 10:00pm, thursday 12:00pm - 10:00pm, friday 12:00pm - 11:30pm, saturday 12:00pm - 11:30pm, sunday 12:00pm - 10:00pm",,,
Royal Bakery,,3801 Hillsborough St.,,Raleigh,NC,27607,US,919 807 0707,35.79418,-78.68775,"monday 12:00pm - 10:00pm, tuesday 12:00pm - 10:00pm, wednesday 12:00pm - 10:00pm, thursday 12:00pm - 10:00pm, friday 12:00pm - 10:00pm, saturday 12:00pm - 10:00pm, sunday 12:00pm - 10:00pm",,,
North Hills,,4160 Main Street,,Raleigh,NC,27604,US,919 781 4677,35.836886,-78.643098,"monday 12:00pm - 9:00pm, tuesday 12:00pm - 9:00pm, wednesday 12:00pm - 9:00pm, thursday 12:00pm - 10:00pm, friday 12:00pm - 11:00pm, saturday 11:00am - 11:00pm, sunday 12:00pm - 10:00pm",,,
Jacksonville Mall,,375 Jacksonville Mall,,Jacksonville,NC,28546,US,,34.7673658424508,-77.3816585412109,"monday 10:00am - 9:00pm, tuesday 10:00am - 9:00pm, wednesday 10:00am - 9:00pm, thursday 10:00am - 9:00pm, friday 10:00am - 9:00pm, saturday 10:00am - 9:00pm, sunday 12:00pm - 6:00pm",,,
Emerald Isle,,8204 Emerald Drive,Unit 2,Emerald Isle,NC,28594,US,252 354 8448,34.6648523218569,-77.0349763432106,"monday 12:00pm - 9:00pm, tuesday 12:00pm - 9:00pm, wednesday 12:00pm - 9:00pm, thursday 12:00pm - 9:00pm, friday 12:00pm - 10:00pm, saturday 12:00pm - 10:00pm, sunday 12:00pm - 9:00pm",,,
Rockville Center,,199-F East Montgomery Avenue,,Rockville,MD,20850,US,301 610 0560,39.08406,-77.1509,"monday 12:00pm - 9:30pm, tuesday 12:00pm - 9:30pm, wednesday 12:00pm - 9:30pm, thursday 12:00pm - 9:30pm, friday 12:00pm - 11:00pm, saturday 12:00pm - 11:00pm, sunday 12:00pm - 9:30pm",,,
City Place,,903 Ellsworth Dr,,Silver Spring,MD,20910,US,301 589 8224,38.996803448247,-77.0254641149695,"monday 11:00am - 9:00pm, tuesday 11:00am - 9:00pm, wednesday 11:00am - 9:00pm, thursday 11:00am - 9:00pm, friday 11:00am - 10:00pm, saturday 11:00am - 10:00pm, sunday 12:00pm - 9:00pm",,,
Dulles Town Center,,2100 Dulles Town Circle,,Sterling,VA,20166-2400,US,703 406 1404,39.03015,-77.42584,"monday 10:00am - 9:30pm, tuesday 10:00am - 9:30pm, wednesday 10:00am - 9:30pm, thursday 10:00am - 9:30pm, friday 10:00am - 9:30pm, saturday 10:00am - 9:30pm, sunday 11:00am - 7:00pm",,,
Charlottesville,,1112 Emmet Street,,Charlottesville,VA,22903,US,434 244 7438,38.0514830769231,-78.5003826923077,"monday 11:30am - 10:00pm, tuesday 11:30am - 10:00pm, wednesday 11:30am - 10:00pm, thursday 11:30am - 10:00pm, friday 11:30am - 11:00pm, saturday 11:30am - 11:00pm, sunday 12:00pm - 10:00pm",,,
Reston Town Center,,11916 Market Street,,Reston,VA,20190,US,703 787 9096,38.9587015789474,-77.3571936842105,"monday 11:00am - 10:00pm, tuesday 11:00am - 10:00pm, wednesday 11:00am - 10:00pm, thursday 11:00am - 10:00pm, friday 11:00am - 11:00pm, saturday 11:00am - 11:00pm, sunday 11:00am - 10:00pm",,,
Georgetown,,3135 M Street NW,,Washington,DC,20007,US,202 965 2222,38.9051746875,-77.06176375,"monday 12:00pm - 10:00pm, tuesday 12:00pm - 10:00pm, wednesday 12:00pm - 10:00pm, thursday 12:00pm - 10:00pm, friday 12:00pm - 11:00pm, saturday 12:00pm - 11:00pm, sunday 12:00pm - 11:00pm",,,
Fairfax Corner,,4205 Fairfax Corner East,,Fairfax,VA,22033,US,703 968 0646,38.8587834693878,-77.3563210204082,"monday 11:00am - 10:00pm, tuesday 11:00am - 10:00pm, wednesday 11:00am - 10:00pm, thursday 11:00am - 10:00pm, friday 11:00am - 11:00pm, saturday 11:00am - 11:00pm, sunday 11:00am - 10:00pm",,,
Alexandria - Old Town,,103 S Union Street,,Alexandria,VA,22314,US,703 535 5485,38.80405,-77.04031,"monday 11:00am - 10:00pm, tuesday 11:00am - 10:00pm, wednesday 11:00am - 10:00pm, thursday 11:00am - 10:00pm, friday 11:00am - 11:00pm, saturday 11:00am - 11:00pm, sunday 11:00am - 11:00pm",,,
National Harbor,,138 National Plaza,National Plaza,Oxon Hill,MD,20745,US,301 686 0199,38.78573,-77.01616,"monday 11:00am - 10:00pm, tuesday 11:00am - 10:00pm, wednesday 11:00am - 10:00pm, thursday 11:00am - 10:00pm, friday 11:00am - 11:00pm, saturday 10:00am - 11:00pm, sunday 10:00am - 11:00pm",,,
University of Denver,,2339 East Evans Ave,,Denver,CO,80210,US,303 733 8878,39.6784656021366,-104.959562461962,"monday 12:00pm - 9:00pm, tuesday 12:00pm - 9:00pm, wednesday 12:00pm - 9:00pm, thursday 12:00pm - 9:00pm, friday 12:00pm - 10:00pm, saturday 12:00pm - 10:00pm, sunday 12:00pm - 9:00pm",,,
Park Meadows Mall,,8515 Park Meadows Center Drive,Park Meadows Mall Food Court,Lone Tree,CO,80124,US,303 708 1055,39.560653232241,-104.879294948097,"monday 10:00am - 9:00pm, tuesday 10:00am - 9:00pm, wednesday 10:00am - 9:00pm, thursday 10:00am - 9:00pm, friday 10:00am - 9:00pm, saturday 10:00am - 9:00pm, sunday 11:00am - 6:00pm",,,
Denver International Airport - Concourse A,,8900 Pena Boulevard,"Concourse Level, Center Court",Denver,CO,80249,US,,39.8382459731544,-104.676113355705,"monday Closed, tuesday Closed, wednesday Closed, thursday Closed, friday Closed, saturday Closed, sunday Closed",,,
Boulder,,1203 Pearl Street,,Boulder,CO,80302,US,303 444 5725,40.0178853061224,-105.279963469388,"monday 11:00am - 9:00pm, tuesday 11:00am - 9:00pm, wednesday 11:00am - 9:00pm, thursday 11:00am - 9:00pm, friday 11:00am - 10:00pm, saturday 11:00am - 10:00pm, sunday 11:00am - 9:00pm",,,
Great Wolf Resort - Colorado Springs,,9494 Federal Drive,,Colorado Springs,CO,80921,US,,38.98328,-104.8001,"monday Closed, tuesday Closed, wednesday Closed, thursday Closed, friday Closed, saturday Closed, sunday Closed",,,
Fort Collins,,1 Old Town Square,Suite 104,Fort Collins,CO,80524,US,970 407 0899,40.58709,-105.07588,"monday 11:00am - 9:00pm, tuesday 11:00am - 9:00pm, wednesday 11:00am - 9:00pm, thursday 11:00am - 9:00pm, friday 11:00am - 11:00pm, saturday 11:00am - 11:00pm, sunday 11:00am - 9:00pm",,,
Green Lake,,7900 E Green Lake Drive N,Suite 104,Seattle,WA,98103,US,206 400 7327,47.68561,-122.33681,"monday 12:00pm - 9:00pm, tuesday 12:00pm - 9:00pm, wednesday 12:00pm - 9:00pm, thursday 12:00pm - 9:00pm, friday 11:00am - 10:00pm, saturday 11:00am - 10:00pm, sunday 11:00am - 9:00pm",,,
WA Benjerry Catering & Event Services,,7900 E Green Lake Drive N,Suite 104,Seattle,WA,98103,US,,47.68561,-122.33681,"monday 9:00am - 5:00pm, tuesday 9:00am - 5:00pm, wednesday 9:00am - 5:00pm, thursday 9:00am - 5:00pm, friday 9:00am - 5:00pm, saturday Closed, sunday Closed",,,
Bellevue Square,,166 Bellevue Way NE,,Bellevue,WA,98004,US,,47.6117389795918,-122.201570204082,"monday 9:30am - 9:30pm, tuesday 9:30am - 9:30pm, wednesday 9:30am - 9:30pm, thursday 9:30am - 9:30pm, friday 9:30am - 9:30pm, saturday 9:30am - 9:30pm, sunday 11:00am - 7:00pm",,,
Kirkland,,176 Lake Street South,,Kirkland,WA,98033,US,425 576 1609,47.674397755102,-122.206042653061,"monday 12:00pm - 9:00pm, tuesday 12:00pm - 9:00pm, wednesday 12:00pm - 9:00pm, thursday 12:00pm - 9:30pm, friday 12:00pm - 9:30pm, saturday 12:00pm - 9:30pm, sunday 12:00pm - 9:00pm",,,
Southcenter Mall,,2800 Southcenter Mall,K2688 Kiosk 9250,Tukwila,WA,98188,US,206 588 0104,47.4579952341801,-122.255173884263,"monday 10:00am - 9:00pm, tuesday 10:00am - 9:00pm, wednesday 10:00am - 9:00pm, thursday 10:00am - 9:00pm, friday 10:00am - 9:00pm, saturday 10:00am - 9:00pm, sunday 11:00am - 7:00pm",,,
Issaquah Highlands,,1011 NE High Street,Suite 103,Issaquah,WA,98029,US,425 391 6455,47.5443938265175,-122.016060332112,"monday 12:00pm - 9:00pm, tuesday 12:00pm - 9:00pm, wednesday 12:00pm - 9:00pm, thursday 12:00pm - 9:00pm, friday 12:00pm - 10:00pm, saturday 12:00pm - 10:00pm, sunday 12:00pm - 9:00pm",,,
Uptown Gig Harbor,,4635 Point Fosdick Drive NW,"Building 11, Suite 400",Gig Harbor,WA,98335,US,253 858 8575,47.3004830100334,-122.579272073579,"monday 12:00pm - 9:00pm, tuesday 12:00pm - 9:00pm, wednesday 12:00pm - 9:00pm, thursday 12:00pm - 9:00pm, friday 11:00am - 10:00pm, saturday 11:00am - 10:00pm, sunday 11:00am - 9:00pm",,,
Portland Pearl District,,301 NW 10th Avenue,,Portland,OR,97209,US,503 796 3033,45.52513,-122.68123,"monday 12:00pm - 9:00pm, tuesday 12:00pm - 9:00pm, wednesday 12:00pm - 9:00pm, thursday 12:00pm - 9:00pm, friday 12:00pm - 10:00pm, saturday 12:00pm - 10:00pm, sunday 12:00pm - 9:00pm",,,
Uptown Center,,39 NW 23rd Place,,Portland,OR,97210,US,503 295 3033,45.5238305369127,-122.699934563758,"monday 12:00pm - 9:00pm, tuesday 12:00pm - 9:00pm, wednesday 12:00pm - 9:00pm, thursday 12:00pm - 9:00pm, friday 12:00pm - 10:00pm, saturday 12:00pm - 10:00pm, sunday 12:00pm - 9:00pm",,,
Yamhill,,524 SW Yamhill,,Portland,OR,97204,US,503 546 0450,45.5182012244898,-122.67821244898,"monday 12:00pm - 8:00pm, tuesday 12:00pm - 8:00pm, wednesday 12:00pm - 8:00pm, thursday 12:00pm - 8:00pm, friday 12:00pm - 9:00pm, saturday 12:00pm - 9:00pm, sunday 12:00pm - 6:00pm",,,
Portland State University,,510 SW Mill St.,,Portland,OR,97201,US,503 477 7124,45.5121607692308,-122.681259230769,"monday 11:00am - 8:00pm, tuesday 11:00am - 8:00pm, wednesday 11:00am - 8:00pm, thursday 11:00am - 8:00pm, friday 11:00am - 8:00pm, saturday 12:00pm - 6:00pm, sunday Closed",,,
Hawthorne,,1428 S.E. 36th Avenue,,Portland,OR,97214,US,503 234 2223,45.5126428571429,-122.626837142857,"monday 12:00pm - 9:00pm, tuesday 12:00pm - 9:00pm, wednesday 12:00pm - 9:00pm, thursday 12:00pm - 9:00pm, friday 12:00pm - 9:00pm, saturday 12:00pm - 9:00pm, sunday 12:00pm - 8:00pm",,,
Shoppers Drug Mart,,1222 DOUGLAS ST,,VICTORIA,,V8W 2E5,CA,,48.4256573469388,-123.365105102041,"monday , tuesday , wednesday , thursday , friday , saturday , sunday ",,,
Shoppers Drug Mart,,1222 DOUGLAS ST,,VICTORIA,,V8W 2E5,CA,,48.4256573469388,-123.365105102041,"monday , tuesday , wednesday , thursday , friday , saturday , sunday ",,,
Shoppers Drug Mart,,1644 HILLSIDE AVE,,VICTORIA,,V8T 2C5,CA,,48.44522,-123.334413333333,"monday , tuesday , wednesday , thursday , friday , saturday , sunday ",,,
Shoppers Drug Mart,,1627   FORT ST,,VICTORIA,,V8R 1H8,CA,,48.4269011967707,-123.335984927424,"monday , tuesday , wednesday , thursday , friday , saturday , sunday ",,,
Shoppers Drug Mart,,1627 FORT ST,,VICTORIA,,V8R 1H8,CA,,48.4269011967707,-123.335984927424,"monday , tuesday , wednesday , thursday , friday , saturday , sunday ",,,
Shoppers Drug Mart,,1627 FORT ST,,VICTORIA,,V8R 1H8,CA,,48.4269011967707,-123.335984927424,"monday , tuesday , wednesday , thursday , friday , saturday , sunday ",,,
Save-On-Foods,,1950 Foul Bay,,Victoria,,V8R 5A7,CA,,48.4313367346939,-123.322464489796,"monday , tuesday , wednesday , thursday , friday , saturday , sunday ",,,
Save-On-Foods,,1950 Foul Bay,,Victoria,,V8R 5A7,CA,,48.4313367346939,-123.322464489796,"monday , tuesday , wednesday , thursday , friday , saturday , sunday ",,,
Fairway Markets,,#101-2187 Oak Bay Ave   V8R 1G1,,Victoria,,V8R 1G1,CA,,48.4263388,-123.3164564,"monday , tuesday , wednesday , thursday , friday , saturday , sunday ",,,
Fairway Markets,,#101-2187 Oak Bay Ave   V8R 1G1,,Victoria,,V8R 1G1,CA,,48.4261866,-123.3163869,"monday , tuesday , wednesday , thursday , friday , saturday , sunday ",,,
Riverpark Square,,808 W Main Ave,Cafes On 3 - Space 10,Spokane,WA,99201,US,509 455 8500,47.6590191836735,-117.423644081633,"monday 10:00am - 9:00pm, tuesday 10:00am - 9:00pm, wednesday 10:00am - 9:00pm, thursday 10:00am - 9:00pm, friday 10:00am - 11:00pm, saturday 10:00am - 11:00pm, sunday 11:00am - 9:00pm",,,
Bend,,680 SW Powerhouse Drive,Old Mill District at Riverbend,Bend,OR,97702,US,541 312 8115,44.0437995620961,-121.314700953455,"monday 12:00pm - 9:00pm, tuesday 12:00pm - 9:00pm, wednesday 12:00pm - 9:00pm, thursday 12:00pm - 9:00pm, friday 12:00pm - 10:00pm, saturday 12:00pm - 10:00pm, sunday 12:00pm - 9:00pm",,,
Parkway Place - CLOSED,,2801 Memorial Parkway SW,Suite 80,Huntsville,AL,35801,US,,34.70711,-86.58914,"monday Closed, tuesday Closed, wednesday Closed, thursday Closed, friday Closed, saturday Closed, sunday Closed",,,
New England Aquarium,,NE Aquarium Central Wharf,NE Aquarium Central Wharf,Boston,MA,02210,US,617 536 5456,42.3591419,-71.0496728,"monday Closed, tuesday Closed, wednesday Closed, thursday Closed, friday 12:00pm - 6:00pm, saturday 12:00pm - 6:00pm, sunday 12:00pm - 6:00pm",,,
Newbury,,174 Newbury Street,,Boston,MA,02116,US,617 536 5456,42.35058,-71.078815,"monday 11:00am - 10:00pm, tuesday 11:00am - 10:00pm, wednesday 11:00am - 10:00pm, thursday 11:00am - 11:00pm, friday 11:00am - 11:00pm, saturday 11:00am - 11:00pm, sunday 11:00am - 10:00pm",,,
Harvard Square,,36 JFK Street,,Cambridge,MA,02138,US,,42.37275,-71.120002,"monday 11:00am - 10:00pm, tuesday 11:00am - 10:00pm, wednesday 11:00am - 10:00pm, thursday 11:00am - 10:00pm, friday 11:00am - 11:00pm, saturday 11:00am - 11:00pm, sunday 11:00am - 10:00pm",,,
South Shore Place,,30 Forbes Road,,Braintree,MA,02184,US,781 848 2222,42.2204373018808,-71.0289898357714,"monday 12:00pm - 10:00pm, tuesday 12:00pm - 10:00pm, wednesday 12:00pm - 10:00pm, thursday 12:00pm - 10:00pm, friday 12:00pm - 11:00pm, saturday 12:00pm - 11:00pm, sunday 12:00pm - 10:00pm",,,
Showcase Randolph,,73 Mazzeo Drive,,Randolph,MA,02368,US,,42.16196,-71.06191,"monday Closed, tuesday Closed, wednesday Closed, thursday Closed, friday Closed, saturday Closed, sunday Closed",,,
Natick,,1265 Worcester Street,Suite 4 - Rte 9 West,Natick,MA,01760,US,508 650 5400,42.29914,-71.38786,"monday 12:00pm - 10:00pm, tuesday 12:00pm - 10:00pm, wednesday 12:00pm - 10:00pm, thursday 12:00pm - 10:00pm, friday 12:00pm - 11:00pm, saturday 11:00am - 11:00pm, sunday 12:00pm - 10:00pm",,,
Showcase Cinema De Lux at Legacy Place,,670 Legacy Place,,Dedham,MA,02026,US,,42.2301834095262,-71.1763350497313,"monday Closed, tuesday Closed, wednesday Closed, thursday Closed, friday Closed, saturday Closed, sunday Closed",,,
Patriot Place 14 Cinema De Lux,,24 Patriot Place,,Foxboro,MA,02035,US,,42.094463,-71.265693,"monday Closed, tuesday Closed, wednesday Closed, thursday Closed, friday Closed, saturday Closed, sunday Closed",,,
Showcase Lowell,,32 Reiss Avenue,,Lowell,MA,01853,US,,42.6128379729209,-71.3222259819203,"monday Closed, tuesday Closed, wednesday Closed, thursday Closed, friday Closed, saturday Closed, sunday Closed",,,
Blackstone Valley 14 Cinemas,,70 Worcester/Providence Turnpike,,Milbury,MA,01527,US,,42.1954503208719,-71.7738581686835,"monday Closed, tuesday Closed, wednesday Closed, thursday Closed, friday Closed, saturday Closed, sunday Closed",,,
Showcase Worcester North,,135 Brook Street,,Worcester,MA,01606,US,,42.240115623499,-71.8667915955413,"monday Closed, tuesday Closed, wednesday Closed, thursday Closed, friday Closed, saturday Closed, sunday Closed",,,
Providence,,224 Thayer Street,,Providence,RI,02906,US,401 421 1114,41.82809,-71.40066,"monday 11:00am - 11:00pm, tuesday 11:00am - 11:00pm, wednesday 11:00am - 11:00pm, thursday 11:00am - 11:00pm, friday 11:00am - 12:00am, saturday 11:00am - 12:00am, sunday 11:00am - 11:00pm",,,
Elm Street,,940 Elm St,,Manchester,NH,03101,US,603 647 9400,42.9914990909091,-71.46309,"monday 11:00am - 10:30pm, tuesday 11:00am - 10:30pm, wednesday 11:00am - 10:30pm, thursday 11:00am - 11:30pm, friday 11:00am - 11:30pm, saturday 11:00am - 11:30pm, sunday 11:00am - 10:30pm",,,
Showcase Warwick Mall,,400 Bald Hill Raod,Warwick Mall,Warwick,RI,02886,US,,41.72653,-71.47996,"monday Closed, tuesday Closed, wednesday Closed, thursday Closed, friday Closed, saturday Closed, sunday Closed",,,
Hyannis,,352 Main Street,,Hyannis,MA,02601,US,508 790 0910,41.65348,-70.28237,"monday 10:30am - 9:00pm, tuesday 12:00pm - 8:00pm, wednesday 10:30am - 9:00pm, thursday 10:30am - 9:00pm, friday 10:30am - 9:00pm, saturday 10:30am - 9:00pm, sunday 11:00am - 9:00pm",,,
Hy-Line Ferry Dock,,22 Channel Point Rd,Lower Level,Hyannis,MA,02601,US,508 790 0910,41.6475617337721,-70.2793675540929,"monday Closed, tuesday Closed, wednesday Closed, thursday Closed, friday Closed, saturday Closed, sunday Closed",,,
Bannister's Wharf,,33 Bannisters Wharf,,Newport,RI,02840,US,,41.4864132653061,-71.3155010204082,"monday Closed, tuesday Closed, wednesday Closed, thursday Closed, friday Closed, saturday 12:00pm - 6:00pm, sunday 12:00pm - 6:00pm",,,
Thames Street,,359 Thames Street,,Newport,RI,02840,US,401 846 2663,41.48376,-71.31466,"monday 12:00pm - 6:00pm, tuesday 12:00pm - 6:00pm, wednesday 12:00pm - 6:00pm, thursday 12:00pm - 6:00pm, friday 12:00pm - 6:00pm, saturday 12:00pm - 6:00pm, sunday 12:00pm - 6:00pm",,,
Ogunquit,,238 Main Street,Ogunquit Pharmacy,Ogunquit,ME,03907,US,,43.2496643248742,-70.5998772056319,"monday Closed, tuesday Closed, wednesday Closed, thursday Closed, friday Closed, saturday Closed, sunday Closed",,,
Kennebunkport,,5 Union Street,,Kennebunkport,ME,04046,US,603 235 3228,43.36145,-70.4759,"monday Closed, tuesday Closed, wednesday Closed, thursday Closed, friday Closed, saturday Closed, sunday Closed",,,
North Eastham,,50 Brackett Road,P.O. Box 1129,North Eastham,MA,02651,US,508 255 2817,41.85503,-69.98652,"monday 12:00pm - 9:00pm, tuesday 12:00pm - 9:00pm, wednesday 12:00am - 9:00pm, thursday 12:00pm - 9:00pm, friday 12:00pm - 9:00pm, saturday 12:00pm - 9:00pm, sunday 12:00pm - 9:00pm",,,
Foxwoods Casino,,350 Trolley Line Blvd,,Mashantucket,CT,06338,US,,41.4706063881247,-71.9544828198074,"monday Closed, tuesday Closed, wednesday Closed, thursday Closed, friday Closed, saturday Closed, sunday Closed",,,
Mohegan Sun,,1 Mohegan Sun Blvd,Space C130,Uncasville,CT,06382,US,860 862 9780,41.49254,-72.09596,"monday 11:00am - 12:00am, tuesday 11:00am - 12:00am, wednesday 11:00am - 12:00am, thursday 11:00am - 12:00am, friday 11:00am - 3:00am, saturday 11:00am - 3:00am, sunday 11:00am - 12:00am",,,
Yankee Candle Company,,25 Greenfield Rd.,,South Deerfield,MA,01373,US,,42.4743684969487,-72.6141057367579,"monday 10:00am - 6:00pm, tuesday 10:00am - 6:00pm, wednesday 10:00am - 6:00pm, thursday 10:00am - 6:00pm, friday 10:00am - 6:00pm, saturday 10:00am - 6:00pm, sunday 10:00am - 6:00pm",,,
Provincetown,,258 Commercial Street,P.O. Box 293,Provincetown,MA,02657,US,508 487 3360,42.0508181178909,-70.1874117644156,"monday Closed, tuesday Closed, wednesday Closed, thursday Closed, friday Closed, saturday Closed, sunday Closed",,,
Downtown Boise,,103 North 10th Street,,Boise,ID,83702,US,208 342 1992,43.6167853061225,-116.205745306122,"monday 11:00am - 10:00pm, tuesday 11:00am - 10:00pm, wednesday 11:00am - 10:00pm, thursday 11:00am - 10:00pm, friday 11:00am - 11:00pm, saturday 11:00am - 11:00pm, sunday 11:00am - 10:00pm",,,
Yorktown Riverwalk Landing,,332 Water Street,Building L,Yorktown,VA,23690,US,757 969 1990,37.2389951643506,-76.5104781725297,"monday 10:00am - 8:00pm, tuesday 10:00am - 8:00pm, wednesday 10:00am - 8:00pm, thursday 10:00am - 8:00pm, friday 10:00am - 9:00pm, saturday 9:00am - 9:00pm, sunday 10:00am - 8:00pm",,,
Williamsburg Premium Outlets,,5699 18 Richmond Road,,Williamsburg,VA,23188,US,757 259 9044,37.31909,-76.7352,"monday 10:00am - 9:00pm, tuesday 10:00am - 9:00pm, wednesday 10:00am - 9:00pm, thursday 10:00am - 9:00pm, friday 10:00am - 9:00pm, saturday 10:00am - 9:00pm, sunday 10:00am - 7:00pm",,,
Virginia Beach - 3220 Atlantic Ave,,3220 Atlantic Ave,,Virginia Beach,VA,23451,US,,36.8604954545455,-75.9784909090909,"monday 12:00pm - 10:00pm, tuesday 12:00pm - 10:00pm, wednesday 12:00pm - 10:00pm, thursday 12:00pm - 10:00pm, friday 12:00pm - 10:00pm, saturday 12:00pm - 10:00pm, sunday 12:00pm - 10:00pm",,,
Virginia Beach - 2510 Atlantic Ave,,2510 Atlantic Ave,,Virginia Beach,VA,23451,US,,36.85402,-75.97674,"monday 12:00pm - 10:00pm, tuesday 12:00pm - 10:00pm, wednesday 12:00pm - 10:00pm, thursday 12:00pm - 10:00pm, friday 12:00pm - 10:00pm, saturday 12:00pm - 10:00pm, sunday 12:00pm - 10:00pm",,,
Horton Plaza - CLOSED,,471 Horton Plaza,,San Diego,CA,92101,US,,32.7144273913043,-117.161073578595,"monday Closed, tuesday Closed, wednesday Closed, thursday Closed, friday Closed, saturday Closed, sunday Closed",,,
Harrah's Las Vegas,,3475 Las Vegas Boulevard South,,Las Vegas,NV,89109,US,,36.11902,-115.17263,"monday 10:00am - 11:00pm, tuesday 10:00am - 11:00pm, wednesday 10:00am - 11:00pm, thursday 10:00am - 11:00pm, friday 10:00am - 1:00am, saturday 10:00am - 1:00am, sunday 10:00am - 12:00am",,,
Shoppers Drug Mart,,1675 WYANDOTTE ST W.,,WINDSOR,,N9B 1H8,CA,,42.3073702040816,-83.0557716326531,"monday , tuesday , wednesday , thursday , friday , saturday , sunday ",,,
Shoppers Drug Mart,,1675 WYANDOTTE ST W.,,WINDSOR,,N9B 1H8,CA,,42.3073702040816,-83.0557716326531,"monday , tuesday , wednesday , thursday , friday , saturday , sunday ",,,
Shoppers Drug Mart,,1675 WYANDOTTE ST W.,,WINDSOR,,N9B 1H8,CA,,42.3073702040816,-83.0557716326531,"monday , tuesday , wednesday , thursday , friday , saturday , sunday ",,,
Food Basics,,2750 TECUMSEH ROAD WEST,,WINDSOR,,N9B 3P9,CA,,42.2903885714286,-83.0587814285714,"monday , tuesday , wednesday , thursday , friday , saturday , sunday ",,,
Shoppers Drug Mart,,1760 HURON CHURCH ROAD,,WINDSOR,,N9C 2L4,CA,,42.2841321428571,-83.0559114285714,"monday , tuesday , wednesday , thursday , friday , saturday , sunday ",,,
Shoppers Drug Mart,,1760 HURON CHURCH ROAD,,WINDSOR,,N9C 2L4,CA,,42.2841321428571,-83.0559114285714,"monday , tuesday , wednesday , thursday , friday , saturday , sunday ",,,
Shoppers Drug Mart,,1760 HURON CHURCH ROAD,,WINDSOR,,N9C 2L4,CA,,42.2841321428571,-83.0559114285714,"monday , tuesday , wednesday , thursday , friday , saturday , sunday ",,,
Shoppers Drug Mart,,2055 HURON CHURCH ROAD,,WINDSOR,,N9C 2L6,CA,,42.27814875,-83.0523775,"monday , tuesday , wednesday , thursday , friday , saturday , sunday ",,,
Shoppers Drug Mart,,2125 FRONT ROAD,,LASALLE,,N9J 2C1,CA,,42.2281653964836,-83.1021788291622,"monday , tuesday , wednesday , thursday , friday , saturday , sunday ",,,
Virginia Beach - 1116 Atlantic Ave,,1116 Atlantic Ave,,Virginia Beach,VA,23451,US,,36.839986,-75.9728251111111,"monday 12:00pm - 10:00pm, tuesday 12:00pm - 10:00pm, wednesday 12:00pm - 10:00pm, thursday 12:00pm - 10:00pm, friday 12:00pm - 10:00pm, saturday 12:00pm - 10:00pm, sunday 12:00pm - 10:00pm",,,
Shoppers Drug Mart,,375 SCOTT STREET,,FORT FRANCES,,P9A 1H1,CA,,48.6100224489796,-93.3933244897959,"monday , tuesday , wednesday , thursday , friday , saturday , sunday ",,,
Shoppers Drug Mart,,375 SCOTT STREET,,FORT FRANCES,,P9A 1H1,CA,,48.6100224489796,-93.3933244897959,"monday , tuesday , wednesday , thursday , friday , saturday , sunday ",,,
Shoppers Drug Mart,,151 WEST FREDERICA STREET,,THUNDER BAY,,P7E 3V8,CA,,48.36509,-89.2800448979592,"monday , tuesday , wednesday , thursday , friday , saturday , sunday ",,,
Shoppers Drug Mart,,151 WEST FREDERICA STREET,,THUNDER BAY,,P7E 3V8,CA,,48.36509,-89.2800448979592,"monday , tuesday , wednesday , thursday , friday , saturday , sunday ",,,
Shoppers Drug Mart,,572 W. ARTHUR STREET,,THUNDER BAY,,P7E 5R7,CA,,48.38084,-89.2933583333333,"monday , tuesday , wednesday , thursday , friday , saturday , sunday ",,,
Shoppers Drug Mart,,572 W. ARTHUR STREET,,THUNDER BAY,,P7E 5R7,CA,,48.38084,-89.2933583333333,"monday , tuesday , wednesday , thursday , friday , saturday , sunday ",,,
Shoppers Drug Mart,,572 W. ARTHUR STREET,,THUNDER BAY,,P7E 5R7,CA,,48.38084,-89.2933583333333,"monday , tuesday , wednesday , thursday , friday , saturday , sunday ",,,
Metro Ontario,,505 ARTHUR ST. W,,THUNDER BAY,,P7E 5R5,CA,,48.38084,-89.2896615384615,"monday , tuesday , wednesday , thursday , friday , saturday , sunday ",,,
Metro Ontario,,1101 ARTHUR ST. W,,THUNDER BAY,,P7E 5S2,CA,,48.38084,-89.30601,"monday , tuesday , wednesday , thursday , friday , saturday , sunday ",,,
Shoppers Drug Mart,,425    NORTH EDWARD ST.,,THUNDER BAY,,P7C 4P7,CA,,48.3923773183932,-89.2785233168469,"monday , tuesday , wednesday , thursday , friday , saturday , sunday ",,,
Shoppers Drug Mart,,1001 RIDGEWAY STREET EAST,,THUNDER BAY,,P7E 5H8,CA,,48.37925,-89.25107,"monday , tuesday , wednesday , thursday , friday , saturday , sunday ",,,
Shoppers Drug Mart,,1001 RIDGEWAY STREET EAST,,THUNDER BAY,,P7E 5H8,CA,,48.37925,-89.25107,"monday , tuesday , wednesday , thursday , friday , saturday , sunday ",,,
Shoppers Drug Mart,,900 ARTHURT STREET EAST,,THUNDER BAY,,P7E 5M8,CA,,48.38086,-89.24888,"monday , tuesday , wednesday , thursday , friday , saturday , sunday ",,,
Shoppers Drug Mart,,900 ARTHUR STREET EAST,,THUNDER BAY,,P7E 5M8,CA,,48.38086,-89.24888,"monday , tuesday , wednesday , thursday , friday , saturday , sunday ",,,
Shoppers Drug Mart,,900 ARTHUR STREET EAST,,THUNDER BAY,,P7E 5M8,CA,,48.38086,-89.24888,"monday , tuesday , wednesday , thursday , friday , saturday , sunday ",,,
Real Canadian Superstore,,RCSS Thunder Bay,600 Harbour Expressway,Thunder Bay,ON,P7B 6P4,CA,,48.40662,-89.25667,"monday , tuesday , wednesday , thursday , friday , saturday , sunday ",,,
Shoppers Drug Mart,,"1186 MEMORIAL AVE PAD 1, MCINTYRE CENTRE",,THUNDER BAY,,P7B 5K5,CA,,48.4010336842105,-89.2455331578947,"monday , tuesday , wednesday , thursday , friday , saturday , sunday ",,,
Ward Village,,310 Kamakee Street,,Honolulu,HI,96814,US,808 521 3388,21.2937633333333,-157.852906666667,"monday 10:00am - 10:00pm, tuesday 10:00am - 11:00pm, wednesday 10:00am - 10:00pm, thursday 10:00am - 10:00pm, friday 10:00am - 11:00pm, saturday 10:00am - 11:00pm, sunday 10:00am - 10:00pm",,,
Windward Mall,,46-056 Kamehameha Highway,Suite H-4,Kaneohe,HI,96744,US,808 235 8866,21.42061,-157.803372857143,"monday 10:00am - 9:00pm, tuesday 10:00am - 9:00pm, wednesday 10:00am - 9:00pm, thursday 10:00am - 9:00pm, friday 10:00am - 9:00pm, saturday 10:00am - 9:00pm, sunday 10:00am - 6:00pm",,,
Coral Gables,,80 Aragon Ave,,Coral Gables,FL,33134,US,305 442 1800,25.7506533178657,-80.2565280123701,"monday 12:00pm - 11:00pm, tuesday 12:00pm - 11:00pm, wednesday 12:00pm - 11:00pm, thursday 12:00pm - 11:00pm, friday 12:00pm - 12:00am, saturday 12:00pm - 12:00am, sunday 12:00pm - 11:00pm",,,
Shoppers Drug Mart,,"1186 MEMORIAL AVE PAD 1, MCINTYRE CENTRE",,THUNDER BAY,,P7B 5K5,CA,,48.4010336842105,-89.2455331578947,"monday , tuesday , wednesday , thursday , friday , saturday , sunday ",,,
Pittsfield,,179 South Street,,Pittsfield,MA,01201,US,413 443 5400,42.44421,-73.25507,"monday 12:00pm - 9:00pm, tuesday 12:00pm - 9:00pm, wednesday 12:00pm - 9:00pm, thursday 12:00pm - 9:00pm, friday 12:00pm - 9:00pm, saturday 12:00pm - 9:00pm, sunday 12:00pm - 9:00pm",,,
BUY-LOW FOODS,,7320 4th ST.,,GRAND FORKS,,VOH 1H0,CA,,49.02996,-118.4381,"monday , tuesday , wednesday , thursday , friday , saturday , sunday ",,,
BUY-LOW FOODS,,7320 4th ST.,,GRAND FORKS,,VOH 1H0,CA,,49.02996,-118.4381,"monday , tuesday , wednesday , thursday , friday , saturday , sunday ",,,
Extra Foods Franchise,,7000 27th Street,,Grand Forks,,V0H 1H0,CA,,49.02293,-118.46986,"monday , tuesday , wednesday , thursday , friday , saturday , sunday ",,,
Shoppers Drug Mart,,1983 COLUMBIA AVENUE UNIT 117,,CASTLEGAR,,V1N 2W8,CA,,49.2954232653061,-117.653521632653,"monday , tuesday , wednesday , thursday , friday , saturday , sunday ",,,
Shoppers Drug Mart,,1983 COLUMBIA AVENUE UNIT 117,,CASTLEGAR,,V1N 2W8,CA,,49.2954232653061,-117.653521632653,"monday , tuesday , wednesday , thursday , friday , saturday , sunday ",,,
Shoppers Drug Mart,,1965 COLUMBIA AVENUE,,CASTLEGAR,,V1N 2W8,CA,,49.2958769387755,-117.653883469388,"monday , tuesday , wednesday , thursday , friday , saturday , sunday ",,,
Extra Foods Franchise,,1501 Cook St.,,Creston,,V0B 1G0,CA,,49.09476,-116.50831,"monday , tuesday , wednesday , thursday , friday , saturday , sunday ",,,
Shoppers Drug Mart,,1030 CANYON STREET,,CRESTON,,V0B 3G0,CA,,49.0955130612245,-116.512991020408,"monday , tuesday , wednesday , thursday , friday , saturday , sunday ",,,
Shoppers Drug Mart,,1030 CANYON STREET,,CRESTON,,V0B 3G0,CA,,49.0955130612245,-116.512991020408,"monday , tuesday , wednesday , thursday , friday , saturday , sunday ",,,
Shoppers Drug Mart,,1305 CEDAR AVE,,TRAIL,,V1R 4C3,CA,,49.0957106122449,-117.708997346939,"monday , tuesday , wednesday , thursday , friday , saturday , sunday ",,,
Shoppers Drug Mart,,1305 CEDAR AVE,,TRAIL,,V1R 4C3,CA,,49.0957106122449,-117.708997346939,"monday , tuesday , wednesday , thursday , friday , saturday , sunday ",,,
Rutland,,221 Woodstock Ave.,,Rutland,VT,05701,US,802 775 1134,43.623341543383,-72.952393329068,"monday 12:00pm - 9:00pm, tuesday 12:00pm - 9:00pm, wednesday 12:00pm - 9:00pm, thursday 12:00pm - 9:00pm, friday 12:00pm - 9:00pm, saturday 12:00pm - 9:00pm, sunday 12:00pm - 9:00pm",,,
Burlington,,36 Church Street,,Burlington,VT,05401,US,802 862 9620,44.4793,-73.21261,"monday 11:00am - 10:00pm, tuesday 11:00am - 10:00pm, wednesday 11:00am - 10:00pm, thursday 11:00am - 10:00pm, friday 11:00am - 11:00pm, saturday 11:00am - 11:00pm, sunday 11:00am - 10:00pm",,,
Davis Center,,590 Main Street,,Burlington,VT,05405,US,,44.47547,-73.19672,"monday 10:30am - 8:30pm, tuesday 10:30am - 8:30pm, wednesday 10:30am - 8:30pm, thursday 10:30am - 8:30pm, friday 10:30am - 7:30pm, saturday Closed, sunday Closed",,,
Smuggler's Notch,,4323 VT. Rte. 108 S,,Smuggler's Notch,VT,05464,US,,44.73311,-72.82765,"monday Closed, tuesday Closed, wednesday Closed, thursday Closed, friday Closed, saturday Closed, sunday Closed",,,
Waterbury Factory Tour,,1281 Waterbury-Stowe Road,Route 100,Waterbury,VT,05676,US,802 882 2034,44.35176,-72.73944,"monday 10:00am - 6:00pm, tuesday 10:00am - 6:00pm, wednesday 10:00am - 6:00pm, thursday 10:00am - 6:00pm, friday 10:00am - 6:00pm, saturday 10:00am - 6:00pm, sunday 10:00am - 6:00pm",,,
Manchester Outdoor Cafe,,454 Depot Street,,Manchester,VT,05255,US,802 367 1080,43.173488381937,-73.0494409548424,"monday Closed, tuesday Closed, wednesday Closed, thursday 12:00pm - 5:00pm, friday 12:00pm - 5:00pm, saturday 12:00pm - 5:00pm, sunday 12:00pm - 4:30pm",,,
Glastonbury,,41 Hebron Ave,,Glastonbury,CT,06033,US,860 430 6961,41.7125702694379,-72.6076058160131,"monday 11:00am - 10:00pm, tuesday 11:00am - 10:00pm, wednesday 11:00am - 10:00pm, thursday 11:00am - 10:00pm, friday 11:00am - 10:30pm, saturday 11:00am - 10:30pm, sunday 11:00am - 9:30pm",,,
West Hartford,,5 1/2 South Main,,West Hartford,CT,06107,US,860 233 2697,41.7617,-72.7419025,"monday 11:00am - 10:00pm, tuesday 11:00am - 10:00pm, wednesday 11:00am - 10:00pm, thursday 11:00am - 10:00am, friday 11:00am - 11:00pm, saturday 11:00am - 11:00pm, sunday 11:30am - 10:00pm",,,
Canton - Shoppes at Farmington Valley,,110 Albany Turnpike,Shoppes at Farmington Valley,Canton,CT,06019,US,860 693 3202,41.82422,-72.88482,"monday 11:00am - 10:00pm, tuesday 11:00am - 10:00pm, wednesday 11:00am - 10:00pm, thursday 11:00am - 10:00pm, friday 11:00am - 10:30pm, saturday 11:00am - 10:30pm, sunday 11:00am - 9:30pm",,,
Evergreen Walk,,301 Evergreen Way,,South Windsor,CT,06074,US,860 432 8246,41.8121906398874,-72.5561578720225,"monday 11:00am - 10:00pm, tuesday 11:00am - 10:00pm, wednesday 11:00am - 10:00pm, thursday 11:00am - 10:00pm, friday 11:00am - 10:00pm, saturday 11:00am - 10:00pm, sunday 11:00am - 9:00pm",,,
Block Island - Seaside Marketplace,,224 Water Street,Seaside Marketplace,New Shoreham,RI,02807,US,,41.17288,-71.55817,"monday Closed, tuesday Closed, wednesday Closed, thursday Closed, friday Closed, saturday Closed, sunday Closed",,,
Shoppers Drug Mart,,"6660   SOOKE RD, UNIT 4000",,SOOKE,,V9Z 0A5,CA,,48.3784850651655,-123.721835971568,"monday , tuesday , wednesday , thursday , friday , saturday , sunday ",,,
Sobeys West,,"""119 Waddell Avenue East, Box 53""",,Dominion City,MB,R0A 0H0,CA,,49.14209,-97.1678,"monday , tuesday , wednesday , thursday , friday , saturday , sunday ",,,
Sobeys West,,2nd Street N.E.,,Altona,MB,R0G 0B0,CA,,49.11232,-97.55561,"monday , tuesday , wednesday , thursday , friday , saturday , sunday ",,,
Shoppers Drug Mart,,777 NORQUAY DRIVE UNIT R08,,WINKLER,,R6W 2S2,CA,,49.1903937962477,-97.9325585253218,"monday , tuesday , wednesday , thursday , friday , saturday , sunday ",,,
Shoppers Drug Mart,,"777 NORQUAY DRIVE, UNIT R08",,WINKLER,,R6W 2S2,CA,,49.1903937962477,-97.9325585253218,"monday , tuesday , wednesday , thursday , friday , saturday , sunday ",,,
Shoppers Drug Mart,,777 NORQUAY DRIVE UNIT R08,,WINKLER,,R6W 2S2,CA,,49.1903937962477,-97.9325585253218,"monday , tuesday , wednesday , thursday , friday , saturday , sunday ",,,
Walmart,,1000 NAVIGATOR RD BOX 1720,,WINKLER,,R6W 4B6,CA,,49.1939948287095,-97.9365311871206,"monday , tuesday , wednesday , thursday , friday , saturday , sunday ",,,
Real Canadian Superstore,,PO Box 870   175 Cargill Road,,Winkler,,R6W 4A9,CA,,49.1863328,-97.9321569,"monday , tuesday , wednesday , thursday , friday , saturday , sunday ",,,
Real Canadian Superstore,,RCSS Winkler,PO Box 870   175 Cargill Road,Winkler,MB,R6W 4A9,CA,,49.1856027,-97.9317601,"monday , tuesday , wednesday , thursday , friday , saturday , sunday ",,,
Shoppers Drug Mart,,302 NORTH RAILWAY ST,,MORDEN,,R6M 1S7,CA,,49.18896,-98.1007752941176,"monday , tuesday , wednesday , thursday , friday , saturday , sunday ",,,
Shoppers Drug Mart,,302 NORTH RAILWAY ST,,MORDEN,,R6M 1S7,CA,,49.18896,-98.1007752941176,"monday , tuesday , wednesday , thursday , friday , saturday , sunday ",,,
Sobeys West,,76 Main Street South,,Kleefeld,MB,R0A 0V0,CA,,49.48782,-96.87196,"monday , tuesday , wednesday , thursday , friday , saturday , sunday ",,,
Real Canadian Superstore,,RCSS Steinbach,130 PTH 12 North,Steinbach,MB,R5G 1T4,CA,,49.5208375,-96.6915083,"monday , tuesday , wednesday , thursday , friday , saturday , sunday ",,,
Real Canadian Superstore,,130 PTH 12 North,,Steinbach,,R5G 1T4,CA,,49.5212296,-96.691287,"monday , tuesday , wednesday , thursday , friday , saturday , sunday ",,,
Shoppers Drug Mart,,6660 SOOKE RD UNIT 4000,,SOOKE,,V9Z 0A5,CA,,48.3784850651655,-123.721835971568,"monday , tuesday , wednesday , thursday , friday , saturday , sunday ",,,
Shoppers Drug Mart,,6660 SOOKE RD UNIT 4000,,SOOKE,,V9Z 0A5,CA,,48.3784850651655,-123.721835971568,"monday , tuesday , wednesday , thursday , friday , saturday , sunday ",,,
Shoppers Drug Mart,,6020 MALDEN RD,,LASALLE,,N9H 1S8,CA,,42.2443182236847,-83.0609461899313,"monday , tuesday , wednesday , thursday , friday , saturday , sunday ",,,
Shoppers Drug Mart,,1644 HILLSIDE AVE,,VICTORIA,,V8T 2C5,CA,,48.44522,-123.334413333333,"monday , tuesday , wednesday , thursday , friday , saturday , sunday ",,,
Sobeys West,,"""#7 Reenders Drive, Lagimodier & Reenders""",,Winnipeg,MB,R2C 5K5,CA,,49.77312,-97.12715,"monday , tuesday , wednesday , thursday , friday , saturday , sunday ",,,
Shoppers Drug Mart,,2656 PEMBINA HIGHWAY,,WINNIPEG,,R3T 2H6,CA,,49.79677,-97.15718,"monday , tuesday , wednesday , thursday , friday , saturday , sunday ",,,
Shoppers Drug Mart,,2656 PEMBINA HIGHWAY,,WINNIPEG,,R3T 2H6,CA,,49.79677,-97.15718,"monday , tuesday , wednesday , thursday , friday , saturday , sunday ",,,
WAL-MART,,184 PTH 12 N,,STEINBACH,MB,,CA,,49.5483525,-96.6885826,"monday , tuesday , wednesday , thursday , friday , saturday , sunday ",,,
Walmart,,184 PTH 12 N,,STEINBACH,,R5G 0Y1,CA,,49.5485753,-96.6926669,"monday , tuesday , wednesday , thursday , friday , saturday , sunday ",,,
Sobeys West,,"""Unit 1-178, Pth 12 North""",,Steinbach,MB,R5G 1T7,CA,,49.52844,-96.67941,"monday , tuesday , wednesday , thursday , friday , saturday , sunday ",,,
Shoppers Drug Mart,,382 MAIN STREET,,STEINBACH,,R5G 1Z1,CA,,49.5242484615385,-96.6815553846154,"monday , tuesday , wednesday , thursday , friday , saturday , sunday ",,,
Shoppers Drug Mart,,382 MAIN STREET,,STEINBACH,,R5G 1Z1,CA,,49.5242484615385,-96.6815553846154,"monday , tuesday , wednesday , thursday , friday , saturday , sunday ",,,
Shoppers Drug Mart,,382 MAIN STREET,,STEINBACH,,R5G 1Z1,CA,,49.5242484615385,-96.6815553846154,"monday , tuesday , wednesday , thursday , friday , saturday , sunday ",,,
OSOYOOS AG FOODS,,8130 MAIN STREET,,OSOYOOS,,VOH 'IVO,CA,,49.03123,-119.46325,"monday , tuesday , wednesday , thursday , friday , saturday , sunday ",,,
OSOYOOS AG FOODS,,8130 MAIN STREET,,OSOYOOS,,VOH 'IVO,CA,,49.03123,-119.46325,"monday , tuesday , wednesday , thursday , friday , saturday , sunday ",,,
BUY-LOW FOODS,,#3 - 9129 MAIN ST.,,OSOYOOS,,VOH 'IVO,CA,,49.0345668709852,-119.473524682816,"monday , tuesday , wednesday , thursday , friday , saturday , sunday ",,,
BUY-LOW FOODS,,#3 - 9129 MAIN ST.,,OSOYOOS,,VOH 'IVO,CA,,49.0345668709852,-119.473524682816,"monday , tuesday , wednesday , thursday , friday , saturday , sunday ",,,
Shoppers Drug Mart,,"8305   MAIN ST, P.O. BOX 329",,OSOYOOS,,V0H 1V0,CA,,49.0329867346939,-119.464090204082,"monday , tuesday , wednesday , thursday , friday , saturday , sunday ",,,
BUY-LOW FOODS,,5717 MAIN ST.,,OLIVER,,VOH 1TO,CA,,49.1712997533418,-119.556336395582,"monday , tuesday , wednesday , thursday , friday , saturday , sunday ",,,
BUY-LOW FOODS,,5717 MAIN ST.,,OLIVER,,VOH 1TO,CA,,49.1712997533418,-119.556336395582,"monday , tuesday , wednesday , thursday , friday , saturday , sunday ",,,
Shoppers Drug Mart,,6020 MALDEN RD,,LASALLE,,N9H 1S8,CA,,42.2443182236847,-83.0609461899313,"monday , tuesday , wednesday , thursday , friday , saturday , sunday ",,,
Mill Falls Marketplace,,312 Daniel Webster Highway,Mill Falls Marketplace,Meredith,NH,03253,US,,43.65645,-71.49869,"monday 12:00pm - 6:00pm, tuesday 12:00pm - 6:00pm, wednesday 12:00pm - 6:00pm, thursday 12:00pm - 6:00pm, friday 12:00pm - 8:00pm, saturday 12:00pm - 8:00pm, sunday 12:00pm - 6:00pm",,,
Shoppers Drug Mart,,"1186   MEMORIAL AVE, PAD 1, MCINTYRE CENTRE",,THUNDER BAY,,P7B 5K5,CA,,48.4010336842105,-89.2455331578947,"monday , tuesday , wednesday , thursday , friday , saturday , sunday ",,,
Coral Springs - Magnolia Shoppes,,9641 Westview Drive,,Coral Springs,FL,33076,US,954-228-1103,26.2979523908574,-80.2533766041853,"monday 1:00pm - 10:00pm, tuesday 1:00pm - 10:00pm, wednesday 1:00pm - 10:00pm, thursday 1:00pm - 10:00pm, friday 12:00pm - 12:00am, saturday 12:00pm - 12:00am, sunday 12:00pm - 11:00pm",,,
WAL-MART,,293 BAY ST,,SAULT STE MARIE,ON,,CA,,46.51278,-84.33712,"monday , tuesday , wednesday , thursday , friday , saturday , sunday ",,,
Shoppers Drug Mart,,44 GREAT NORTHERN RD.,,SAULT STE. MARIE,,P6B 4Y5,CA,,46.5246533333333,-84.31947,"monday , tuesday , wednesday , thursday , friday , saturday , sunday ",,,
Shoppers Drug Mart,,44 GREAT NORTHERN RD.,,SAULT STE. MARIE,,P6B 4Y5,CA,,46.5246533333333,-84.31947,"monday , tuesday , wednesday , thursday , friday , saturday , sunday ",,,
YIG,,44 Great Northern Road,,Sault Ste. Marie,,P6B 4Y5,CA,,46.5246533333333,-84.31947,"monday , tuesday , wednesday , thursday , friday , saturday , sunday ",,,
Metro Ontario,,275 SECOND LINE W,,SAULT STE-MARIE,,P6C 2J4,CA,,46.5366001,-84.3641672,"monday , tuesday , wednesday , thursday , friday , saturday , sunday ",,,
Shoppers Drug Mart,,364 SECOND LINE W,,SAULT STE. MARIE,,P6C 2J7,CA,,46.5380127,-84.3687454,"monday , tuesday , wednesday , thursday , friday , saturday , sunday ",,,
Shoppers Drug Mart,,364 SECOND LINE W,,SAULT STE. MARIE,,P6C 2J7,CA,,46.5380127,-84.3687454,"monday , tuesday , wednesday , thursday , friday , saturday , sunday ",,,
Metro Ontario,,248 NORTHERN AVE.,,SAULT STE-MARIE,,P6B 4H6,CA,,46.5340779261262,-84.3242876873749,"monday , tuesday , wednesday , thursday , friday , saturday , sunday ",,,
Food Basics,,701 PINE ST,,SLT ST MARIE,,P6B 3G2,CA,,46.5226939937207,-84.3074628276584,"monday , tuesday , wednesday , thursday , friday , saturday , sunday ",,,
WAL-MART,,446 GREAT NORTHERN RD,,SAULT STE MARIE,ON,,CA,,46.5394324432157,-84.3190073837825,"monday , tuesday , wednesday , thursday , friday , saturday , sunday ",,,
Metro Ontario,,150 CHURCHILL BLVD.,,SAULT STE-MARIE,,P6A 3Z9,CA,,46.5078038926174,-84.2984600671141,"monday , tuesday , wednesday , thursday , friday , saturday , sunday ",,,
Food Basics,,625 TRUNK RD,,SLT ST MARIE,,P6A 3T1,CA,,46.5218086125735,-84.2740534446755,"monday , tuesday , wednesday , thursday , friday , saturday , sunday ",,,
North Conway,,26 Norcross Circle,P.O. Box 526 (mail),North Conway,NH,03860,US,603 356 7720,44.0524258375861,-71.1284151001364,"monday Closed, tuesday Closed, wednesday Closed, thursday Closed, friday 12:00pm - 8:00pm, saturday 12:00pm - 8:00pm, sunday 12:00pm - 8:00pm",,,
Save-On-Foods,,#100 - 172 Wilson Street,,Victoria,,V9A 7N6,CA,,48.4324333576234,-123.381241026682,"monday , tuesday , wednesday , thursday , friday , saturday , sunday ",,,
Shoppers Drug Mart,,1965 COLUMBIA AVENUE,,CASTLEGAR,,V1N 2W8,CA,,49.2958769387755,-117.653883469388,"monday , tuesday , wednesday , thursday , friday , saturday , sunday ",,,
Shoppers Drug Mart,,1965 COLUMBIA AVENUE,,CASTLEGAR,,V1N 2W8,CA,,49.2958769387755,-117.653883469388,"monday , tuesday , wednesday , thursday , friday , saturday , sunday ",,,
Shoppers Drug Mart,,6020 MALDEN RD,,LASALLE,,N9H 1S8,CA,,42.2443182236847,-83.0609461899313,"monday , tuesday , wednesday , thursday , friday , saturday , sunday ",,,
Freeport,,6 Nathan Nye Street,,Freeport,ME,04032,US,,43.8565423932399,-70.10421059831,"monday 12:00pm - 6:00pm, tuesday 12:00pm - 6:00pm, wednesday 12:00pm - 6:00pm, thursday 12:00pm - 6:00pm, friday 12:00pm - 6:00pm, saturday 12:00pm - 6:00pm, sunday 12:00pm - 6:00pm",,,
Shoppers Drug Mart,,2045 MAYOR MAGRATH DR. #1,,LETHBRIDGE,,T1K 2S2,CA,,49.6720975862629,-112.799546904358,"monday , tuesday , wednesday , thursday , friday , saturday , sunday ",,,
Shoppers Drug Mart,,2045 MAYOR MAGRATH DR. #1,,LETHBRIDGE,,T1K 2S2,CA,,49.6720975862629,-112.799546904358,"monday , tuesday , wednesday , thursday , friday , saturday , sunday ",,,
Shoppers Drug Mart,,2045 MAYOR MAGRATH DR. #1,,LETHBRIDGE,,T1K 2S2,CA,,49.6720975862629,-112.799546904358,"monday , tuesday , wednesday , thursday , friday , saturday , sunday ",,,
Sobeys West,,2920 - 26 Avenue South,,Lethbridge,AB,T1K 7K8,CA,,49.6675666579107,-112.799627027686,"monday , tuesday , wednesday , thursday , friday , saturday , sunday ",,,
WAL-MART,,3700 MAYOR MAGRATH D,,LETHBRIDGE,AB,,CA,,49.6576182,-112.7965861,"monday , tuesday , wednesday , thursday , friday , saturday , sunday ",,,
Walmart,,3700 MAYOR MAGRATH D,,LETHBRIDGE,,T1K 7T6,CA,,49.6575324,-112.796835,"monday , tuesday , wednesday , thursday , friday , saturday , sunday ",,,
Real Canadian Superstore,,3515 Mayor MaGrath Drive S.,,Lethbridge,,T1K 8A8,CA,,49.6590136792453,-112.793067169811,"monday , tuesday , wednesday , thursday , friday , saturday , sunday ",,,
Real Canadian Superstore,,RCSS Lethbridge,3515 Mayor MaGrath Drive S.,Lethbridge,AB,T1K 8A8,CA,,49.6590136792453,-112.793067169811,"monday , tuesday , wednesday , thursday , friday , saturday , sunday ",,,
Save-On-Foods,,#45 - 1240 2A Avenue N.,,Lethbridge,,T1H 0E4,CA,,49.700669,-112.8270329,"monday , tuesday , wednesday , thursday , friday , saturday , sunday ",,,
Save-On-Foods,,#45 - 1240 2A Avenue N.,,Lethbridge,,T1H 0E4,CA,,49.700669,-112.8270329,"monday , tuesday , wednesday , thursday , friday , saturday , sunday ",,,
Save-On-Foods,,1112 - 2nd Avenue A N.,,Lethbridge,,T1H 0E3,CA,,49.7016946,-112.8323244,"monday , tuesday , wednesday , thursday , friday , saturday , sunday ",,,
Save-On-Foods,,1112 - 2nd Avenue A N.,,Lethbridge,,T1H 0E3,CA,,49.7016929,-112.8314212,"monday , tuesday , wednesday , thursday , friday , saturday , sunday ",,,
Shoppers Drug Mart,,501 FIRST AVE S,,LETHBRIDGE,,T1J 4L9,CA,,49.6987463,-112.840579,"monday , tuesday , wednesday , thursday , friday , saturday , sunday ",,,
Shoppers Drug Mart,,501 FIRST AVE S,,LETHBRIDGE,,T1J 4L9,CA,,49.6987463,-112.840579,"monday , tuesday , wednesday , thursday , friday , saturday , sunday ",,,
Shoppers Drug Mart,,110 COLUMBIA BLVD. W,,LETHBRIDGE,,T1K 4J4,CA,,49.6763266928802,-112.873804426412,"monday , tuesday , wednesday , thursday , friday , saturday , sunday ",,,
Shoppers Drug Mart,,110 COLUMBIA BLVD. W,,LETHBRIDGE,,T1K 4J4,CA,,49.6763266928802,-112.873804426412,"monday , tuesday , wednesday , thursday , friday , saturday , sunday ",,,
Shoppers Drug Mart,,110 COLUMBIA BLVD. W,,LETHBRIDGE,,T1K 4J4,CA,,49.6763266928802,-112.873804426412,"monday , tuesday , wednesday , thursday , friday , saturday , sunday ",,,
Save-On-Foods,,401 Highlands Blvd W.,,Lethbridge,,T1J 4W8,CA,,49.69578,-112.89864,"monday , tuesday , wednesday , thursday , friday , saturday , sunday ",,,
Sobeys West,,5112 - 48 Avenue,,Taber,AB,T1G 1R9,CA,,49.7871397959184,-112.15445122449,"monday , tuesday , wednesday , thursday , friday , saturday , sunday ",,,
Extra Foods,,120-2nd Street East,,CARDSTON,,T0K 0K0,CA,,49.35996,-113.514069375,"monday , tuesday , wednesday , thursday , friday , saturday , sunday ",,,
Sobeys West,,"""P.O. Box 370, 145 - 5 Ave.W""",,Bow Island,AB,T0K 0G0,CA,,49.8697,-111.36596,"monday , tuesday , wednesday , thursday , friday , saturday , sunday ",,,
