store_name,store_number,address,address2,city,state,zip_code,country,phone_number,latitude,longitude,store_hours,store_type,other_fields,coming_soon
Cook Out,1607,1041 Summit Avenue,,Greensboro,NC,27405,United States,,,,"Monday 9:00 AM - 5:00 PM, Tuesday 9:00 AM - 5:00 PM, Wednesday 9:00 AM - 5:00 PM, Thursday 9:00 AM - 5:00 PM, Friday 9:00 AM - 5:00 PM, Saturday Closed, Sunday Closed",,,
Cook Out,1613,2411 Battleground Avenue,,Greensboro,NC,27408,United States,,,,"Monday 9:00 AM - 5:00 PM, Tuesday 9:00 AM - 5:00 PM, Wednesday 9:00 AM - 5:00 PM, Thursday 9:00 AM - 5:00 PM, Friday 9:00 AM - 5:00 PM, Saturday Closed, Sunday Closed",,,
Cook Out,1609,2601 Randleman Road,,Greensboro,NC,27406,United States,,,,"Monday 9:00 AM - 5:00 PM, Tuesday 9:00 AM - 5:00 PM, Wednesday 9:00 AM - 5:00 PM, Thursday 9:00 AM - 5:00 PM, Friday 9:00 AM - 5:00 PM, Saturday Closed, Sunday Closed",,,
Cook Out,1611,3804 High Point Road,,Greensboro,NC,27407,United States,,,,"Monday 9:00 AM - 5:00 PM, Tuesday 9:00 AM - 5:00 PM, Wednesday 9:00 AM - 5:00 PM, Thursday 9:00 AM - 5:00 PM, Friday 9:00 AM - 5:00 PM, Saturday Closed, Sunday Closed",,,
Cook Out,1615,5406 Sapp Road,,Greensboro,NC,27409,United States,,,,"Monday 9:00 AM - 5:00 PM, Tuesday 9:00 AM - 5:00 PM, Wednesday 9:00 AM - 5:00 PM, Thursday 9:00 AM - 5:00 PM, Friday 9:00 AM - 5:00 PM, Saturday Closed, Sunday Closed",,,
Cook Out,1625,2420 N. Main Street,,High Point,NC,27265,United States,,,,"Monday 9:00 AM - 5:00 PM, Tuesday 9:00 AM - 5:00 PM, Wednesday 9:00 AM - 5:00 PM, Thursday 9:00 AM - 5:00 PM, Friday 9:00 AM - 5:00 PM, Saturday Closed, Sunday Closed",,,
Cook Out,1623,2923 S. Main Street,,High Point,NC,27263,United States,,,,"Monday 9:00 AM - 5:00 PM, Tuesday 9:00 AM - 5:00 PM, Wednesday 9:00 AM - 5:00 PM, Thursday 9:00 AM - 5:00 PM, Friday 9:00 AM - 5:00 PM, Saturday Closed, Sunday Closed",,,
Cook Out,1542,414 Huffman Mill Road,,Burlington,NC,27215,United States,,,,"Monday 9:00 AM - 5:00 PM, Tuesday 9:00 AM - 5:00 PM, Wednesday 9:00 AM - 5:00 PM, Thursday 9:00 AM - 5:00 PM, Friday 9:00 AM - 5:00 PM, Saturday Closed, Sunday Closed",,,
Cook Out,1637,1010 S. Main Street,,Kernersville,NC,27284,United States,,,,"Monday 9:00 AM - 5:00 PM, Tuesday 9:00 AM - 5:00 PM, Wednesday 9:00 AM - 5:00 PM, Thursday 9:00 AM - 5:00 PM, Friday 9:00 AM - 5:00 PM, Saturday Closed, Sunday Closed",,,
Cook Out,1691,1123 Randolph Street,,Thomasville,NC,27360,United States,,,,"Monday 9:00 AM - 5:00 PM, Tuesday 9:00 AM - 5:00 PM, Wednesday 9:00 AM - 5:00 PM, Thursday 9:00 AM - 5:00 PM, Friday 9:00 AM - 5:00 PM, Saturday Closed, Sunday Closed",,,
Cook Out,1605,311 S. Main Street,,Graham,NC,27253,United States,,,,"Monday 9:00 AM - 5:00 PM, Tuesday 9:00 AM - 5:00 PM, Wednesday 9:00 AM - 5:00 PM, Thursday 9:00 AM - 5:00 PM, Friday 9:00 AM - 5:00 PM, Saturday Closed, Sunday Closed",,,
Cook Out,1703,339 Akron Drive,,Winston-Salem,NC,27105,United States,,,,"Monday 9:00 AM - 5:00 PM, Tuesday 9:00 AM - 5:00 PM, Wednesday 9:00 AM - 5:00 PM, Thursday 9:00 AM - 5:00 PM, Friday 9:00 AM - 5:00 PM, Saturday Closed, Sunday Closed",,,
Cook Out,1705,3103 Peters Creek Pkwy.,,Winston-Salem,NC,27127,United States,,,,"Monday 9:00 AM - 5:00 PM, Tuesday 9:00 AM - 5:00 PM, Wednesday 9:00 AM - 5:00 PM, Thursday 9:00 AM - 5:00 PM, Friday 9:00 AM - 5:00 PM, Saturday Closed, Sunday Closed",,,
Cook Out,1533,544 E. Dixie Drive,,Asheboro,NC,27204,United States,,,,"Monday 9:00 AM - 5:00 PM, Tuesday 9:00 AM - 5:00 PM, Wednesday 9:00 AM - 5:00 PM, Thursday 9:00 AM - 5:00 PM, Friday 9:00 AM - 5:00 PM, Saturday Closed, Sunday Closed",,,
Cook Out,1701,245 Summit Point Lane,,Winston-Salem,NC,27105,United States,,,,"Monday 9:00 AM - 5:00 PM, Tuesday 9:00 AM - 5:00 PM, Wednesday 9:00 AM - 5:00 PM, Thursday 9:00 AM - 5:00 PM, Friday 9:00 AM - 5:00 PM, Saturday Closed, Sunday Closed",,,
Cook Out,1585,659 Van Buren Rd.,,Eden,NC,27288,United States,,,,"Monday 9:00 AM - 5:00 PM, Tuesday 9:00 AM - 5:00 PM, Wednesday 9:00 AM - 5:00 PM, Thursday 9:00 AM - 5:00 PM, Friday 9:00 AM - 5:00 PM, Saturday Closed, Sunday Closed",,,
Cook Out,1707,4505 Kester Mill Road,,Winston-Salem,NC,27013,United States,,,,"Monday 9:00 AM - 5:00 PM, Tuesday 9:00 AM - 5:00 PM, Wednesday 9:00 AM - 5:00 PM, Thursday 9:00 AM - 5:00 PM, Friday 9:00 AM - 5:00 PM, Saturday Closed, Sunday Closed",,,
Cook Out,415,3409 Riverside Dr,,Danville,VA,24541,United States,,,,"Monday 9:00 AM - 5:00 PM, Tuesday 9:00 AM - 5:00 PM, Wednesday 9:00 AM - 5:00 PM, Thursday 9:00 AM - 5:00 PM, Friday 9:00 AM - 5:00 PM, Saturday Closed, Sunday Closed",,,
Cook Out,1581,3624 Hillsborough Road,,Durham,NC,27707,United States,,,,"Monday 9:00 AM - 5:00 PM, Tuesday 9:00 AM - 5:00 PM, Wednesday 9:00 AM - 5:00 PM, Thursday 9:00 AM - 5:00 PM, Friday 9:00 AM - 5:00 PM, Saturday Closed, Sunday Closed",,,
Cook Out,1675,801 East Innes Street,,Salisbury,NC,28144,United States,,,,"Monday 9:00 AM - 5:00 PM, Tuesday 9:00 AM - 5:00 PM, Wednesday 9:00 AM - 5:00 PM, Thursday 9:00 AM - 5:00 PM, Friday 9:00 AM - 5:00 PM, Saturday Closed, Sunday Closed",,,
Cook Out,1583,3119 Shannon Road,,Durham,NC,27707,United States,,,,"Monday 9:00 AM - 5:00 PM, Tuesday 9:00 AM - 5:00 PM, Wednesday 9:00 AM - 5:00 PM, Thursday 9:00 AM - 5:00 PM, Friday 9:00 AM - 5:00 PM, Saturday Closed, Sunday Closed",,,
Cook Out,1577,4245 North Roxboro Street,,Durham,NC,27705,United States,,,,"Monday 9:00 AM - 5:00 PM, Tuesday 9:00 AM - 5:00 PM, Wednesday 9:00 AM - 5:00 PM, Thursday 9:00 AM - 5:00 PM, Friday 9:00 AM - 5:00 PM, Saturday Closed, Sunday Closed",,,
Cook Out,1673,110 Walker St.,,Roxboro,NC,27573,United States,,,,"Monday 9:00 AM - 5:00 PM, Tuesday 9:00 AM - 5:00 PM, Wednesday 9:00 AM - 5:00 PM, Thursday 9:00 AM - 5:00 PM, Friday 9:00 AM - 5:00 PM, Saturday Closed, Sunday Closed",,,
Cook Out,1579,2103 Allendown Drive,,Durham,NC,27713,United States,,,,"Monday 9:00 AM - 5:00 PM, Tuesday 9:00 AM - 5:00 PM, Wednesday 9:00 AM - 5:00 PM, Thursday 9:00 AM - 5:00 PM, Friday 9:00 AM - 5:00 PM, Saturday Closed, Sunday Closed",,,
Cook Out,1653,1988 Rockford Street,,Mount Airy,NC,27030,United States,,,,"Monday 9:00 AM - 5:00 PM, Tuesday 9:00 AM - 5:00 PM, Wednesday 9:00 AM - 5:00 PM, Thursday 9:00 AM - 5:00 PM, Friday 9:00 AM - 5:00 PM, Saturday Closed, Sunday Closed",,,
Cook Out,1575,1540 S. Miami Blvd.,,Durham,NC,27703,United States,,,,"Monday 9:00 AM - 5:00 PM, Tuesday 9:00 AM - 5:00 PM, Wednesday 9:00 AM - 5:00 PM, Thursday 9:00 AM - 5:00 PM, Friday 9:00 AM - 5:00 PM, Saturday Closed, Sunday Closed",,,
Cook Out,1530,707 Leonard Ave,,Albemarle,NC,28001,United States,,,,"Monday 9:00 AM - 5:00 PM, Tuesday 9:00 AM - 5:00 PM, Wednesday 9:00 AM - 5:00 PM, Thursday 9:00 AM - 5:00 PM, Friday 9:00 AM - 5:00 PM, Saturday Closed, Sunday Closed",,,
Cook Out,1677,1906 S. Horner Blvd.,,Sanford,NC,27330,United States,,,,"Monday 9:00 AM - 5:00 PM, Tuesday 9:00 AM - 5:00 PM, Wednesday 9:00 AM - 5:00 PM, Thursday 9:00 AM - 5:00 PM, Friday 9:00 AM - 5:00 PM, Saturday Closed, Sunday Closed",,,
Cook Out,1635,901 S. Cannon Blvd.,,Kannapolis,NC,28083,United States,,,,"Monday 9:00 AM - 5:00 PM, Tuesday 9:00 AM - 5:00 PM, Wednesday 9:00 AM - 5:00 PM, Thursday 9:00 AM - 5:00 PM, Friday 9:00 AM - 5:00 PM, Saturday Closed, Sunday Closed",,,
Cook Out,1544,1607 Walnut St.,,Cary,NC,27511,United States,,,,"Monday 9:00 AM - 5:00 PM, Tuesday 9:00 AM - 5:00 PM, Wednesday 9:00 AM - 5:00 PM, Thursday 9:00 AM - 5:00 PM, Friday 9:00 AM - 5:00 PM, Saturday Closed, Sunday Closed",,,
Cook Out,1687,181 Turnersburg Hwy.,,Statesville,NC,28625,United States,,,,"Monday 9:00 AM - 5:00 PM, Tuesday 9:00 AM - 5:00 PM, Wednesday 9:00 AM - 5:00 PM, Thursday 9:00 AM - 5:00 PM, Friday 9:00 AM - 5:00 PM, Saturday Closed, Sunday Closed",,,
Cook Out,1663,3930 Western Blvd.,,Raleigh,NC,27606,United States,,,,"Monday 9:00 AM - 5:00 PM, Tuesday 9:00 AM - 5:00 PM, Wednesday 9:00 AM - 5:00 PM, Thursday 9:00 AM - 5:00 PM, Friday 9:00 AM - 5:00 PM, Saturday Closed, Sunday Closed",,,
Cook Out,421,12 Powder Creek Ln,,Rocky Mount,VA,24151,United States,,,,"Monday 9:00 AM - 5:00 PM, Tuesday 9:00 AM - 5:00 PM, Wednesday 9:00 AM - 5:00 PM, Thursday 9:00 AM - 5:00 PM, Friday 9:00 AM - 5:00 PM, Saturday Closed, Sunday Closed",,,
Cook Out,1565,280 South Concord Pkwy,,Concord,NC,28027,United States,,,,"Monday 9:00 AM - 5:00 PM, Tuesday 9:00 AM - 5:00 PM, Wednesday 9:00 AM - 5:00 PM, Thursday 9:00 AM - 5:00 PM, Friday 9:00 AM - 5:00 PM, Saturday Closed, Sunday Closed",,,
Cook Out,1595,1433 N. Main Street,,Fuquay Varina,NC,27526,United States,,,,"Monday 9:00 AM - 5:00 PM, Tuesday 9:00 AM - 5:00 PM, Wednesday 9:00 AM - 5:00 PM, Thursday 9:00 AM - 5:00 PM, Friday 9:00 AM - 5:00 PM, Saturday Closed, Sunday Closed",,,
Cook Out,1683,11000 US 15/501,,Southern Pines,NC,28387,United States,,,,"Monday 9:00 AM - 5:00 PM, Tuesday 9:00 AM - 5:00 PM, Wednesday 9:00 AM - 5:00 PM, Thursday 9:00 AM - 5:00 PM, Friday 9:00 AM - 5:00 PM, Saturday Closed, Sunday Closed",,,
Cook Out,1667,6505 Falls Of Neuse Road,,Raleigh,NC,27615,United States,,,,"Monday 9:00 AM - 5:00 PM, Tuesday 9:00 AM - 5:00 PM, Wednesday 9:00 AM - 5:00 PM, Thursday 9:00 AM - 5:00 PM, Friday 9:00 AM - 5:00 PM, Saturday Closed, Sunday Closed",,,
Cook Out,1659,3222 S. Wilmington Street,,Raleigh,NC,27603,United States,,,,"Monday 9:00 AM - 5:00 PM, Tuesday 9:00 AM - 5:00 PM, Wednesday 9:00 AM - 5:00 PM, Thursday 9:00 AM - 5:00 PM, Friday 9:00 AM - 5:00 PM, Saturday Closed, Sunday Closed",,,
Cook Out,1649,355 West Plaza Drive,,Mooresville,NC,28117,United States,,,,"Monday 9:00 AM - 5:00 PM, Tuesday 9:00 AM - 5:00 PM, Wednesday 9:00 AM - 5:00 PM, Thursday 9:00 AM - 5:00 PM, Friday 9:00 AM - 5:00 PM, Saturday Closed, Sunday Closed",,,
Cook Out,1665,1201 New Bern Avenue,,Raleigh,NC,27610,United States,,,,"Monday 9:00 AM - 5:00 PM, Tuesday 9:00 AM - 5:00 PM, Wednesday 9:00 AM - 5:00 PM, Thursday 9:00 AM - 5:00 PM, Friday 9:00 AM - 5:00 PM, Saturday Closed, Sunday Closed",,,
Cook Out,1657,525 E. Industry Dr.,,Oxford,NC,27565,United States,,,,"Monday 9:00 AM - 5:00 PM, Tuesday 9:00 AM - 5:00 PM, Wednesday 9:00 AM - 5:00 PM, Thursday 9:00 AM - 5:00 PM, Friday 9:00 AM - 5:00 PM, Saturday Closed, Sunday Closed",,,
Cook Out,1661,3244 Capital Blvd.,,Raleigh,NC,27604,United States,,,,"Monday 9:00 AM - 5:00 PM, Tuesday 9:00 AM - 5:00 PM, Wednesday 9:00 AM - 5:00 PM, Thursday 9:00 AM - 5:00 PM, Friday 9:00 AM - 5:00 PM, Saturday Closed, Sunday Closed",,,
Cook Out,1567,7771 Gateway Lane NW,,Concord,NC,28027,United States,,,,"Monday 9:00 AM - 5:00 PM, Tuesday 9:00 AM - 5:00 PM, Wednesday 9:00 AM - 5:00 PM, Thursday 9:00 AM - 5:00 PM, Friday 9:00 AM - 5:00 PM, Saturday Closed, Sunday Closed",,,
Cook Out,1557,9705 North Tryon Street,,Charlotte,NC,28262,United States,,,,"Monday 9:00 AM - 5:00 PM, Tuesday 9:00 AM - 5:00 PM, Wednesday 9:00 AM - 5:00 PM, Thursday 9:00 AM - 5:00 PM, Friday 9:00 AM - 5:00 PM, Saturday Closed, Sunday Closed",,,
Cook Out,1627,425 Huntersville Gateway Blvd.,,Huntersville,NC,28078,United States,,,,"Monday 9:00 AM - 5:00 PM, Tuesday 9:00 AM - 5:00 PM, Wednesday 9:00 AM - 5:00 PM, Thursday 9:00 AM - 5:00 PM, Friday 9:00 AM - 5:00 PM, Saturday Closed, Sunday Closed",,,
Cook Out,1597,102 Bratton Drive,,Garner,NC,27529,United States,,,,"Monday 9:00 AM - 5:00 PM, Tuesday 9:00 AM - 5:00 PM, Wednesday 9:00 AM - 5:00 PM, Thursday 9:00 AM - 5:00 PM, Friday 9:00 AM - 5:00 PM, Saturday Closed, Sunday Closed",,,
Cook Out,1685,406 Lillington HWY,,Spring Lake,NC,28390,United States,,,,"Monday 9:00 AM - 5:00 PM, Tuesday 9:00 AM - 5:00 PM, Wednesday 9:00 AM - 5:00 PM, Thursday 9:00 AM - 5:00 PM, Friday 9:00 AM - 5:00 PM, Saturday Closed, Sunday Closed",,,
Cook Out,1555,1301 W. Sugar Creek Road,,Charlotte,NC,28262,United States,,,,"Monday 9:00 AM - 5:00 PM, Tuesday 9:00 AM - 5:00 PM, Wednesday 9:00 AM - 5:00 PM, Thursday 9:00 AM - 5:00 PM, Friday 9:00 AM - 5:00 PM, Saturday Closed, Sunday Closed",,,
Cook Out,1550,5715 N. Sharon Amity Road,,Charlotte,NC,28215,United States,,,,"Monday 9:00 AM - 5:00 PM, Tuesday 9:00 AM - 5:00 PM, Wednesday 9:00 AM - 5:00 PM, Thursday 9:00 AM - 5:00 PM, Friday 9:00 AM - 5:00 PM, Saturday Closed, Sunday Closed",,,
Cook Out,1693,1919 US Hwy 421,,Wilkesboro,NC,28697,United States,,,,"Monday 9:00 AM - 5:00 PM, Tuesday 9:00 AM - 5:00 PM, Wednesday 9:00 AM - 5:00 PM, Thursday 9:00 AM - 5:00 PM, Friday 9:00 AM - 5:00 PM, Saturday Closed, Sunday Closed",,,
Cook Out,1552,4333 Sunset Road,,Charlotte,NC,28216,United States,,,,"Monday 9:00 AM - 5:00 PM, Tuesday 9:00 AM - 5:00 PM, Wednesday 9:00 AM - 5:00 PM, Thursday 9:00 AM - 5:00 PM, Friday 9:00 AM - 5:00 PM, Saturday Closed, Sunday Closed",,,
Cook Out,1548,6438 Albemarle Road,,Charlotte,NC,28212,United States,,,,"Monday 9:00 AM - 5:00 PM, Tuesday 9:00 AM - 5:00 PM, Wednesday 9:00 AM - 5:00 PM, Thursday 9:00 AM - 5:00 PM, Friday 9:00 AM - 5:00 PM, Saturday Closed, Sunday Closed",,,
Cook Out,1571,7555 North Carolina Hwy 73,,Denver,NC,28037,United States,,,,"Monday 9:00 AM - 5:00 PM, Tuesday 9:00 AM - 5:00 PM, Wednesday 9:00 AM - 5:00 PM, Thursday 9:00 AM - 5:00 PM, Friday 9:00 AM - 5:00 PM, Saturday Closed, Sunday Closed",,,
Cook Out,1589,6903 Cliffdale Road,,Fayetteville,NC,28314,United States,,,,"Monday 9:00 AM - 5:00 PM, Tuesday 9:00 AM - 5:00 PM, Wednesday 9:00 AM - 5:00 PM, Thursday 9:00 AM - 5:00 PM, Friday 9:00 AM - 5:00 PM, Saturday Closed, Sunday Closed",,,
Cook Out,1569,460 E. Conover Blvd,,Conover,NC,28613,United States,,,,"Monday 9:00 AM - 5:00 PM, Tuesday 9:00 AM - 5:00 PM, Wednesday 9:00 AM - 5:00 PM, Thursday 9:00 AM - 5:00 PM, Friday 9:00 AM - 5:00 PM, Saturday Closed, Sunday Closed",,,
Cook Out,1561,1815 Sardis Rd.,,Charlotte,NC,28270,United States,,,,"Monday 9:00 AM - 5:00 PM, Tuesday 9:00 AM - 5:00 PM, Wednesday 9:00 AM - 5:00 PM, Thursday 9:00 AM - 5:00 PM, Friday 9:00 AM - 5:00 PM, Saturday Closed, Sunday Closed",,,
Cook Out,1573,1723 W Cumberland St.,,Dunn,NC,28334,United States,,,,"Monday 9:00 AM - 5:00 PM, Tuesday 9:00 AM - 5:00 PM, Wednesday 9:00 AM - 5:00 PM, Thursday 9:00 AM - 5:00 PM, Friday 9:00 AM - 5:00 PM, Saturday Closed, Sunday Closed",,,
Cook Out,1593,3745 Ramsey St.,,Fayetteville,NC,28311,United States,,,,"Monday 9:00 AM - 5:00 PM, Tuesday 9:00 AM - 5:00 PM, Wednesday 9:00 AM - 5:00 PM, Thursday 9:00 AM - 5:00 PM, Friday 9:00 AM - 5:00 PM, Saturday Closed, Sunday Closed",,,
Cook Out,1629,13703 B Hwy 74,,Indian Trail,NC,28079,United States,,,,"Monday 9:00 AM - 5:00 PM, Tuesday 9:00 AM - 5:00 PM, Wednesday 9:00 AM - 5:00 PM, Thursday 9:00 AM - 5:00 PM, Friday 9:00 AM - 5:00 PM, Saturday Closed, Sunday Closed",,,
Cook Out,1546,2540 Freedom Drive,,Charlotte,NC,28208,United States,,,,"Monday 9:00 AM - 5:00 PM, Tuesday 9:00 AM - 5:00 PM, Wednesday 9:00 AM - 5:00 PM, Thursday 9:00 AM - 5:00 PM, Friday 9:00 AM - 5:00 PM, Saturday Closed, Sunday Closed",,,
Cook Out,1647,1410 W. Roosevelt Blvd.,,Monroe,NC,28110,United States,,,,"Monday 9:00 AM - 5:00 PM, Tuesday 9:00 AM - 5:00 PM, Wednesday 9:00 AM - 5:00 PM, Thursday 9:00 AM - 5:00 PM, Friday 9:00 AM - 5:00 PM, Saturday Closed, Sunday Closed",,,
Cook Out,438,1311 S Main St,,Blacksburg,VA,24060,United States,,,,"Monday 9:00 AM - 5:00 PM, Tuesday 9:00 AM - 5:00 PM, Wednesday 9:00 AM - 5:00 PM, Thursday 9:00 AM - 5:00 PM, Friday 9:00 AM - 5:00 PM, Saturday Closed, Sunday Closed",,,
Cook Out,437,7400 Lee Hwy,,Radford,VA,24141,United States,,,,"Monday 9:00 AM - 5:00 PM, Tuesday 9:00 AM - 5:00 PM, Wednesday 9:00 AM - 5:00 PM, Thursday 9:00 AM - 5:00 PM, Friday 9:00 AM - 5:00 PM, Saturday Closed, Sunday Closed",,,
Cook Out,419,1423 Hershberger Rd NW,,Roanoke,VA,24012,United States,,,,"Monday 9:00 AM - 5:00 PM, Tuesday 9:00 AM - 5:00 PM, Wednesday 9:00 AM - 5:00 PM, Thursday 9:00 AM - 5:00 PM, Friday 9:00 AM - 5:00 PM, Saturday Closed, Sunday Closed",,,
Cook Out,1591,2921 Owen Drive,,Fayetteville,NC,28306,United States,,,,"Monday 9:00 AM - 5:00 PM, Tuesday 9:00 AM - 5:00 PM, Wednesday 9:00 AM - 5:00 PM, Thursday 9:00 AM - 5:00 PM, Friday 9:00 AM - 5:00 PM, Saturday Closed, Sunday Closed",,,
Cook Out,1621,1710 N. Center Street,,Hickory,NC,28601,United States,,,,"Monday 9:00 AM - 5:00 PM, Tuesday 9:00 AM - 5:00 PM, Wednesday 9:00 AM - 5:00 PM, Thursday 9:00 AM - 5:00 PM, Friday 9:00 AM - 5:00 PM, Saturday Closed, Sunday Closed",,,
Cook Out,1643,1437 E. Main Street,,Lincolnton,NC,28093,United States,,,,"Monday 9:00 AM - 5:00 PM, Tuesday 9:00 AM - 5:00 PM, Wednesday 9:00 AM - 5:00 PM, Thursday 9:00 AM - 5:00 PM, Friday 9:00 AM - 5:00 PM, Saturday Closed, Sunday Closed",,,
Cook Out,1563,10645 Park Road,,Charlotte,NC,28210,United States,,,,"Monday 9:00 AM - 5:00 PM, Tuesday 9:00 AM - 5:00 PM, Wednesday 9:00 AM - 5:00 PM, Thursday 9:00 AM - 5:00 PM, Friday 9:00 AM - 5:00 PM, Saturday Closed, Sunday Closed",,,
Cook Out,1679,603 Ricks Road,,Selma,NC,27576,United States,,,,"Monday 9:00 AM - 5:00 PM, Tuesday 9:00 AM - 5:00 PM, Wednesday 9:00 AM - 5:00 PM, Thursday 9:00 AM - 5:00 PM, Friday 9:00 AM - 5:00 PM, Saturday Closed, Sunday Closed",,,
Cook Out,1559,13317 York Center Dr.,,Charlotte,NC,28273,United States,,,,"Monday 9:00 AM - 5:00 PM, Tuesday 9:00 AM - 5:00 PM, Wednesday 9:00 AM - 5:00 PM, Thursday 9:00 AM - 5:00 PM, Friday 9:00 AM - 5:00 PM, Saturday Closed, Sunday Closed",,,
Cook Out,1639,1304 Scotland Crossing Dr.,,Laurinburg,NC,28352,United States,,,,"Monday 9:00 AM - 5:00 PM, Tuesday 9:00 AM - 5:00 PM, Wednesday 9:00 AM - 5:00 PM, Thursday 9:00 AM - 5:00 PM, Friday 9:00 AM - 5:00 PM, Saturday Closed, Sunday Closed",,,
Cook Out,1601,2810 East Franklin Blvd.,,Gastonia,NC,28056,United States,,,,"Monday 9:00 AM - 5:00 PM, Tuesday 9:00 AM - 5:00 PM, Wednesday 9:00 AM - 5:00 PM, Thursday 9:00 AM - 5:00 PM, Friday 9:00 AM - 5:00 PM, Saturday Closed, Sunday Closed",,,
Cook Out,440,2629 Wards Rd,,Lynchburg,VA,24502,United States,,,,"Monday 9:00 AM - 5:00 PM, Tuesday 9:00 AM - 5:00 PM, Wednesday 9:00 AM - 5:00 PM, Thursday 9:00 AM - 5:00 PM, Friday 9:00 AM - 5:00 PM, Saturday Closed, Sunday Closed",,,
Cook Out,1599,2113 S. Union Road,,Gastonia,NC,28054,United States,,,,"Monday 9:00 AM - 5:00 PM, Tuesday 9:00 AM - 5:00 PM, Wednesday 9:00 AM - 5:00 PM, Thursday 9:00 AM - 5:00 PM, Friday 9:00 AM - 5:00 PM, Saturday Closed, Sunday Closed",,,
Cook Out,1641,510 Blowing Rock Blvd,,Lenoir,NC,28645,United States,,,,"Monday 9:00 AM - 5:00 PM, Tuesday 9:00 AM - 5:00 PM, Wednesday 9:00 AM - 5:00 PM, Thursday 9:00 AM - 5:00 PM, Friday 9:00 AM - 5:00 PM, Saturday Closed, Sunday Closed",,,
Cook Out,1753,109 HWY 15-401 Bypass W,,Bennettsville,SC,29512,United States,,,,"Monday 9:00 AM - 5:00 PM, Tuesday 9:00 AM - 5:00 PM, Wednesday 9:00 AM - 5:00 PM, Thursday 9:00 AM - 5:00 PM, Friday 9:00 AM - 5:00 PM, Saturday Closed, Sunday Closed",,,
Cook Out,188,2531 Cherry Rd,,Rock Hill,SC,29732,United States,,,,"Monday 10:30 AM - 2:00 AM, Tuesday 10:30 AM - 2:00 AM, Wednesday 10:30 AM - 2:00 AM, Thursday 10:30 AM - 2:00 AM, Friday 10:30 AM - 2:00 AM, Saturday 10:30 AM - 2:00 AM, Sunday 10:30 AM - 2:00 AM",,,
Cook Out,1540,1179 Blowing Rock Road,,Boone,NC,28607,United States,,,,"Monday 9:00 AM - 5:00 PM, Tuesday 9:00 AM - 5:00 PM, Wednesday 9:00 AM - 5:00 PM, Thursday 9:00 AM - 5:00 PM, Friday 9:00 AM - 5:00 PM, Saturday Closed, Sunday Closed",,,
Cook Out,1699,2925 Raleigh Rd Parkway,,Wilson,NC,27896,United States,,,,"Monday 9:00 AM - 5:00 PM, Tuesday 9:00 AM - 5:00 PM, Wednesday 9:00 AM - 5:00 PM, Thursday 9:00 AM - 5:00 PM, Friday 9:00 AM - 5:00 PM, Saturday Closed, Sunday Closed",,,
Cook Out,1645,2712 N. Roberts Ave,,Lumberton,NC,28358,United States,,,,"Monday 9:00 AM - 5:00 PM, Tuesday 9:00 AM - 5:00 PM, Wednesday 9:00 AM - 5:00 PM, Thursday 9:00 AM - 5:00 PM, Friday 9:00 AM - 5:00 PM, Saturday Closed, Sunday Closed",,,
Cook Out,1651,1000 Burkemont Rd,,Morganton,NC,28655,United States,,,,"Monday 9:00 AM - 5:00 PM, Tuesday 9:00 AM - 5:00 PM, Wednesday 9:00 AM - 5:00 PM, Thursday 9:00 AM - 5:00 PM, Friday 9:00 AM - 5:00 PM, Saturday Closed, Sunday Closed",,,
Cook Out,1671,1020 N. Wesleyan Blvd.,,Rocky Mount,NC,27801,United States,,,,"Monday 9:00 AM - 5:00 PM, Tuesday 9:00 AM - 5:00 PM, Wednesday 9:00 AM - 5:00 PM, Thursday 9:00 AM - 5:00 PM, Friday 9:00 AM - 5:00 PM, Saturday Closed, Sunday Closed",,,
Cook Out,1681,308 Earl Road,,Shelby,NC,28150,United States,,,,"Monday 9:00 AM - 5:00 PM, Tuesday 9:00 AM - 5:00 PM, Wednesday 9:00 AM - 5:00 PM, Thursday 9:00 AM - 5:00 PM, Friday 9:00 AM - 5:00 PM, Saturday Closed, Sunday Closed",,,
Cook Out,409,1437 S Main St,,Farmville,VA,23901,United States,,,,"Monday 9:00 AM - 5:00 PM, Tuesday 9:00 AM - 5:00 PM, Wednesday 9:00 AM - 5:00 PM, Thursday 9:00 AM - 5:00 PM, Friday 9:00 AM - 5:00 PM, Saturday Closed, Sunday Closed",,,
Cook Out,1603,432 N. Berkley Blvd.,,Goldsboro,NC,27534,United States,,,,"Monday 9:00 AM - 5:00 PM, Tuesday 9:00 AM - 5:00 PM, Wednesday 9:00 AM - 5:00 PM, Thursday 9:00 AM - 5:00 PM, Friday 9:00 AM - 5:00 PM, Saturday Closed, Sunday Closed",,,
Cook Out,200,626 5th St,,Hartsville,SC,29550,United States,,,,"Monday 10:30 AM - 2:00 AM, Tuesday 10:30 AM - 2:00 AM, Wednesday 10:30 AM - 2:00 AM, Thursday 10:30 AM - 2:00 AM, Friday 10:30 AM - 2:00 AM, Saturday 10:30 AM - 2:00 AM, Sunday 10:30 AM - 2:00 AM",,,
Cook Out,443,445 E Nelson St,,Lexington,VA,24450,United States,,,,"Monday 9:00 AM - 5:00 PM, Tuesday 9:00 AM - 5:00 PM, Wednesday 9:00 AM - 5:00 PM, Thursday 9:00 AM - 5:00 PM, Friday 9:00 AM - 5:00 PM, Saturday Closed, Sunday Closed",,,
Cook Out,1669,1505 Julian R Allsbrook Hwy.,,Roanoke Rapids,NC,27870,United States,,,,"Monday 9:00 AM - 5:00 PM, Tuesday 9:00 AM - 5:00 PM, Wednesday 9:00 AM - 5:00 PM, Thursday 9:00 AM - 5:00 PM, Friday 9:00 AM - 5:00 PM, Saturday Closed, Sunday Closed",,,
Cook Out,192,1513 W Floyd Baker Rd,,Gaffney,SC,29341,United States,,,,"Monday 10:30 AM - 2:00 AM, Tuesday 10:30 AM - 2:00 AM, Wednesday 10:30 AM - 2:00 AM, Thursday 10:30 AM - 2:00 AM, Friday 10:30 AM - 2:00 AM, Saturday 10:30 AM - 2:00 AM, Sunday 10:30 AM - 2:00 AM",,,
Cook Out,184,2007 S Irby St,,Florence,SC,29505,United States,,,,"Monday 10:30 AM - 2:00 AM, Tuesday 10:30 AM - 2:00 AM, Wednesday 10:30 AM - 2:00 AM, Thursday 10:30 AM - 2:00 AM, Friday 10:30 AM - 2:00 AM, Saturday 10:30 AM - 2:00 AM, Sunday 10:30 AM - 2:00 AM",,,
Cook Out,429,3128 Lee Hwy,,Bristol,VA,24202,United States,,,,"Monday 9:00 AM - 5:00 PM, Tuesday 9:00 AM - 5:00 PM, Wednesday 9:00 AM - 5:00 PM, Thursday 9:00 AM - 5:00 PM, Friday 9:00 AM - 5:00 PM, Saturday Closed, Sunday Closed",,,
Cook Out,1617,711 S. Memorial Drive,,Greenville,NC,27834,United States,,,,"Monday 9:00 AM - 5:00 PM, Tuesday 9:00 AM - 5:00 PM, Wednesday 9:00 AM - 5:00 PM, Thursday 9:00 AM - 5:00 PM, Friday 9:00 AM - 5:00 PM, Saturday Closed, Sunday Closed",,,
Cook Out,205,1996 E Main St,,Spartanburg,SC,29307,United States,,,,"Monday 10:30 AM - 2:00 AM, Tuesday 10:30 AM - 2:00 AM, Wednesday 10:30 AM - 2:00 AM, Thursday 10:30 AM - 2:00 AM, Friday 10:30 AM - 2:00 AM, Saturday 10:30 AM - 2:00 AM, Sunday 10:30 AM - 2:00 AM",,,
Cook Out,1619,3209 East 10th Street,,Greenville,NC,27858,United States,,,,"Monday 9:00 AM - 5:00 PM, Tuesday 9:00 AM - 5:00 PM, Wednesday 9:00 AM - 5:00 PM, Thursday 9:00 AM - 5:00 PM, Friday 9:00 AM - 5:00 PM, Saturday Closed, Sunday Closed",,,
Cook Out,1755,1345 N Eisenhower Dr,,Beckley,WV,25801,United States,,,,"Monday 9:00 AM - 5:00 PM, Tuesday 9:00 AM - 5:00 PM, Wednesday 9:00 AM - 5:00 PM, Thursday 9:00 AM - 5:00 PM, Friday 9:00 AM - 5:00 PM, Saturday Closed, Sunday Closed",,,
Cook Out,182,1800 Boiling Springs Rd,,Boiling Springs,SC,29316,United States,,,,"Monday 10:30 AM - 2:00 AM, Tuesday 10:30 AM - 2:00 AM, Wednesday 10:30 AM - 2:00 AM, Thursday 10:30 AM - 2:00 AM, Friday 10:30 AM - 2:00 AM, Saturday 10:30 AM - 2:00 AM, Sunday 10:30 AM - 2:00 AM",,,
Cook Out,395,1206 W State of Franklin Rd,,Johnson City,TN,37604,United States,,,,"Monday 9:00 AM - 5:00 PM, Tuesday 9:00 AM - 5:00 PM, Wednesday 9:00 AM - 5:00 PM, Thursday 9:00 AM - 5:00 PM, Friday 9:00 AM - 5:00 PM, Saturday Closed, Sunday Closed",,,
Cook Out,448,1432 W Main St,,Waynesboro,VA,22980,United States,,,,"Monday 9:00 AM - 5:00 PM, Tuesday 9:00 AM - 5:00 PM, Wednesday 9:00 AM - 5:00 PM, Thursday 9:00 AM - 5:00 PM, Friday 9:00 AM - 5:00 PM, Saturday Closed, Sunday Closed",,,
Cook Out,170,10030 Two Notch Rd,,Columbia,SC,29223,United States,,,,"Monday 10:30 AM - 2:00 AM, Tuesday 10:30 AM - 2:00 AM, Wednesday 10:30 AM - 2:00 AM, Thursday 10:30 AM - 2:00 AM, Friday 10:30 AM - 2:00 AM, Saturday 10:30 AM - 2:00 AM, Sunday 10:30 AM - 2:00 AM",,,
Cook Out,194,1180 Broad St,,Sumter,SC,29150,United States,,,,"Monday 10:30 AM - 2:00 AM, Tuesday 10:30 AM - 2:00 AM, Wednesday 10:30 AM - 2:00 AM, Thursday 10:30 AM - 2:00 AM, Friday 10:30 AM - 2:00 AM, Saturday 10:30 AM - 2:00 AM, Sunday 10:30 AM - 2:00 AM",,,
Cook Out,439,1254 Emmet St N,,Charlottesville,VA,22903,United States,,,,"Monday 9:00 AM - 5:00 PM, Tuesday 9:00 AM - 5:00 PM, Wednesday 9:00 AM - 5:00 PM, Thursday 9:00 AM - 5:00 PM, Friday 9:00 AM - 5:00 PM, Saturday Closed, Sunday Closed",,,
Cook Out,436,618 Boulevard,,Colonial Heights,VA,23834,United States,,,,"Monday 9:00 AM - 5:00 PM, Tuesday 9:00 AM - 5:00 PM, Wednesday 9:00 AM - 5:00 PM, Thursday 9:00 AM - 5:00 PM, Friday 9:00 AM - 5:00 PM, Saturday Closed, Sunday Closed",,,
Cook Out,407,1600 E Stone Dr,,Kingsport,TN,37660,United States,,,,"Monday 9:00 AM - 5:00 PM, Tuesday 9:00 AM - 5:00 PM, Wednesday 9:00 AM - 5:00 PM, Thursday 9:00 AM - 5:00 PM, Friday 9:00 AM - 5:00 PM, Saturday Closed, Sunday Closed",,,
Cook Out,178,5311 Forest Dr,,Columbia,SC,29206,United States,,,,"Monday 10:30 AM - 2:00 AM, Tuesday 10:30 AM - 2:00 AM, Wednesday 10:30 AM - 2:00 AM, Thursday 10:30 AM - 2:00 AM, Friday 10:30 AM - 2:00 AM, Saturday 10:30 AM - 2:00 AM, Sunday 10:30 AM - 2:00 AM",,,
Cook Out,1536,251 Tunnel Rd.,,Asheville,NC,28805,United States,,,,"Monday 9:00 AM - 5:00 PM, Tuesday 9:00 AM - 5:00 PM, Wednesday 9:00 AM - 5:00 PM, Thursday 9:00 AM - 5:00 PM, Friday 9:00 AM - 5:00 PM, Saturday Closed, Sunday Closed",,,
Cook Out,1709,1006 Carolina Ave,,Washington,NC,27889,United States,,,,"Monday 9:00 AM - 5:00 PM, Tuesday 9:00 AM - 5:00 PM, Wednesday 9:00 AM - 5:00 PM, Thursday 9:00 AM - 5:00 PM, Friday 9:00 AM - 5:00 PM, Saturday Closed, Sunday Closed",,,
Cook Out,1405,1006 Carolina Ave,,Washington,NC,27889,United States,,,,"Monday 9:00 AM - 5:00 PM, Tuesday 9:00 AM - 5:00 PM, Wednesday 9:00 AM - 5:00 PM, Thursday 9:00 AM - 5:00 PM, Friday 9:00 AM - 5:00 PM, Saturday Closed, Sunday Closed",,,
Cook Out,441,8240 Midlothian Tpke,,Richmond,VA,23235,United States,,,,"Monday 9:00 AM - 5:00 PM, Tuesday 9:00 AM - 5:00 PM, Wednesday 9:00 AM - 5:00 PM, Thursday 9:00 AM - 5:00 PM, Friday 9:00 AM - 5:00 PM, Saturday Closed, Sunday Closed",,,
Cook Out,91,1101 Harden St,,Columbia,SC,29205,United States,,,,"Monday 9:00 AM - 5:00 PM, Tuesday 9:00 AM - 5:00 PM, Wednesday 9:00 AM - 5:00 PM, Thursday 9:00 AM - 5:00 PM, Friday 9:00 AM - 5:00 PM, Saturday Closed, Sunday Closed",,,
Cook Out,1743,600 Bush River Rd,,Columbia,SC,29210,United States,,,,"Monday 9:00 AM - 5:00 PM, Tuesday 9:00 AM - 5:00 PM, Wednesday 9:00 AM - 5:00 PM, Thursday 9:00 AM - 5:00 PM, Friday 9:00 AM - 5:00 PM, Saturday Closed, Sunday Closed",,,
Cook Out,1747,1353 W. Wade Hampton Blvd.,,Greer,SC,29650,United States,,,,"Monday 9:00 AM - 5:00 PM, Tuesday 9:00 AM - 5:00 PM, Wednesday 9:00 AM - 5:00 PM, Thursday 9:00 AM - 5:00 PM, Friday 9:00 AM - 5:00 PM, Saturday Closed, Sunday Closed",,,
Cook Out,1633,407 South Marine Blvd,,Jacksonville,NC,28540,United States,,,,"Monday 9:00 AM - 5:00 PM, Tuesday 9:00 AM - 5:00 PM, Wednesday 9:00 AM - 5:00 PM, Thursday 9:00 AM - 5:00 PM, Friday 9:00 AM - 5:00 PM, Saturday Closed, Sunday Closed",,,
Cook Out,1538,1055 Patton Ave,,Asheville,NC,28806,United States,,,,"Monday 9:00 AM - 5:00 PM, Tuesday 9:00 AM - 5:00 PM, Wednesday 9:00 AM - 5:00 PM, Thursday 9:00 AM - 5:00 PM, Friday 9:00 AM - 5:00 PM, Saturday Closed, Sunday Closed",,,
Cook Out,434,1501 Eastridge Rd,,Henrico,VA,23229,United States,,,,"Monday 9:00 AM - 5:00 PM, Tuesday 9:00 AM - 5:00 PM, Wednesday 9:00 AM - 5:00 PM, Thursday 9:00 AM - 5:00 PM, Friday 9:00 AM - 5:00 PM, Saturday Closed, Sunday Closed",,,
Cook Out,1631,421 Western Boulevard,,Jacksonville,NC,28546,United States,,,,"Monday 9:00 AM - 5:00 PM, Tuesday 9:00 AM - 5:00 PM, Wednesday 9:00 AM - 5:00 PM, Thursday 9:00 AM - 5:00 PM, Friday 9:00 AM - 5:00 PM, Saturday Closed, Sunday Closed",,,
Cook Out,1782,4245 Pouncey Tract Rd,,Glen Allen,VA,23005,United States,,,,"Monday 9:00 AM - 5:00 PM, Tuesday 9:00 AM - 5:00 PM, Wednesday 9:00 AM - 5:00 PM, Thursday 9:00 AM - 5:00 PM, Friday 9:00 AM - 5:00 PM, Saturday Closed, Sunday Closed",,,
Cook Out,160,1820 Woodruff Rd,,Greenville,SC,29607,United States,,,,"Monday 10:30 AM - 3:00 AM, Tuesday 10:30 AM - 3:00 AM, Wednesday 10:30 AM - 3:00 AM, Thursday 10:30 AM - 3:00 AM, Friday 10:30 AM - 4:00 AM, Saturday 10:30 AM - 4:00 AM, Sunday 10:30 AM - 3:00 AM",,,
Cook Out,168,2480 US Hwy 501,,Conway,SC,29526,United States,,,,"Monday 10:30 AM - 2:00 AM, Tuesday 10:30 AM - 2:00 AM, Wednesday 10:30 AM - 2:00 AM, Thursday 10:30 AM - 2:00 AM, Friday 10:30 AM - 2:00 AM, Saturday 10:30 AM - 2:00 AM, Sunday 10:30 AM - 2:00 AM",,,
Cook Out,435,4802 W Broad St,,Richmond,VA,23230,United States,,,,"Monday 9:00 AM - 5:00 PM, Tuesday 9:00 AM - 5:00 PM, Wednesday 9:00 AM - 5:00 PM, Thursday 9:00 AM - 5:00 PM, Friday 9:00 AM - 5:00 PM, Saturday Closed, Sunday Closed",,,
Cook Out,1751,2821 Paxville Hwy,,Manning,SC,29102,United States,,,,"Monday 9:00 AM - 5:00 PM, Tuesday 9:00 AM - 5:00 PM, Wednesday 9:00 AM - 5:00 PM, Thursday 9:00 AM - 5:00 PM, Friday 9:00 AM - 5:00 PM, Saturday Closed, Sunday Closed",,,
Cook Out,418,3545 E Andrew Johnson Hwy,,Greeneville,TN,37745,United States,,,,"Monday 9:00 AM - 5:00 PM, Tuesday 9:00 AM - 5:00 PM, Wednesday 9:00 AM - 5:00 PM, Thursday 9:00 AM - 5:00 PM, Friday 9:00 AM - 5:00 PM, Saturday Closed, Sunday Closed",,,
Cook Out,165,515 W Main St,,Lexington,SC,29072,United States,,,,"Monday 10:30 AM - 2:00 AM, Tuesday 10:30 AM - 2:00 AM, Wednesday 10:30 AM - 2:00 AM, Thursday 10:30 AM - 2:00 AM, Friday 10:30 AM - 2:00 AM, Saturday 10:30 AM - 2:00 AM, Sunday 10:30 AM - 2:00 AM",,,
Cook Out,1655,2500 Dr ML King Blvd,,New Bern,NC,28562,United States,,,,"Monday 9:00 AM - 5:00 PM, Tuesday 9:00 AM - 5:00 PM, Wednesday 9:00 AM - 5:00 PM, Thursday 9:00 AM - 5:00 PM, Friday 9:00 AM - 5:00 PM, Saturday Closed, Sunday Closed",,,
Cook Out,1695,715 S. College Rd.,,Wilmington,NC,28403,United States,,,,"Monday 9:00 AM - 5:00 PM, Tuesday 9:00 AM - 5:00 PM, Wednesday 9:00 AM - 5:00 PM, Thursday 9:00 AM - 5:00 PM, Friday 9:00 AM - 5:00 PM, Saturday Closed, Sunday Closed",,,
Cook Out,1456,205 US-17,,North Myrtle Beach,SC,29582,United States,,,,"Monday 9:00 AM - 5:00 PM, Tuesday 9:00 AM - 5:00 PM, Wednesday 9:00 AM - 5:00 PM, Thursday 9:00 AM - 5:00 PM, Friday 9:00 AM - 5:00 PM, Saturday Closed, Sunday Closed",,,
Cook Out,172,1560 Laurens Rd,,Greenville,SC,29607,United States,,,,"Monday 10:30 AM - 2:00 AM, Tuesday 10:30 AM - 2:00 AM, Wednesday 10:30 AM - 2:00 AM, Thursday 10:30 AM - 2:00 AM, Friday 10:30 AM - 2:00 AM, Saturday 10:30 AM - 2:00 AM, Sunday 10:30 AM - 2:00 AM",,,
Cook Out,442,4300 S Laburnum Ave,,Richmond,VA,23231,United States,,,,"Monday 9:00 AM - 5:00 PM, Tuesday 9:00 AM - 5:00 PM, Wednesday 9:00 AM - 5:00 PM, Thursday 9:00 AM - 5:00 PM, Friday 9:00 AM - 5:00 PM, Saturday Closed, Sunday Closed",,,
Cook Out,186,1513 Poinsett Hwy,,Greenville,SC,29609,United States,,,,"Monday 10:30 AM - 2:00 AM, Tuesday 10:30 AM - 2:00 AM, Wednesday 10:30 AM - 2:00 AM, Thursday 10:30 AM - 2:00 AM, Friday 10:30 AM - 2:00 AM, Saturday 10:30 AM - 2:00 AM, Sunday 10:30 AM - 2:00 AM",,,
Cook Out,411,1688 E Market St,,Harrisonburg,VA,22801,United States,,,,"Monday 9:00 AM - 5:00 PM, Tuesday 9:00 AM - 5:00 PM, Wednesday 9:00 AM - 5:00 PM, Thursday 9:00 AM - 5:00 PM, Friday 9:00 AM - 5:00 PM, Saturday Closed, Sunday Closed",,,
Cook Out,1697,5615 Carolina Beach Road,,Wilmington,NC,28412,United States,,,,"Monday 9:00 AM - 5:00 PM, Tuesday 9:00 AM - 5:00 PM, Wednesday 9:00 AM - 5:00 PM, Thursday 9:00 AM - 5:00 PM, Friday 9:00 AM - 5:00 PM, Saturday Closed, Sunday Closed",,,
Cook Out,163,1800 N Kings Hwy,,Myrtle Beach,SC,29577,United States,,,,"Monday 10:30 AM - 2:00 AM, Tuesday 10:30 AM - 2:00 AM, Wednesday 10:30 AM - 2:00 AM, Thursday 10:30 AM - 2:00 AM, Friday 10:30 AM - 2:00 AM, Saturday 10:30 AM - 2:00 AM, Sunday 10:30 AM - 2:00 AM",,,
Cook Out,451,7114 Mechanicsville Turnpike,,Mechanicsville,VA,23111,United States,,,,"Monday 9:00 AM - 5:00 PM, Tuesday 9:00 AM - 5:00 PM, Wednesday 9:00 AM - 5:00 PM, Thursday 9:00 AM - 5:00 PM, Friday 9:00 AM - 5:00 PM, Saturday Closed, Sunday Closed",,,
Cook Out,1784,800 England St,,Ashland,VA,23005,United States,,,,"Monday 9:00 AM - 5:00 PM, Tuesday 9:00 AM - 5:00 PM, Wednesday 9:00 AM - 5:00 PM, Thursday 9:00 AM - 5:00 PM, Friday 9:00 AM - 5:00 PM, Saturday Closed, Sunday Closed",,,
Cook Out,1776,100 Loyola Dr,,Myrtle Beach,SC,29588,United States,,,,"Monday 9:00 AM - 5:00 PM, Tuesday 9:00 AM - 5:00 PM, Wednesday 9:00 AM - 5:00 PM, Thursday 9:00 AM - 5:00 PM, Friday 9:00 AM - 5:00 PM, Saturday Closed, Sunday Closed",,,
Cook Out,1745,5146 Calhoun Memorial Hwy,,Easley,SC,29640,United States,,,,"Monday 9:00 AM - 5:00 PM, Tuesday 9:00 AM - 5:00 PM, Wednesday 9:00 AM - 5:00 PM, Thursday 9:00 AM - 5:00 PM, Friday 9:00 AM - 5:00 PM, Saturday Closed, Sunday Closed",,,
Cook Out,445,1017 N Main St,,Suffolk,VA,23434,United States,,,,"Monday 9:00 AM - 5:00 PM, Tuesday 9:00 AM - 5:00 PM, Wednesday 9:00 AM - 5:00 PM, Thursday 9:00 AM - 5:00 PM, Friday 9:00 AM - 5:00 PM, Saturday Closed, Sunday Closed",,,
Cook Out,174,1821 Hwy 72,,Greenwood,SC,29649,United States,,,,"Monday 10:30 AM - 2:00 AM, Tuesday 10:30 AM - 2:00 AM, Wednesday 10:30 AM - 2:00 AM, Thursday 10:30 AM - 2:00 AM, Friday 10:30 AM - 2:00 AM, Saturday 10:30 AM - 2:00 AM, Sunday 10:30 AM - 2:00 AM",,,
Cook Out,198,725 John C Calhoun Dr,,Orangeburg,SC,29115,United States,,,,"Monday 10:30 AM - 2:00 AM, Tuesday 10:30 AM - 2:00 AM, Wednesday 10:30 AM - 2:00 AM, Thursday 10:30 AM - 2:00 AM, Friday 10:30 AM - 2:00 AM, Saturday 10:30 AM - 2:00 AM, Sunday 10:30 AM - 2:00 AM",,,
Cook Out,427,1660 Richmond Rd,,Williamsburg,VA,23185,United States,,,,"Monday 9:00 AM - 5:00 PM, Tuesday 9:00 AM - 5:00 PM, Wednesday 9:00 AM - 5:00 PM, Thursday 9:00 AM - 5:00 PM, Friday 9:00 AM - 5:00 PM, Saturday Closed, Sunday Closed",,,
Cook Out,196,3432 Clemson Blvd,,Anderson,SC,29621,United States,,,,"Monday 10:30 AM - 2:00 AM, Tuesday 10:30 AM - 2:00 AM, Wednesday 10:30 AM - 2:00 AM, Thursday 10:30 AM - 2:00 AM, Friday 10:30 AM - 2:00 AM, Saturday 10:30 AM - 2:00 AM, Sunday 10:30 AM - 2:00 AM",,,
Cook Out,453,10108 Jefferson Davis Hwy,,Fredericksburg,VA,22407,United States,,,,"Monday 9:00 AM - 5:00 PM, Tuesday 9:00 AM - 5:00 PM, Wednesday 9:00 AM - 5:00 PM, Thursday 9:00 AM - 5:00 PM, Friday 9:00 AM - 5:00 PM, Saturday Closed, Sunday Closed",,,
Cook Out,413,12471 Jefferson Ave,,Newport News,VA,23602,United States,,,,"Monday 9:00 AM - 5:00 PM, Tuesday 9:00 AM - 5:00 PM, Wednesday 9:00 AM - 5:00 PM, Thursday 9:00 AM - 5:00 PM, Friday 9:00 AM - 5:00 PM, Saturday Closed, Sunday Closed",,,
Cook Out,203,1055 Tiger Blvd,,Clemson,SC,29631,United States,,,,"Monday 10:30 AM - 2:00 AM, Tuesday 10:30 AM - 2:00 AM, Wednesday 10:30 AM - 2:00 AM, Thursday 10:30 AM - 2:00 AM, Friday 10:30 AM - 2:00 AM, Saturday 10:30 AM - 2:00 AM, Sunday 10:30 AM - 2:00 AM",,,
Cook Out,401,2251 W Andrew Johnson Hwy,,Morristown,TN,37814,United States,,,,"Monday 9:00 AM - 5:00 PM, Tuesday 9:00 AM - 5:00 PM, Wednesday 9:00 AM - 5:00 PM, Thursday 9:00 AM - 5:00 PM, Friday 9:00 AM - 5:00 PM, Saturday Closed, Sunday Closed",,,
Cook Out,425,4015 Victory Blvd,,Portsmouth,VA,23701,United States,,,,"Monday 9:00 AM - 5:00 PM, Tuesday 9:00 AM - 5:00 PM, Wednesday 9:00 AM - 5:00 PM, Thursday 9:00 AM - 5:00 PM, Friday 9:00 AM - 5:00 PM, Saturday Closed, Sunday Closed",,,
Cook Out,1689,1391 East Main Street,,Sylva,NC,28779,United States,,,,"Monday 9:00 AM - 5:00 PM, Tuesday 9:00 AM - 5:00 PM, Wednesday 9:00 AM - 5:00 PM, Thursday 9:00 AM - 5:00 PM, Friday 9:00 AM - 5:00 PM, Saturday Closed, Sunday Closed",,,
Cook Out,444,2024 Plank Rd,,Fredericksburg,VA,22401,United States,,,,"Monday 9:00 AM - 5:00 PM, Tuesday 9:00 AM - 5:00 PM, Wednesday 9:00 AM - 5:00 PM, Thursday 9:00 AM - 5:00 PM, Friday 9:00 AM - 5:00 PM, Saturday Closed, Sunday Closed",,,
Cook Out,1587,912 W Ehringhaus St.,,Elizabeth City,NC,27909,United States,,,,"Monday 9:00 AM - 5:00 PM, Tuesday 9:00 AM - 5:00 PM, Wednesday 9:00 AM - 5:00 PM, Thursday 9:00 AM - 5:00 PM, Friday 9:00 AM - 5:00 PM, Saturday Closed, Sunday Closed",,,
Cook Out,447,1025 W Mercury Blvd,,Hampton,VA,23666,United States,,,,"Monday 9:00 AM - 5:00 PM, Tuesday 9:00 AM - 5:00 PM, Wednesday 9:00 AM - 5:00 PM, Thursday 9:00 AM - 5:00 PM, Friday 9:00 AM - 5:00 PM, Saturday Closed, Sunday Closed",,,
Cook Out,423,1818 Monticello Ave,,Norfolk,VA,23235,United States,,,,"Monday 9:00 AM - 5:00 PM, Tuesday 9:00 AM - 5:00 PM, Wednesday 9:00 AM - 5:00 PM, Thursday 9:00 AM - 5:00 PM, Friday 9:00 AM - 5:00 PM, Saturday Closed, Sunday Closed",,,
Cook Out,446,7065 George Washington Memorial Hwy,,Gloucester Courthouse,VA,23061,United States,,,,"Monday 9:00 AM - 5:00 PM, Tuesday 9:00 AM - 5:00 PM, Wednesday 9:00 AM - 5:00 PM, Thursday 9:00 AM - 5:00 PM, Friday 9:00 AM - 5:00 PM, Saturday Closed, Sunday Closed",,,
Cook Out,431,1328 Battlefield Blvd N,,Chesapeake,VA,23320,United States,,,,"Monday 9:00 AM - 5:00 PM, Tuesday 9:00 AM - 5:00 PM, Wednesday 9:00 AM - 5:00 PM, Thursday 9:00 AM - 5:00 PM, Friday 9:00 AM - 5:00 PM, Saturday Closed, Sunday Closed",,,
Cook Out,417,1105 N Military Hwy,,Norfolk,VA,23502,United States,,,,"Monday 9:00 AM - 5:00 PM, Tuesday 9:00 AM - 5:00 PM, Wednesday 9:00 AM - 5:00 PM, Thursday 9:00 AM - 5:00 PM, Friday 9:00 AM - 5:00 PM, Saturday Closed, Sunday Closed",,,
Cook Out,449,5670 Indian River Rd,,Virginia Beach,VA,23464,United States,,,,"Monday 9:00 AM - 5:00 PM, Tuesday 9:00 AM - 5:00 PM, Wednesday 9:00 AM - 5:00 PM, Thursday 9:00 AM - 5:00 PM, Friday 9:00 AM - 5:00 PM, Saturday Closed, Sunday Closed",,,
Cook Out,1774,703 N Main St,,Summerville,SC,29483,United States,,,,"Monday 9:00 AM - 5:00 PM, Tuesday 9:00 AM - 5:00 PM, Wednesday 9:00 AM - 5:00 PM, Thursday 9:00 AM - 5:00 PM, Friday 9:00 AM - 5:00 PM, Saturday Closed, Sunday Closed",,,
Cook Out,176,8970 University Blvd,,North Charleston,SC,29406,United States,,,,"Monday 10:30 AM - 2:00 AM, Tuesday 10:30 AM - 2:00 AM, Wednesday 10:30 AM - 2:00 AM, Thursday 10:30 AM - 2:00 AM, Friday 10:30 AM - 2:00 AM, Saturday 10:30 AM - 2:00 AM, Sunday 10:30 AM - 2:00 AM",,,
Cook Out,472,416 25th St,,Huntington,WV,25703,United States,,,,"Monday 9:00 AM - 5:00 PM, Tuesday 9:00 AM - 5:00 PM, Wednesday 9:00 AM - 5:00 PM, Thursday 9:00 AM - 5:00 PM, Friday 9:00 AM - 5:00 PM, Saturday Closed, Sunday Closed",,,
Cook Out,464,2910 Washington Rd,,Augusta,GA,30909,United States,,,,"Monday 9:00 AM - 5:00 PM, Tuesday 9:00 AM - 5:00 PM, Wednesday 9:00 AM - 5:00 PM, Thursday 9:00 AM - 5:00 PM, Friday 9:00 AM - 5:00 PM, Saturday Closed, Sunday Closed",,,
Cook Out,357,1801 Walton Way,,Augusta,GA,30904,United States,,,,"Monday 9:00 AM - 5:00 PM, Tuesday 9:00 AM - 5:00 PM, Wednesday 9:00 AM - 5:00 PM, Thursday 9:00 AM - 5:00 PM, Friday 9:00 AM - 5:00 PM, Saturday Closed, Sunday Closed",,,
Cook Out,361,4088 Jimmie Dyess Pkwy,,Augusta,GA,30909,United States,,,,"Monday 10:30 AM - 3:30 AM, Tuesday 10:30 AM - 3:30 AM, Wednesday 10:30 AM - 3:30 AM, Thursday 10:30 AM - 3:30 AM, Friday 10:30 AM - 4:30 AM, Saturday 10:30 AM - 4:30 AM, Sunday 10:30 AM - 3:30 AM",,,
Cook Out,1741,3012 Peach Orchard Road,,Augusta,GA,30906,United States,,,,"Monday 9:00 AM - 5:00 PM, Tuesday 9:00 AM - 5:00 PM, Wednesday 9:00 AM - 5:00 PM, Thursday 9:00 AM - 5:00 PM, Friday 9:00 AM - 5:00 PM, Saturday Closed, Sunday Closed",,,
Cook Out,1407,1711 N HWY 17,,MT Pleasant,SC,29464,United States,,,,"Monday 9:00 AM - 5:00 PM, Tuesday 9:00 AM - 5:00 PM, Wednesday 9:00 AM - 5:00 PM, Thursday 9:00 AM - 5:00 PM, Friday 9:00 AM - 5:00 PM, Saturday Closed, Sunday Closed",,,
Cook Out,180,2036 Savannah Hwy,,Charleston,SC,29407,United States,,,,"Monday 10:30 AM - 2:00 AM, Tuesday 10:30 AM - 2:00 AM, Wednesday 10:30 AM - 2:00 AM, Thursday 10:30 AM - 2:00 AM, Friday 10:30 AM - 2:00 AM, Saturday 10:30 AM - 2:00 AM, Sunday 10:30 AM - 2:00 AM",,,
Cook Out,397,2135 Cumberland Ave,,Knoxville,TN,37916,United States,,,,"Monday 9:00 AM - 5:00 PM, Tuesday 9:00 AM - 5:00 PM, Wednesday 9:00 AM - 5:00 PM, Thursday 9:00 AM - 5:00 PM, Friday 9:00 AM - 5:00 PM, Saturday Closed, Sunday Closed",,,
Cook Out,430,435 E Emory Rd,,Powell,TN,37849,United States,,,,"Monday 9:00 AM - 5:00 PM, Tuesday 9:00 AM - 5:00 PM, Wednesday 9:00 AM - 5:00 PM, Thursday 9:00 AM - 5:00 PM, Friday 9:00 AM - 5:00 PM, Saturday Closed, Sunday Closed",,,
Cook Out,403,1305 W Lamar Alexander Pkwy,,Maryville,TN,37801,United States,,,,"Monday 9:00 AM - 5:00 PM, Tuesday 9:00 AM - 5:00 PM, Wednesday 9:00 AM - 5:00 PM, Thursday 9:00 AM - 5:00 PM, Friday 9:00 AM - 5:00 PM, Saturday Closed, Sunday Closed",,,
Cook Out,399,6920 Kingston Pike,,Knoxville,TN,37919,United States,,,,"Monday 9:00 AM - 5:00 PM, Tuesday 9:00 AM - 5:00 PM, Wednesday 9:00 AM - 5:00 PM, Thursday 9:00 AM - 5:00 PM, Friday 9:00 AM - 5:00 PM, Saturday Closed, Sunday Closed",,,
Cook Out,1725,321 Cedar Bluff Rd,,Knoxville,TN,37923,United States,,,,"Monday 9:00 AM - 5:00 PM, Tuesday 9:00 AM - 5:00 PM, Wednesday 9:00 AM - 5:00 PM, Thursday 9:00 AM - 5:00 PM, Friday 9:00 AM - 5:00 PM, Saturday Closed, Sunday Closed",,,
Cook Out,1765,275 Stone St.,,Morehead,KY,40351,United States,,,,"Monday 9:00 AM - 5:00 PM, Tuesday 9:00 AM - 5:00 PM, Wednesday 9:00 AM - 5:00 PM, Thursday 9:00 AM - 5:00 PM, Friday 9:00 AM - 5:00 PM, Saturday Closed, Sunday Closed",,,
Cook Out,392,1917 W Broad St,,Athens,GA,30606,United States,,,,"Monday 9:00 AM - 5:00 PM, Tuesday 9:00 AM - 5:00 PM, Wednesday 9:00 AM - 5:00 PM, Thursday 9:00 AM - 5:00 PM, Friday 9:00 AM - 5:00 PM, Saturday Closed, Sunday Closed",,,
Cook Out,359,1020 Jordan Dr,,Athens,GA,30606,United States,,,,"Monday 9:00 AM - 5:00 PM, Tuesday 9:00 AM - 5:00 PM, Wednesday 9:00 AM - 5:00 PM, Thursday 9:00 AM - 5:00 PM, Friday 9:00 AM - 5:00 PM, Saturday Closed, Sunday Closed",,,
Cook Out,465,719 Jesse Jewell Pkwy SW,,Gainesville,GA,30501,United States,,,,"Monday 9:00 AM - 5:00 PM, Tuesday 9:00 AM - 5:00 PM, Wednesday 9:00 AM - 5:00 PM, Thursday 9:00 AM - 5:00 PM, Friday 9:00 AM - 5:00 PM, Saturday Closed, Sunday Closed",,,
Cook Out,396,3626 Mundy Mill Rd,,Gainesville,GA,30504,United States,,,,"Monday 9:00 AM - 5:00 PM, Tuesday 9:00 AM - 5:00 PM, Wednesday 9:00 AM - 5:00 PM, Thursday 9:00 AM - 5:00 PM, Friday 9:00 AM - 5:00 PM, Saturday Closed, Sunday Closed",,,
Cook Out,1733,46 W May Street,,Winder,GA,30680,United States,,,,"Monday 9:00 AM - 5:00 PM, Tuesday 9:00 AM - 5:00 PM, Wednesday 9:00 AM - 5:00 PM, Thursday 9:00 AM - 5:00 PM, Friday 9:00 AM - 5:00 PM, Saturday Closed, Sunday Closed",,,
Cook Out,1749,101 Central Ave,,Hilton Head,SC,29926,United States,,,,"Monday 9:00 AM - 5:00 PM, Tuesday 9:00 AM - 5:00 PM, Wednesday 9:00 AM - 5:00 PM, Thursday 9:00 AM - 5:00 PM, Friday 9:00 AM - 5:00 PM, Saturday Closed, Sunday Closed",,,
Cook Out,1721,1227 Congress Pkwy TN,,Athens,TN,37303,United States,,,,"Monday 9:00 AM - 5:00 PM, Tuesday 9:00 AM - 5:00 PM, Wednesday 9:00 AM - 5:00 PM, Thursday 9:00 AM - 5:00 PM, Friday 9:00 AM - 5:00 PM, Saturday Closed, Sunday Closed",,,
Cook Out,1763,120 Eastern Bypass,,Richmond,KY,40475,United States,,,,"Monday 9:00 AM - 5:00 PM, Tuesday 9:00 AM - 5:00 PM, Wednesday 9:00 AM - 5:00 PM, Thursday 9:00 AM - 5:00 PM, Friday 9:00 AM - 5:00 PM, Saturday Closed, Sunday Closed",,,
Cook Out,352,550 Fair Rd,,Statesboro,GA,30458,United States,,,,"Monday 10:00 AM - 3:30 AM, Tuesday 10:00 AM - 3:30 AM, Wednesday 10:00 AM - 3:30 AM, Thursday 10:00 AM - 3:30 AM, Friday 10:00 AM - 4:30 AM, Saturday 10:00 AM - 4:30 AM, Sunday 10:00 AM - 3:30 AM",,,
Cook Out,474,1115 S Salisbury Blvd,,Salisbury,MD,21804,United States,,,,"Monday 9:00 AM - 5:00 PM, Tuesday 9:00 AM - 5:00 PM, Wednesday 9:00 AM - 5:00 PM, Thursday 9:00 AM - 5:00 PM, Friday 9:00 AM - 5:00 PM, Saturday Closed, Sunday Closed",,,
Cook Out,1739,2019 Scenic Hwy,,Snellville,GA,30078,United States,,,,"Monday 9:00 AM - 5:00 PM, Tuesday 9:00 AM - 5:00 PM, Wednesday 9:00 AM - 5:00 PM, Thursday 9:00 AM - 5:00 PM, Friday 9:00 AM - 5:00 PM, Saturday Closed, Sunday Closed",,,
Cook Out,455,1893 N Columbia St,,Milledgeville,GA,31061,United States,,,,"Monday 9:00 AM - 5:00 PM, Tuesday 9:00 AM - 5:00 PM, Wednesday 9:00 AM - 5:00 PM, Thursday 9:00 AM - 5:00 PM, Friday 9:00 AM - 5:00 PM, Saturday Closed, Sunday Closed",,,
Cook Out,369,480 Pooler Pkwy,,Pooler,GA,31322,United States,,,,"Monday 9:00 AM - 5:00 PM, Tuesday 9:00 AM - 5:00 PM, Wednesday 9:00 AM - 5:00 PM, Thursday 9:00 AM - 5:00 PM, Friday 9:00 AM - 5:00 PM, Saturday Closed, Sunday Closed",,,
Cook Out,466,11475 Haynes Bridge Rd,,Alpharetta,GA,30009,United States,,,,"Monday 9:00 AM - 5:00 PM, Tuesday 9:00 AM - 5:00 PM, Wednesday 9:00 AM - 5:00 PM, Thursday 9:00 AM - 5:00 PM, Friday 9:00 AM - 5:00 PM, Saturday Closed, Sunday Closed",,,
Cook Out,1723,822 25th St,,Cleveland,TN,37311,United States,,,,"Monday 9:00 AM - 5:00 PM, Tuesday 9:00 AM - 5:00 PM, Wednesday 9:00 AM - 5:00 PM, Thursday 9:00 AM - 5:00 PM, Friday 9:00 AM - 5:00 PM, Saturday Closed, Sunday Closed",,,
Cook Out,458,11700 Abercorn St,,Savannah,GA,31419,United States,,,,"Monday 9:00 AM - 5:00 PM, Tuesday 9:00 AM - 5:00 PM, Wednesday 9:00 AM - 5:00 PM, Thursday 9:00 AM - 5:00 PM, Friday 9:00 AM - 5:00 PM, Saturday Closed, Sunday Closed",,,
Cook Out,452,4487 Hugh Howell Rd,,Tucker,GA,30084,United States,,,,"Monday 9:00 AM - 5:00 PM, Tuesday 9:00 AM - 5:00 PM, Wednesday 9:00 AM - 5:00 PM, Thursday 9:00 AM - 5:00 PM, Friday 9:00 AM - 5:00 PM, Saturday Closed, Sunday Closed",,,
Cook Out,400,855 S Broadway,,Lexington,KY,40504,United States,,,,"Monday 9:00 AM - 5:00 PM, Tuesday 9:00 AM - 5:00 PM, Wednesday 9:00 AM - 5:00 PM, Thursday 9:00 AM - 5:00 PM, Friday 9:00 AM - 5:00 PM, Saturday Closed, Sunday Closed",,,
Cook Out,463,2790 Panola Rd,,Lithonia,GA,30058,United States,,,,"Monday 9:00 AM - 5:00 PM, Tuesday 9:00 AM - 5:00 PM, Wednesday 9:00 AM - 5:00 PM, Thursday 9:00 AM - 5:00 PM, Friday 9:00 AM - 5:00 PM, Saturday Closed, Sunday Closed",,,
Cook Out,461,544 Ponce de Leon Ave NE,,Atlanta,GA,30308,United States,,,,"Monday 9:00 AM - 5:00 PM, Tuesday 9:00 AM - 5:00 PM, Wednesday 9:00 AM - 5:00 PM, Thursday 9:00 AM - 5:00 PM, Friday 9:00 AM - 5:00 PM, Saturday Closed, Sunday Closed",,,
Cook Out,1729,1257 Glenwood Ave,,Dalton,GA,30721,United States,,,,"Monday 9:00 AM - 5:00 PM, Tuesday 9:00 AM - 5:00 PM, Wednesday 9:00 AM - 5:00 PM, Thursday 9:00 AM - 5:00 PM, Friday 9:00 AM - 5:00 PM, Saturday Closed, Sunday Closed",,,
Cook Out,456,403 Moreland Ave SE,,Atlanta,GA,30316,United States,,,,"Monday 9:00 AM - 5:00 PM, Tuesday 9:00 AM - 5:00 PM, Wednesday 9:00 AM - 5:00 PM, Thursday 9:00 AM - 5:00 PM, Friday 9:00 AM - 5:00 PM, Saturday Closed, Sunday Closed",,,
Cook Out,460,745 Chastain Rd NW,,Kennesaw,GA,30144,United States,,,,"Monday 9:00 AM - 5:00 PM, Tuesday 9:00 AM - 5:00 PM, Wednesday 9:00 AM - 5:00 PM, Thursday 9:00 AM - 5:00 PM, Friday 9:00 AM - 5:00 PM, Saturday Closed, Sunday Closed",,,
Cook Out,1735,9 Cobb Pkwy,,Marietta,GA,30062,United States,,,,"Monday 9:00 AM - 5:00 PM, Tuesday 9:00 AM - 5:00 PM, Wednesday 9:00 AM - 5:00 PM, Thursday 9:00 AM - 5:00 PM, Friday 9:00 AM - 5:00 PM, Saturday Closed, Sunday Closed",,,
Cook Out,462,1112 Northside Dr NW,,Atlanta,GA,30318,United States,,,,"Monday 9:00 AM - 5:00 PM, Tuesday 9:00 AM - 5:00 PM, Wednesday 9:00 AM - 5:00 PM, Thursday 9:00 AM - 5:00 PM, Friday 9:00 AM - 5:00 PM, Saturday Closed, Sunday Closed",,,
Cook Out,459,6273 Jonesboro Rd,,Morrow,GA,30260,United States,,,,"Monday 9:00 AM - 5:00 PM, Tuesday 9:00 AM - 5:00 PM, Wednesday 9:00 AM - 5:00 PM, Thursday 9:00 AM - 5:00 PM, Friday 9:00 AM - 5:00 PM, Saturday Closed, Sunday Closed",,,
Cook Out,1409,705 W Oglethorpe Hwy,,Hinesville,GA,31313,United States,,,,"Monday 9:00 AM - 5:00 PM, Tuesday 9:00 AM - 5:00 PM, Wednesday 9:00 AM - 5:00 PM, Thursday 9:00 AM - 5:00 PM, Friday 9:00 AM - 5:00 PM, Saturday Closed, Sunday Closed",,,
Cook Out,398,3800 Austell Rd SW,,Marietta,GA,30008,United States,,,,"Monday 9:00 AM - 5:00 PM, Tuesday 9:00 AM - 5:00 PM, Wednesday 9:00 AM - 5:00 PM, Thursday 9:00 AM - 5:00 PM, Friday 9:00 AM - 5:00 PM, Saturday Closed, Sunday Closed",,,
Cook Out,426,5001 Brainerd Rd,,Chattanooga,TN,37421,United States,,,,"Monday 9:00 AM - 5:00 PM, Tuesday 9:00 AM - 5:00 PM, Wednesday 9:00 AM - 5:00 PM, Thursday 9:00 AM - 5:00 PM, Friday 9:00 AM - 5:00 PM, Saturday Closed, Sunday Closed",,,
Cook Out,422,5390 TN-153,,Chattanooga,TN,37343,United States,,,,"Monday 9:00 AM - 5:00 PM, Tuesday 9:00 AM - 5:00 PM, Wednesday 9:00 AM - 5:00 PM, Thursday 9:00 AM - 5:00 PM, Friday 9:00 AM - 5:00 PM, Saturday Closed, Sunday Closed",,,
Cook Out,1737,6897 GA – 85,,Riverdale,GA,30274,United States,,,,"Monday 9:00 AM - 5:00 PM, Tuesday 9:00 AM - 5:00 PM, Wednesday 9:00 AM - 5:00 PM, Thursday 9:00 AM - 5:00 PM, Friday 9:00 AM - 5:00 PM, Saturday Closed, Sunday Closed",,,
Cook Out,470,1234 US Highway 127 S,,Frankfort,KY,40601,United States,,,,"Monday 9:00 AM - 5:00 PM, Tuesday 9:00 AM - 5:00 PM, Wednesday 9:00 AM - 5:00 PM, Thursday 9:00 AM - 5:00 PM, Friday 9:00 AM - 5:00 PM, Saturday Closed, Sunday Closed",,,
Cook Out,1731,920 Battlefield Pkwy,,Fort Oglethorpe,GA,30742,United States,,,,"Monday 9:00 AM - 5:00 PM, Tuesday 9:00 AM - 5:00 PM, Wednesday 9:00 AM - 5:00 PM, Thursday 9:00 AM - 5:00 PM, Friday 9:00 AM - 5:00 PM, Saturday Closed, Sunday Closed",,,
Cook Out,1403,5001 Brookhaven Rd,,Macon,GA,31206,United States,,,,"Monday 9:00 AM - 5:00 PM, Tuesday 9:00 AM - 5:00 PM, Wednesday 9:00 AM - 5:00 PM, Thursday 9:00 AM - 5:00 PM, Friday 9:00 AM - 5:00 PM, Saturday Closed, Sunday Closed",,,
Cook Out,416,869 S Jefferson Ave,,Cookeville,TN,38501,United States,,,,"Monday 9:00 AM - 5:00 PM, Tuesday 9:00 AM - 5:00 PM, Wednesday 9:00 AM - 5:00 PM, Thursday 9:00 AM - 5:00 PM, Friday 9:00 AM - 5:00 PM, Saturday Closed, Sunday Closed",,,
Cook Out,390,113 Richard B Russell Pkwy,,Warner Robins,GA,31088,United States,,,,"Monday 9:00 AM - 5:00 PM, Tuesday 9:00 AM - 5:00 PM, Wednesday 9:00 AM - 5:00 PM, Thursday 9:00 AM - 5:00 PM, Friday 9:00 AM - 5:00 PM, Saturday Closed, Sunday Closed",,,
Cook Out,1417,3061 Watson Blvd.,,Warner Robins,GA,31093,United States,,,,"Monday 9:00 AM - 5:00 PM, Tuesday 9:00 AM - 5:00 PM, Wednesday 9:00 AM - 5:00 PM, Thursday 9:00 AM - 5:00 PM, Friday 9:00 AM - 5:00 PM, Saturday Closed, Sunday Closed",,,
Cook Out,457,808 Martha Berry Blvd NE,,Rome,GA,30165,United States,,,,"Monday 9:00 AM - 5:00 PM, Tuesday 9:00 AM - 5:00 PM, Wednesday 9:00 AM - 5:00 PM, Thursday 9:00 AM - 5:00 PM, Friday 9:00 AM - 5:00 PM, Saturday Closed, Sunday Closed",,,
Cook Out,394,904 S Park St,,Carrollton,GA,30117,United States,,,,"Monday 9:00 AM - 5:00 PM, Tuesday 9:00 AM - 5:00 PM, Wednesday 9:00 AM - 5:00 PM, Thursday 9:00 AM - 5:00 PM, Friday 9:00 AM - 5:00 PM, Saturday Closed, Sunday Closed",,,
Cook Out,1454,107 Legends Drive,,Lenanon,TN,37087,United States,,,,"Monday 9:00 AM - 5:00 PM, Tuesday 9:00 AM - 5:00 PM, Wednesday 9:00 AM - 5:00 PM, Thursday 9:00 AM - 5:00 PM, Friday 9:00 AM - 5:00 PM, Saturday Closed, Sunday Closed",,,
Cook Out,405,2919 S Rutherford Blvd,,Murfreesboro,TN,37130,United States,,,,"Monday 9:00 AM - 5:00 PM, Tuesday 9:00 AM - 5:00 PM, Wednesday 9:00 AM - 5:00 PM, Thursday 9:00 AM - 5:00 PM, Friday 9:00 AM - 5:00 PM, Saturday Closed, Sunday Closed",,,
Cook Out,1780,1620 Memorial Blvd,,Murfreesboro,TN,37129,United States,,,,"Monday 9:00 AM - 5:00 PM, Tuesday 9:00 AM - 5:00 PM, Wednesday 9:00 AM - 5:00 PM, Thursday 9:00 AM - 5:00 PM, Friday 9:00 AM - 5:00 PM, Saturday Closed, Sunday Closed",,,
Cook Out,1452,402 S. Pelham,,Jacksonville,AL,36235,United States,,,,"Monday 9:00 AM - 5:00 PM, Tuesday 9:00 AM - 5:00 PM, Wednesday 9:00 AM - 5:00 PM, Thursday 9:00 AM - 5:00 PM, Friday 9:00 AM - 5:00 PM, Saturday Closed, Sunday Closed",,,
Cook Out,402,730 Campbell Ln,,Bowling Green,KY,42101,United States,,,,"Monday 9:00 AM - 5:00 PM, Tuesday 9:00 AM - 5:00 PM, Wednesday 9:00 AM - 5:00 PM, Thursday 9:00 AM - 5:00 PM, Friday 9:00 AM - 5:00 PM, Saturday Closed, Sunday Closed",,,
Cook Out,424,491 Sam Ridley Pkwy W,,Smyrna,TN,37167,United States,,,,"Monday 9:00 AM - 5:00 PM, Tuesday 9:00 AM - 5:00 PM, Wednesday 9:00 AM - 5:00 PM, Thursday 9:00 AM - 5:00 PM, Friday 9:00 AM - 5:00 PM, Saturday Closed, Sunday Closed",,,
Cook Out,420,2102 Gallatin Pike N,,Madison,TN,37115,United States,,,,"Monday 9:00 AM - 5:00 PM, Tuesday 9:00 AM - 5:00 PM, Wednesday 9:00 AM - 5:00 PM, Thursday 9:00 AM - 5:00 PM, Friday 9:00 AM - 5:00 PM, Saturday Closed, Sunday Closed",,,
Cook Out,414,2910 Gallatin Pike,,Nashville,TN,37216,United States,,,,"Monday 9:00 AM - 5:00 PM, Tuesday 9:00 AM - 5:00 PM, Wednesday 9:00 AM - 5:00 PM, Thursday 9:00 AM - 5:00 PM, Friday 9:00 AM - 5:00 PM, Saturday Closed, Sunday Closed",,,
Cook Out,412,1807 West End Ave,,Nashville,TN,37203,United States,,,,"Monday 9:00 AM - 5:00 PM, Tuesday 9:00 AM - 5:00 PM, Wednesday 9:00 AM - 5:00 PM, Thursday 9:00 AM - 5:00 PM, Friday 9:00 AM - 5:00 PM, Saturday Closed, Sunday Closed",,,
Cook Out,1719,5802 Charlotte Pike,,Nashville,TN,37209,United States,,,,"Monday 9:00 AM - 5:00 PM, Tuesday 9:00 AM - 5:00 PM, Wednesday 9:00 AM - 5:00 PM, Thursday 9:00 AM - 5:00 PM, Friday 9:00 AM - 5:00 PM, Saturday Closed, Sunday Closed",,,
Cook Out,1778,2892 Wilma Rudolph Blvd,,Clarksville,TN,37040,United States,,,,"Monday 9:00 AM - 5:00 PM, Tuesday 9:00 AM - 5:00 PM, Wednesday 9:00 AM - 5:00 PM, Thursday 9:00 AM - 5:00 PM, Friday 9:00 AM - 5:00 PM, Saturday Closed, Sunday Closed",,,
Cook Out,410,804 N 2nd St,,Clarksville,TN,37040,United States,,,,"Monday 9:00 AM - 5:00 PM, Tuesday 9:00 AM - 5:00 PM, Wednesday 9:00 AM - 5:00 PM, Thursday 9:00 AM - 5:00 PM, Friday 9:00 AM - 5:00 PM, Saturday Closed, Sunday Closed",,,
Cook Out,428,109 Mathis Dr,,Dickson,TN,37055,United States,,,,"Monday 9:00 AM - 5:00 PM, Tuesday 9:00 AM - 5:00 PM, Wednesday 9:00 AM - 5:00 PM, Thursday 9:00 AM - 5:00 PM, Friday 9:00 AM - 5:00 PM, Saturday Closed, Sunday Closed",,,
Cook Out,469,205 N 12th St,,Murray,KY,42071,United States,,,,"Monday 9:00 AM - 5:00 PM, Tuesday 9:00 AM - 5:00 PM, Wednesday 9:00 AM - 5:00 PM, Thursday 9:00 AM - 5:00 PM, Friday 9:00 AM - 5:00 PM, Saturday Closed, Sunday Closed",,,
Cook Out,1727,100 15th St E,,Tuscaloosa,AL,35401,United States,,,,"Monday 9:00 AM - 5:00 PM, Tuesday 9:00 AM - 5:00 PM, Wednesday 9:00 AM - 5:00 PM, Thursday 9:00 AM - 5:00 PM, Friday 9:00 AM - 5:00 PM, Saturday Closed, Sunday Closed",,,
Cook Out,1715,102 MS-12,,Starkville,MS,39759,United States,,,,"Monday 9:00 AM - 5:00 PM, Tuesday 9:00 AM - 5:00 PM, Wednesday 9:00 AM - 5:00 PM, Thursday 9:00 AM - 5:00 PM, Friday 9:00 AM - 5:00 PM, Saturday Closed, Sunday Closed",,,
Cook Out,1713,2195 Jackson Ave W,,Oxford,MS,38655,United States,,,,"Monday 9:00 AM - 5:00 PM, Tuesday 9:00 AM - 5:00 PM, Wednesday 9:00 AM - 5:00 PM, Thursday 9:00 AM - 5:00 PM, Friday 9:00 AM - 5:00 PM, Saturday Closed, Sunday Closed",,,
Cook Out,1386,757 South Highland Street,,Memphis,TN,38111,United States,,,,"Monday 9:00 AM - 5:00 PM, Tuesday 9:00 AM - 5:00 PM, Wednesday 9:00 AM - 5:00 PM, Thursday 9:00 AM - 5:00 PM, Friday 9:00 AM - 5:00 PM, Saturday Closed, Sunday Closed",,,
Cook Out,1711,3601 Hardy St,,Hattiesburg,MS,39402,United States,,,,"Monday 9:00 AM - 5:00 PM, Tuesday 9:00 AM - 5:00 PM, Wednesday 9:00 AM - 5:00 PM, Thursday 9:00 AM - 5:00 PM, Friday 9:00 AM - 5:00 PM, Saturday Closed, Sunday Closed",,,
