store_name,store_number,address,address2,city,state,zip_code,country,phone_number,latitude,longitude,store_hours,store_type,other_fields,coming_soon
OAKVILLE MEDICAL ARTS PHARMACY,565825,358 REYNOLDS ST,,OAKVILLE,ON,L6J 3L9,Canada,(905) 844-1671,43.453486,-79.675477,,,,
WALSH'S IDA PHARMACY,560237,129 MAIN ST S BOX 700,,MOUNT FOREST,ON,N0G 2L0,Canada,(519) 323-1221,43.981093,-80.735865,,,,
Waterdown IDA Pharmacy,556301,115 Hamilton Street North,,Waterdown,ON,L0R 2H6,Canada,(905) 689-0999,43.336235,-79.903213,,,,
HEALTH AID PHARMACY,566287,12918-167 Avenue,,EDMONTON,AB,T6V 1J6,Canada,(780) 244-0803,53.628749,-113.55034,,,,
MARTINDALE IDA PHARMACY,562723,211 MARTINDALE RD,,ST CATHARINES,ON,L2S 3V7,Canada,(905) 685-7117,43.171254,-79.274082,,,,
Henley Gardens Pharmacy,520547,1089 Kingston Road Unit 5,,Scarborough,ON,M1N 4E4,Canada,(416) 693-8888,43.680892,-79.283305,,,,
Truscott Pharmacy,506968,2425 Truscott Drive,,Mississauga,ON,L5J 2B4,Canada,(905) 822-1614,43.511777,-79.647643,,,,
Gore Pharmacy,545782,4515 Ebenezer Road,,Brampton,ON,L6P 2K7,Canada,(905) 794-5003,43.772588,-79.66239,,,,
Hunts Pharmacy,544814,6 Speers Boulevard,,Amherstview,ON,K7N 1Z6,Canada,(613) 389-8800,44.214867,-76.660149,,,,
TWO HILLS PHARMACY,566133,2- 5002 DIEFENBAKER AVE,,TWO HILLS,AB,T0B 4K0,Canada,(780) 657-3530,53.710646,-111.743802,,,,
GURU NANAK DEV PHARMACENTRE,544588,2200 EGLINTON AVE W,,MISSISSAUGA,ON,L5M 2N1,Canada,(905) 813-3970,43.55935,-79.703246,,,,
DUSK IDA PHARMACY,560820,55 DUSK DR,,BRAMPTON,ON,L6Y 5Z6,Canada,(905) 451-9999,43.654918,-79.768749,,,,
MCINTYRE PHARMACY,561150,238 MAIN ST BOX 35,,PARKHILL,ON,N0M 2K0,Canada,(519) 294-6314,43.16227,-81.684218,,,,
WINNIPEGOSIS CLINIC PHARMACY,562954,200 1st Street,,WINNIPEGOSIS,MB,R0L 2G0,Canada,(204) 656-4424,51.647158,-99.926358,,,,
LACOMBE IDA PHARMACY,566551,5019- 51 ST,,LACOMBE,AB,T4L 2A3,Canada,(403) 789-3333,52.463817,-113.731939,,,,
Innovation Pharmacy,556266,40 Innovation Drive,,Vaughan,ON,L4H 0T2,Canada,(905) 856-5557,43.788297,-79.625839,,,,
Meadows Pharmacy,512921,3493 Portage Road,,Niagara Falls,ON,L2J 2K5,Canada,(905) 354-3023,43.121686,-79.099616,,,,
STAFFORD IDA PHARMACY,564252,1861 ROBERTSON RD,,NEPEAN,ON,K2H 9N5,Canada,(613) 726-7999,45.328,-75.82105,,,,
CARLING IDA PHARMACY,560567,1320 CARLING AVE,,OTTAWA,ON,K1Z 7K8,Canada,(613) 722-7774,45.385453,-75.735034,,,,
IDA PLATINUM CARE PHARMACY,562701,3 3238 KING GEORGE BLVD,,SURREY,BC,V4P 1A5,Canada,(604) 385-0188,49.060944,-122.811905,,,,
JOHNSON'S PHARMACY,563207,116 MAIN STREET SOUTH,,KENORA,ON,P9N 1S9,Canada,(807) 468-7412,49.76723,-94.49041,,,,
High Level Valu Drugs,550350,10204 100 Avenue PO Box 1449,,High Level,AB,T0H 1Z0,Canada,(780) 926-3516,58.519656,-117.135214,,,,
Meadows Pharmacy,512932,3770 Montrose Road,,Niagara Falls,ON,L2H 3K3,Canada,(905) 357-6577,43.118591,-79.124908,,,,
Boggio Pharmacy,514923,200 Catharine Street,,Port Colborne,ON,L3K 4K8,Canada,(905) 834-3514,42.885165,-79.252769,,,,
Niagara Pharmacy,559984,3700 Main Street,,Niagara Falls,ON,L2G 6A8,Canada,(289) 296-2845,43.059411,-79.050134,,,,
Aldergrove Community Pharmacy IDA,546928,27105 Fraser Hwy,,Aldergrove,BC,V4W 3R2,Canada,(604) 607-7404,49.05828,-122.473429,,,,
Virden Drugs,566221,310 King St E,,VIRDEN,MB,R0M 2C0,Canada,,49.849603,-100.930463,,,,
ROCKY MOUNTAIN IDA PHARMACY,566375,UNIT B 5033 50TH ST,,ROCKY MOUNTAIN HOUSE,AB,T4T 1A1,Canada,(403) 871-5572,52.375737,-114.91906,,,,
MISSISSAUGA HOSPITAL PHARMACENTRE,564164,100 QUEENSWAY W,,MISSISSAUGA,ON,L5B 1B8,Canada,(905) 848-7599,43.571376,-79.608335,,,,
ALLAURA PHARMACY,566738,2 ALLAURA BLVD,,AURORA,ON,L4G 3S5,Canada,(647) 881-0030,43.98433,-79.463099,,,,
Bay College I.D.A.,546311,790 Bay Street,,Toronto,ON,M5G 1N8,Canada,(416) 640-7700,43.66038,-79.386056,,,,
BURLINGTON HEIGHTS IDA PHARMACY,566408,1505 GUELPH LINE,,BURLINGTON,ON,L7P 3B6,Canada,(905) 331-3338,43.364848,-79.819761,,,,
Varsity Pharmacy,554051,"291 MacEwan Student Centre, 2500 University Drive NW",,Calgary,AB,T2N 1N4,Canada,(403) 282-0100,51.078448,-114.131717,,,,
Burlington Drug Mart,506316,701 Guelph Line,,Burlington,ON,L7R 3M7,Canada,(905) 634-0770,43.345142,-79.794514,,,,
Forest Hill Pharmacy,510366,720 Westmount Road E,,Kitchener,ON,N2E 2M6,Canada,(519) 745-7305,43.41951,-80.501684,,,,
Third Avenue Pharmacy,558950,1467 Third Avenue,,Prince George,BC,V2L 3G1,Canada,(250) 564-7147,53.917722,-122.748634,,,,
Woodland Pharmacy,544026,3353 The Credit Woodlands,,Mississauga,ON,L5C 2K1,Canada,(905) 279-5353,43.559018,-79.657404,,,,
Rainbow I.D.A. Pharmacy,546570,3018 Don Mills Road,,Willowdale,ON,M2J 3C1,Canada,(416) 491-3570,43.78573,-79.350922,,,,
Mount Ida Pharmacy,548223,"200 Trans Canada Highway SW, PO Box 277",,Salmon Arm,BC,V1E 1V4,Canada,(250) 804-0844,50.699646,-119.288285,,,,
South End Pharmacy,549178,"Unit 3, 115 Downey Road",,Guelph,ON,N1C 1A2,Canada,(519) 823-2500,43.500028,-80.237602,,,,
G & E Pharmacy,502165,7326 82 Avenue,,Edmonton,AB,T6B 0G2,Canada,(780) 469-7667,53.518288,-113.440817,,,,
Huntsville's Hometown Drugstore,559346,10 Main Street E,,Huntsville,ON,P1H 2C9,Canada,(705) 789-2561,45.326338,-79.219314,,,,
Pharmamir Pharmacy,559445,1572 Main Street,,Winnipeg,MB,R2W 5J8,Canada,(204) 334-1572,49.93028,-97.122646,,,,
Erin Mills I.D.A. Pharmacy,512144,4099 Erin Mills Parkway,,Mississauga,ON,L5L 3P9,Canada,(905) 820-3761,43.550893,-79.687735,,,,
East Whitby Pharmacy,551182,"1916 Dundas Street East, Unit 6",,Whitby,ON,L1N 2L6,Canada,(905) 435-1100,43.889108,-78.901207,,,,
Barriere I.D.A. Pharmacy,543870,4480 Barriere Town Road,,Barriere,BC,V0E 1E0,Canada,(250) 672-9791,51.177871,-120.125493,,,,
Albion Finch Pharmacy,556154,6230 Finch Avenue West,,Toronto,ON,M9V 0A1,Canada,(416) 743-2100,43.741473,-79.589137,,,,
Island Pharmacy #10,558873,284 Helmcken Road,,Victoria,BC,V9B 1T2,Canada,(250) 881-8887,48.455605,-123.441267,,,,
Procare Pharmacy,542643,"9019 Bayview Avenue, Unit 8",,Richmond Hill,ON,L4B 3M6,Canada,(905) 889-3466,43.851024,-79.408085,,,,
Campus Drug Mart,552576,35 Harvard Road,,Guelph,ON,N1G 3A2,Canada,(519) 823-5511,43.524124,-80.223783,,,,
Sutton Apothecary,553858,121 High Street,,Sutton,ON,L0E 1R0,Canada,(905) 722-3302,44.303984,-79.358853,,,,
Queen Street Pharmacy,552543,79 Queen Street West,,Brampton,ON,L6Y 1M2,Canada,(289) 752-7993,43.684519,-79.761276,,,,
Downtown Pharmacy,558158,191 Castor Street,,Russell,ON,K4R 1C7,Canada,(613) 445-1223,45.257606,-75.357332,,,,
WEST BROADWAY PHARMACY,563141,595 BROADWAY,,WINNIPEG,MB,R3C 0W6,Canada,(204) 775-9293,49.871817,-97.186819,,,,
Glen Cade Pharmacy,538683,290 The West Mall,,Etobicoke,ON,M9C 1C6,Canada,(416) 622-2111,43.634648,-79.562566,,,,
PHARMCARE CENTRE,522347,882 Wilson Avenue,,North York,ON,M3K 1E7,Canada,(416) 245-1221,43.730499,-79.468468,,,,
FAMILY PHARMACY 46 ST,563240,5120 46 ST,,LLOYDMINSTER,AB,T9V 2P7,Canada,(780) 871-5388,53.280059,-110.010175,,,,
Lily Pharmacy - Downsview,557861,2721 Jane Street,,Toronto,ON,M3L 1S3,Canada,(416) 748-3572,43.740756,-79.513514,,,,
Heart Pharmacy Cadboro Bay,558895,3825 Cadboro Bay Road,,Victoria,BC,V8N 4G1,Canada,(250) 477-2131,48.46106,-123.297566,,,,
Highland Drug Mart,552993,222 Colborne Street,,Port Stanley,ON,N5L 1C2,Canada,(519) 782-3324,42.66595,-81.211962,,,,
Fairview Pharmacy,512155,3355 Hurontario Street,,Mississauga,ON,L5A 4E7,Canada,(905) 566-7393,43.587395,-79.626409,,,,
LATORIA PHARMACY,563955,115 - 611 BROOKSIDE RD,,VICTORIA,BC,V9C 0C3,Canada,(250) 590-7012,48.396443,-123.537948,,,,
Mornelle Drug Mart,521987,"1200 Markham Road, unit 101",,Scarborough,ON,M1H 3C3,Canada,(416) 289-2010,43.776614,-79.231771,,,,
Princeton Pharmacy,553364,"3-136 Tapton, P.O Box 1828",,Princeton,BC,V0X 1W0,Canada,(250) 295-7670,49.457927,-120.507657,,,,
Gravenhurst Pharmacy,534958,180 Brock Street,,Gravenhurst,ON,P1P 1X2,Canada,(705) 687-2207,44.921223,-79.373303,,,,
Pleasant View Pharmacy,545567,2754 Victoria Park Avenue,,North York,ON,M2J 4A8,Canada,(416) 497-1777,43.786832,-79.328936,,,,
Mel's Pharmacy,541203,"232 - 3rd Street, Box 354",,Craik,SK,S0G 0V0,Canada,(306) 734-2215,51.052086,-105.82238,,,,
CORDOVA BAY PHARMACY,560534,#1 - 5166 Cordova Bay Rd,,Victoria,BC,V8Y 2K6,Canada,(250) 590-6053,48.524169,-123.367988,,,,
Brant Arts Dispensary,548493,672 Brant Street,,Burlington,ON,L7R 2H3,Canada,(905) 637-3833,43.330837,-79.80532,,,,
CARAVAGGIO IDA DRUGS,560061,128 MAIN ST E,,SHELBURNE,ON,L9N 3K3,Canada,(519) 925-2729,44.078616,-80.20313,,,,
Jenna's I.D.A. Pharmacy,551171,"796 Burnhamthorpe Road West, Unit 2",,Mississauga,ON,L5C 2R9,Canada,(905) 306-0111,43.576636,-79.65467,,,,
Yale Road Pharmacy,555816,101 - 46198 Yale Road,,Chilliwack,BC,V2P 2P1,Canada,(604) 795-1157,49.171116,-121.951477,,,,
Pleasant Park Pharmacy,557388,1024 Pleasant Park Road,,Ottawa,ON,K1G 2A1,Canada,(613) 733-2211,45.395502,-75.622056,,,,
North York Pharmacy,522112,5631Yonge Street,,Toronto,ON,M2M 3S9,Canada,(416) 512-1833,43.780633,-79.415546,,,,
Roulstons Pharmacy,514980,414 Main Street,,Port Dover,ON,N0A 1N0,Canada,(519) 583-2100,42.788027,-80.205204,,,,
PARKSIDE PHARMACY,560105,4062 CONFEDERATION PKWY,,MISSISSAUGA,ON,L5B 0G4,Canada,(289) 914-0099,43.588625,-79.649626,,,,
WESTON DOWNS PHARMACY,562657,9000 WESTON RD,,WOODBRIDGE,ON,L4L 1A6,Canada,(905) 605-7080,43.821237,-79.55595,,,,
Beaverbrook Pharmacy,554861,1261 Beaverbrook Avenue,,London,ON,N6H 0G6,Canada,(519) 641-1499,42.99053,-81.292847,,,,
Life Compounding Pharmacy,558081,9425 Leslie Street,,Richmond Hill,ON,L4B 3N7,Canada,(647) 725-9338,43.866086,-79.387103,,,,
PROCARE PHARMACY,561293,795 BROADVIEW AVE,,TORONTO,ON,M4K 2P5,Canada,(416) 546-2422,43.677738,-79.35847,,,,
Beach-West Pharmacy,505225,1858 Beachburg Road,,Beachburg,ON,K0J 1C0,Canada,(613) 582-3333,45.735711,-76.859826,,,,
Sandstone Pharmacies Blackfalds,550675,"2, 5013 Parkwood Road",,Blackfalds,AB,T0M 0J0,Canada,(403) 885-2000,52.380145,-113.789439,,,,
Sandwich Pharmacy,546377,3211 Sandwich Street,,Windsor,ON,N9C 1A9,Canada,(519) 254-8247,42.301652,-83.075844,,,,
Noble I.D.A. Pharmacy,558719,2934 Eglinton Avenue East,,Scarborough,ON,M1J 2E4,Canada,(416) 667-8488,43.739458,-79.235652,,,,
Logan Lake Pharmacy,548965,108 Chartrand Avenue,,Logan Lake,BC,V0K 1W0,Canada,(250) 523-2302,50.492891,-120.81367,,,,
ANDREW PHARMACY AND HOME HEALTH CARE,564472,5015 50TH ST,,ANDREW,AB,T0B 0C0,Canada,,53.879833,-112.331824,,,,
COPPER RIDGE PHARMACY,561447,8015 FINANCIAL DR,,BRAMPTON,ON,L6Y 6A1,Canada,(905) 453-9003,43.632115,-79.770415,,,,
Arnica Medical Pharmacy,533542,162 Huston Street,,Burk's Falls,ON,P0A 1C0,Canada,(705) 382-2111,45.617421,-79.404164,,,,
Sandstone Pharmacies Nanton,548144,2212 - 20 Street,,Nanton,AB,T0L 1R0,Canada,(403) 646-2166,50.347606,-113.774472,,,,
MEDPROHEALTH PHARMACY,563251,4903 THOMAS ALTON BLVD,,BURLINGTON,ON,L7M 0W8,Canada,(905) 336-0999,43.409607,-79.814751,,,,
Wasaga Beach Pharmacy,517893,30 - 45th Street,,Wasaga Beach,ON,L9Z 0A6,Canada,(705) 429-7557,44.473375,-80.076305,,,,
Sandstone Pharmacies Sprague,550473,727 7th Avenue SW,,Calgary,AB,T2P 0Z5,Canada,(403) 264-7195,51.046939,-114.07862,,,,
Lively Pharmacy,510952,605 Main Street,,Lively,ON,P3Y 1M9,Canada,(705) 692-3214,46.438412,-81.146698,,,,
FORTUNE CREEK PHARMACY,561249,2 2860 SMITH DR,,Armstrong,BC,V0E 1B1,Canada,(250) 546-1411,50.442412,-119.183787,,,,
M & D Sheppard Pharmacy,551586,872 Sheppard Avenue West,,Toronto,ON,M3H 5V5,Canada,(416) 633-6800,43.752211,-79.454283,,,,
HIGHLAND PLAZA IDA,565484,75 DUNDAS ST N UNIT 3,,CAMBRIDGE,ON,N1R 6G5,Canada,(519) 740-7070,43.358573,-80.291352,,,,
Carl's IDA Pharmacy,514956,1207 Hurontario Street,,Mississauga,ON,L5G 3H2,Canada,(905) 278-7041,43.55915,-79.587117,,,,
Thriftway Pharmacy,502727,702 13th Street N,,Lethbridge,AB,T1H 2T1,Canada,(403) 327-0340,49.709338,-112.824275,,,,
Pharmacy 1909,532664,1909 Tecumseh Road E,,Windsor,ON,N8W 1C9,Canada,(519) 977-0090,42.301401,-82.999322,,,,
Proactive Pharmacy,556031,1645 Bank Street,,Ottawa,ON,K1V 7Z1,Canada,(613) 521-1200,45.377171,-75.666715,,,,
DON MILLS IDA PHARMACY,561238,1300 DON MILLS RD,,NORTH YORK,ON,M3B 2W6,Canada,(416) 391-3828,43.745472,-79.346159,,,,
Island Pharmacy #6,552756,26 - 1400 Cowichan Bay Road,,Cobble Hill,BC,V0R 1L3,Canada,(250) 743-1448,48.71072,-123.607791,,,,
Fittons Pharmacy,555030,"425 West Street North, Unit 20/20B",,Orillia,ON,L3V 7R2,Canada,(705) 325-2999,44.622766,-79.434268,,,,
York Super Pharmacy,507047,500 Division Street,,Cobourg,ON,K9A 3S4,Canada,(905) 372-7171,43.966721,-78.168588,,,,
Roulstons Pharmacy,516240,17 Norfolk Street South,,Simcoe,ON,N3Y 2V8,Canada,(519) 426-1731,42.836925,-80.303842,,,,
Bancroft I.D.A. Drug Mart,554501,90 Hastings Street N PO Box 567,,Bancroft,ON,K0L 1C0,Canada,(613) 332-4046,45.058976,-77.854696,,,,
NORTH END FARMACIA,564857,3 COLBOURNE ST,,HAMILTON,ON,L8R 2G2,Canada,(905) 526-6464,43.263424,-79.866329,,,,
Lingeman I.D.A. Pharmacy,521223,411 Jane Street,,Toronto,ON,M6S 3Z6,Canada,(416) 767-8409,43.658691,-79.488169,,,,
Main Drug Mart,529727,3265 Bayview Avenue,,Toronto,ON,M2K 1G4,Canada,(416) 222-5484,43.789127,-79.392959,,,,
Warden Pharmacy,554242,119 - 30 Gibson Drive,,Markham,ON,L3R 2S3,Canada,(905) 604-7188,43.823157,-79.328906,,,,
Kaslo Community Pharmacy,556740,403 Front Street,,Kaslo,BC,V0G 1M0,Canada,(250) 353-2224,49.911827,-116.903881,,,,
Heritage Pharmacy,520571,9275 Markham Road,,Markham,ON,L6E 1A3,Canada,(905) 471-6084,43.891835,-79.263346,,,,
SANDSTONE ENHANCED CARE SOLUTIONS,564153,4405 9 ST SE,,CALGARY,AB,T2G 3C8,Canada,(403) 217-5163,51.014871,-114.041032,,,,
PIDSADOWSKI'S IDA PHARMACY,559940,10030 106 ST UNIT 103,,WESTLOCK,AB,T7P 2K4,Canada,(780) 349-6320,54.155898,-113.858902,,,,
LAKEFIELD PHARMACY,564439,32 QUEEN ST,,LAKEFIELD,ON,K0L 2H0,Canada,(705) 652-8184,44.423028,-78.271449,,,,
Forbes Pharmacy - Fort Street,559511,1775 Fort Street,,Victoria,BC,V8R 1J3,Canada,(250) 595-1471,48.429248,-123.330536,,,,
Plaza Pharmacy,539504,"#174, 2655 Clearbrook Road",,Abbotsford,BC,V2T 2Y6,Canada,(604) 504-4460,49.050555,-122.337582,,,,
Lumsden Drugs,541506,365 James Street N.,,Lumsden,SK,S0G 3C0,Canada,(306) 731-2464,50.645299,-104.86765,,,,
Winfield I.D.A. Pharmacy,546232,"#50, 9522 Main Street",,Winfield,BC,V4V 2L9,Canada,(250) 766-2666,50.020376,-119.404521,,,,
Marmar Pharmacy,551575,212-1200 Burrard Street,,Vancouver,BC,V6Z 2C7,Canada,(604) 453-0211,49.279082,-123.129189,,,,
BLOOR VALLEY PHARMACY,563053,628 BLOOR STREET EAST,,MISSISSAUGA,ON,L5A 3V9,Canada,(905) 232-2333,43.599245,-79.61235,,,,
University Pharmacy,544151,5754 University Boulevard,,Vancouver,BC,V6T 1K6,Canada,(604) 224-3202,49.265522,-123.250513,,,,
Pan Drugs,522268,30 Dean Park,,Scarborough,ON,M1B 3H1,Canada,(416) 281-0092,43.803472,-79.170606,,,,
Medical Arts Pharmacy,507251,173 Montreal Road,,Cornwall,ON,K6H 1B2,Canada,(613) 932-6501,45.01843,-74.713271,,,,
Forbes Pharmacy #3 Pandora,549213,922 Pandora Street,,Victoria,BC,V9V 3P3,Canada,(250) 385-3784,48.427484,-123.358714,,,,
Robson Valley I.D.A. Pharmacy,551867,"1136 - 5th Avenue, PO Box 637",,McBride,BC,V0J 2E0,Canada,(250) 569-8811,53.300445,-120.162734,,,,
Bentley I.D.A. Pharmacy,539638,5018 50 Avenue,,Bentley,AB,T0C 0J0,Canada,(403) 748-3820,52.465089,-114.051239,,,,
Vitacare Pharmacy,557839,198 Barton Street East,,Stoney Creek,ON,L8E 2K2,Canada,(905) 930-9877,43.231854,-79.736702,,,,
Sandell I.D.A. Pharmacy,555636,10216 128 Street,,Surrey,BC,V3T 2Z3,Canada,(604) 589-4300,49.188807,-122.867302,,,,
MAPLE IDA PHARMACY,562547,"573 MAPLE AVE, UNIT 1",,BURLINGTON,ON,L7S 2E8,Canada,(905) 333-0031,43.323515,-79.812979,,,,
SHANES IDA PHARMACY,562998,37 WHEATLAND AVE BOX 478,,SMOKY LAKE,AB,T0A 3C0,Canada,(780) 656-3674,54.112364,-112.475907,,,,
IDA ISLINGTON MEHDI PHARMACY,560512,2683 ISLINGTON AVE,,ETOBICOKE,ON,M9V 2X7,Canada,(416) 516-7770,43.740083,-79.566137,,,,
Team Drugs,553770,"7330 Yonge Street, Unit 114",,Thornhill,ON,L4J 7Y8,Canada,(905) 771-8786,43.806299,-79.422165,,,,
Markdale Pharmacy,511558,29 Toronto Street N,,Markdale,ON,N0C 1H0,Canada,(519) 986-9991,44.318654,-80.64828,,,,
Fontainebleu Pharmacy,534385,2901 Grandview Street,,Windsor,ON,N8T 2L5,Canada,(519) 948-1422,42.298139,-82.951366,,,,
Princess Pharmacy,554894,600 Princess Street,,Woodstock,ON,N4S 4H4,Canada,(519) 421-1222,43.132149,-80.752297,,,,
Sandstone Pharmacies Langdon,553274,201-97 Centre Street SW,,Langdon,AB,T0J 1X2,Canada,(403) 936-5006,50.973218,-113.679527,,,,
Embrun Medical Pharmacy,557322,934 Notre Dame Street,,Embrun,ON,K0A 1W1,Canada,(613) 443-2999,45.271623,-75.284722,,,,
Lincoln Pharmacy,557144,3030 Lincoln Avenue,,Coquitlam,BC,V3B 6B4,Canada,(604) 464-1033,49.279006,-122.790532,,,,
WESTAWAY PHARMACY,562943,445 NORTON AVE,,MIAMI,MB,R0G 1H0,Canada,(204) 435-2471,49.370452,-98.242354,,,,
Ben's Pharmacy (Mount Albert),532394,19161 Centre Street,,Mount Albert,ON,L0G 1M0,Canada,(905) 473-2401,44.136896,-79.308481,,,,
Boggio & Edwards Ridgeway I.D.A. Pharmacy,548594,307 Ridge Road,,Ridgeway,ON,L0S 1N0,Canada,(905) 894-2200,42.883158,-79.052018,,,,
Levack Pharmacy,549044,2 First Avenue N,,Levack,ON,P0M 2C0,Canada,(705) 966-3612,46.639463,-81.391314,,,,
River East Pharmacy,552137,1417A Henderson Hwy,,Winnipeg,MB,R2G 1N3,Canada,(204) 339-9400,49.94501,-97.086485,,,,
Nanak Pharmacy,559830,10725 Mclaughlin Raod,,Brampton,ON,L7A 3E5,Canada,(905) 216-3792,43.710248,-79.81587,,,,
Morrish Pharmacy,533114,"3600 Ellesmere Road, Unit 2",,Scarborough,ON,M1C 4Y8,Canada,(416) 287-6674,43.790158,-79.173385,,,,
Westpark I.D.A. Drugs,504505,3722 57 Avenue,,Red Deer,AB,T4N 4R7,Canada,(403) 346-8809,52.258071,-113.829963,,,,
Transcona I.D.A. Pharmacy,558290,4936 4th Avenue,,Regina,SK,S4T 0J3,Canada,(306) 775-0025,50.463227,-104.652025,,,,
New Canyon Pharmacy,533463,564 Sheppard Avenue W,,Toronto,ON,M3H 2R9,Canada,(416) 633-6599,43.755553,-79.437739,,,,
MEDIMOST PHARMACY INC,560325,2883 DANFORTH AVENUE,,TORONTO,ON,M4C 1M3,Canada,(416) 694-6000,43.689792,-79.294614,,,,
TLC Pharmacy,550642,11811 Tecumseh Road E,,Tecumseh,ON,N8N 1L8,Canada,(519) 979-3555,42.311811,-82.896766,,,,
Peckett's Pharmacy,551981,60 Dundas Street East,,Mississauga,ON,L5A 1W4,Canada,(905) 270-1974,43.581677,-79.614691,,,,
Moy Medical Pharmacy,551013,1407 Ottawa Street,,Windsor,ON,N8X 2G1,Canada,(519) 252-8979,42.310266,-83.011118,,,,
Pharmacy by the Grange,534082,275 Dundas Street West,,Toronto,ON,M5T 1G1,Canada,(416) 593-4696,43.654427,-79.390337,,,,
BENTALL PHARMACY,560710,400 - 1055 DUNSMUIR ST,,VANCOUVER,BC,V7X 1L4,Canada,(604) 682-7755,49.286491,-123.12131,,,,
RENFORTH PHARMACY,562558,460 RENFORTH DR 10,,ETOBICOKE,ON,M9C 2N2,Canada,(416) 622-0300,43.650534,-79.580357,,,,
RATHBURN PHARMACY,562778,592 RATHBURN RD,,MISSISSAUGA,ON,L5B 3A4,Canada,(905) 897-2228,43.58414,-79.653363,,,,
ST MARKS PHARMACY,562184,586 ARGUS RD,,OAKVILLE,ON,L6J 3J3,Canada,(905) 845-6125,43.457322,-79.68544,,,,
North Island Pharmacy,551057,1371A Cedar Street,,Campbell River,BC,V9W 2W6,Canada,(250) 286-4522,50.028739,-125.247266,,,,
MARION PHARMACY,563108,191 MARION STREET,,WINNIPEG,MB,R2H 0T5,Canada,(204) 231-3226,49.881655,-97.119901,,,,
Mattawa Pharmacy,511593,300 Main Sreet PO Box 429,,Mattawa,ON,P0H 1V0,Canada,(705) 744-2625,46.318263,-78.706044,,,,
Glen Derry Pharmacy,550078,2760 Derry Rd W,,Mississauga,ON,L5N 3N5,Canada,(289) 997-3203,43.592949,-79.765793,,,,
CASEY'S PHARMACY,560556,115 CHRISTOPHER DR,,CAMBRIDGE,ON,N1R 4S1,Canada,(519) 622-2350,43.346929,-80.299841,,,,
NURTURE Rx PHARMACY,562492,2732 EAST 41 AVE,,VANCOUVER,BC,V5R 2X1,Canada,(604) 428-6455,49.232786,-123.050884,,,,
KING COVE PHARMACY,563636,156 GUELPH ST,,GEORGETOWN,ON,L7G 4A6,Canada,(905) 873-8880,43.650565,-79.909391,,,,
ST MARY PHARMACY,562217,1893 APPLEBY LINE,,BURLINGTON,ON,L7L 0G5,Canada,(905) 315-8008,43.393501,-79.789666,,,,
Gaetz Avenue Pharmacy,554940,120 - 3410 50 Avenue,,Red Deer,AB,T4N 3Y4,Canada,(403) 340-1200,52.25401,-113.814124,,,,
KINGSVILLE IDA PHARMACY,560270,271 MAIN STREET EAST,,KINGSVILLE,ON,N9Y 1A7,Canada,(519) 733-6541,42.038563,-82.727307,,,,
Sandstone Pharmacies Bonaventure,546063,101 - 12427 Bonaventure DR SE,,Calgary,AB,T2J 3N8,Canada,(403) 255-1080,50.941517,-114.062523,,,,
FALK PHARMACY,563174,135 MAIN STREET,,CARBERRY,MB,R0K 0H0,Canada,(204) 834-2426,49.868204,-99.359159,,,,
Mather and Bell Pharmacy,514664,769 Park Street S,,Peterborough,ON,K9J 3T6,Canada,(705) 745-4770,44.284625,-78.321089,,,,
SILVERHEIGHTS PHARMACY,564340,4 - 2015 PORTAGE AVE,,WINNIPEG,MB,R3J 0K3,Canada,(204) 895-0665,49.878117,-97.22919,,,,
MINNEDOSA PHARMACY,563295,77 MAIN STREET SOUTH,,MINNEDOSA,MB,R0J 1E3,Canada,(204) 867-2071,50.247222,-99.838871,,,,
City Centre Pharmacy ,559412,77 James St. North,,Hamilton,ON,L8R 2K3,Canada,(905) 540-4432,43.258349,-79.868524,,,,
Richmond Pharmacy,539673,6179 Perth Street Plaza,,Richmond,ON,K0A 2Z0,Canada,(613) 838-5323,45.192867,-75.841278,,,,
Country Side Pharmacy,513347,19 King Street E,,Omemee,ON,K0L 2W0,Canada,(705) 799-6113,44.299365,-78.558348,,,,
LILY PHARMACY,562228,F23 3175 RUTHERFORD RD,,VAUGHAN,ON,L4K 5Y6,Canada,(905) 738-6308,43.829873,-79.536227,,,,
Madill's Pharmacy,508105,7 Mill Street,,Frankford,ON,K0K 2C0,Canada,(613) 398-6261,44.201153,-77.596072,,,,
Sandstone Pharmacies @ YYC,551834,"2000 Airport Road NE, PO Box 108",,Calgary,AB,T2E 6W5,Canada,(403) 264-4471,51.133088,-114.011086,,,,
Promontory Pharmacy,560017,105-5615 Teskey Way,,Chilliwack,BC,V2R 0K5,Canada,(604) 705-3800,49.102997,-121.939193,,,,
Well Being Pharmacy,549055,15-1030 Keewatin Street,,Winnipeg,MB,R2R 2E2,Canada,(204) 694-6107,49.942947,-97.195224,,,,
Cavanagh Pharmacy,509940,2121 Main Street N PO Box 608,,Jarvis,ON,N0A 1J0,Canada,(519) 587-4553,42.890185,-80.110833,,,,
McKenzie's Pharmacy,518264,608 Berford Street,,Wiarton,ON,N0H 2T0,Canada,(519) 534-0230,44.743341,-81.141053,,,,
Whitby Community Pharmacy,550146,"701 Rossland Road East, Unit 5",,Whitby,ON,L1N 8Y9,Canada,(905) 668-4442,43.899434,-78.938917,,,,
Lakeside Pharmacy,543892,374B Stuart Drive West,,Fort St. James,BC,V0J 1P0,Canada,(250) 996-7202,54.443792,-124.257613,,,,
TILLSONBURG CARE PHARMACY,560160,594 BROADWAY STREET,,TILLSONBURG,ON,N4G 5K9,Canada,(519) 842-2020,42.878215,-80.746244,,,,
Langley Pharmacy,540944,5568 206 Street,,Langley,BC,V3A 7T1,Canada,(604) 539-9799,49.104766,-122.651103,,,,
Sandstone Pharmacies Henday Centre,559929,127 4804 50 ST HENDAY CENTRE,,INNISFAIL,AB,T4G 1C2,Canada,(403) 227-1111,52.029273,-113.946139,,,,
Bayview IDA Pharmacy,559313,7355 Bayview Avenue,,Thornhill,ON,L3T 5Z2,Canada,(905) 707-9393,43.814344,-79.400093,,,,
Thorndale Pharmacy,549393,21831 Fairview Road RR 3,,Thorndale,ON,N0M 2P0,Canada,(519) 461-0431,43.106096,-81.140652,,,,
Glen George Pharmacy,555390,1118 Victoria Park Avenue,,Toronto,ON,M4B 2K3,Canada,(647) 347-6196,43.708106,-79.295684,,,,
12th Avenue Pharmacy,529380,1192 101 Street,,North Battleford,SK,S9A 0Z6,Canada,(306) 937-6777,52.774868,-108.297573,,,,
Huron Apothecary,507947,440 Main Street,,Exeter,ON,N0M 1S7,Canada,(519) 235-1982,43.344656,-81.47992,,,,
Gray's Drugs,507464,346 Main Street  Box 549,,Deseronto,ON,K0K 1X0,Canada,(613) 396-2315,44.195135,-77.047858,,,,
CASTLEGAR COMMUNITY PHARMACY,560743,1002 COLUMBIA AVE,,CASTLEGAR,BC,V1N 1H2,Canada,(250) 365-0006,49.314271,-117.663476,,,,
Prana Pharmacy,559236,208 Regent Avenue West,,Winnipeg,MB,R2C 1R2,Canada,(204) 777-3093,49.894983,-97.006165,,,,
Stittsville Drug Mart,516453,1250 Main Street Unit 21,,Stittsville,ON,K2S 1S9,Canada,(613) 836-3881,45.269942,-75.930105,,,,
Sandstone Pharmacies Innisfail,542790,4620A - 50 Avenue,,Innisfail,AB,T4G 1M1,Canada,(403) 227-5211,52.02463,-113.950159,,,,
Forbes Pharmacy - Cold Lake,558906,5016 -  50 Avenue,,Cold Lake,AB,T9M 1P2,Canada,(780) 594-3579,54.413479,-110.207014,,,,
Hopkins Pharmacy,517792,3387 King Street,,Vineland,ON,L0R 2C0,Canada,(905) 562-4661,43.150853,-79.392363,,,,
Med-Safe IDA Pharmacy,558279,1-335 18th Street,,Brandon,MB,R7A 5A8,Canada,(204) 571-0145,49.844922,-99.961794,,,,
Danforth Drugmart,555074,1871 Danforth Avenue,,Toronto,ON,M4C 1J3,Canada,(416) 691-2225,43.684759,-79.3172,,,,
Cure Pharmacy,551507,1585 Markham Road,,Scarborough,ON,M1B 2W1,Canada,(416) 533-4220,43.792761,-79.237045,,,,
Sandstone Pharmacies Parkland,542788,5027A  49 Street,,Innisfail,AB,T4G 1M1,Canada,(403) 227-3488,52.026523,-113.951549,,,,
RIVER HEIGHTS PHARMCY (GREENSITE),563130,UNI 101A 1425 CORYDON AVENUE,,WINNIPEG,MB,R3N 2C7,Canada,(204) 284-1442,49.863499,-97.184349,,,,
Yale Pharmacy,534510,1284 Granville Street,,Vancouver,BC,V6Z 1M4,Canada,(604) 692-0211,49.276264,-123.127321,,,,
McLennan I.D.A. Pharmacy,502920,15 First Avenue NW PO Box 150,,McLennan,AB,T0H 2L0,Canada,(780) 324-3004,55.709692,-116.905915,,,,
Saint Peter Pharmacy,551970,20 Rambler Drive,,Brampton,ON,L6W 1E2,Canada,(905) 451-7311,43.678738,-79.727981,,,,
MANNING PHARMACY,563790,403 MAIN ST,,MANNING,AB,T0H 2M0,Canada,(780) 836-3043,56.922041,-117.63011,,,,
Island Pharmacy #2,541890,62 Cowichan Lake Road PO Box 859,,Lake Cowichan,BC,V0R 2G0,Canada,(250) 749-0149,48.813212,-123.976338,,,,
Fort Nelson Pharmacy,549472,4904 50th Avenue North,,Fort Nelson,BC,V0C 1R0,Canada,(250) 774-2323,58.804987,-122.700361,,,,
Lifestyle Pharmacy & Candy Bar,552060,"3850 Dougall Avenue, Unit #11",,Windsor,ON,N9G 1X2,Canada,(519) 967-1000,42.256636,-83.002712,,,,
Forbes Pharmacy #1 Millstream,549191,2349 Millstream Road #105,,Victoria,BC,V9B 3R5,Canada,(250) 478-1600,48.464068,-123.498774,,,,
Fruitvale Pharmacy,554005,"1942 Main Street, PO Box 490",,Fruitvale,BC,V0G 1L0,Canada,(250) 367-9331,49.115236,-117.543511,,,,
Beaverton I.D.A. Pharmacy,537096,350 Simcoe Street PO Box 130,,Beaverton,ON,L0K 1A0,Canada,(705) 426-7691,44.429706,-79.153848,,,,
Boggio & MacKinnon Pharmacy,512943,6680 Drummond Road,,Niagara Falls,ON,L2G 4P1,Canada,(905) 354-1812,43.078472,-79.097238,,,,
Millennium Pharmacy,558125,311 Balmoral Street,,Winnipeg,MB,R3C 4A8,Canada,(204) 504-3250,49.889068,-97.153015,,,,
Merit Pharmacy,557234,11458 Braeside Drive SW,,Calgary,AB,T2W 4X8,Canada,(403) 255-0049,50.954153,-114.116034,,,,
Forbes Pharmacy - Burnside,559434,101 Burnside Road West,,Victoria,BC,V9A 1B7,Canada,(778) 432-3784,48.451189,-123.388129,,,,
University Park Pharmacy,559170,210 University Park Drive,,Regina,SK,S4V 1A3,Canada,(306) 789-3333,50.433045,-104.556628,,,,
The Palmerston Pharmacy & HomeCare,561975,499 COLLEGE ST,,TORONTO,ON,M6G 1A5,Canada,(416) 929-4499,43.655889,-79.409719,,,,
Rainy River Drugs,555131,212 4 Street,,Rainy River,ON,P0W 1L0,Canada,(807) 852-3264,48.719318,-94.568321,,,,
John Drug Mart,559874,225 John Street,,Hamilton,ON,L8N 2C7,Canada,(905) 526-0110,43.249844,-79.868901,,,,
Robinson's I.D.A. Pharmacy,516600,181 Queen Street S,,Mississauga,ON,L5M 1L2,Canada,(905) 826-1115,43.58198,-79.713894,,,,
SAM'S IDA PHARMACY,544443,1920 YONGE ST,,TORONTO,ON,M4S 1Y6,Canada,(416) 483-3003,43.698207,-79.396389,,,,
Island Pharmacy #7,552780,1 - 1769 Shawnigan-Mill Bay Road,,Shawnigan Lake,BC,V0R 2W0,Canada,(250) 743-6977,48.653721,-123.62276,,,,
CHELMSFORD IDA,560226,3672 HWY 144 RR 4,,CHELMSFORD,ON,P0M 1L0,Canada,(705) 855-1454,46.568951,-81.192563,,,,
MacLaren Pharmacy,549990,79 Bridge Street E ,,Campbellford,ON,K0L 1L0,Canada,(705) 653-1960,44.307935,-77.795979,,,,
TREHERNE PHARMACY,563328,"206 RAILWAY AVE, P.O. Box 420",,TREHERNE,MB,R0G 2V0,Canada,(204) 723-2334,49.630281,-98.697673,,,,
Centrepoint Pharmacy,555041,"889 Exmouth Street, Unit 3",,Sarnia,ON,N7T 5R3,Canada,(519) 339-0909,42.984944,-82.377162,,,,
Forhans I.D.A. Pharmacy,501840,5019 50 Street PO Box 270,,Eckville,AB,T0M 0X0,Canada,(403) 746-2622,52.359953,-114.368099,,,,
NEW DAY IDA PHARMACY,562393,664 BARTON ST E,,HAMILTON,ON,L8L 3A4,Canada,(289) 799-2133,43.25651,-79.83671,,,,
Lighthouse I.D.A.,554332,130 Hollidge Blvd,,Aurora,ON,L4G 8A3,Canada,(905) 750-0008,44.012535,-79.446907,,,,
St. Joseph Pharmacy,552532,Unit 7 - 2930 Islington Avenue,,Toronto,ON,M9L 2K5,Canada,(416) 742-7311,43.756395,-79.569487,,,,
Nor-Arm Pharmacy,550980,107 - 1280 Finch Avenue West,,Downsview,ON,M3J 3K6,Canada,(416) 667-8430,43.764298,-79.488572,,,,
Callander I.D.A. Pharmacy,555660,93 Main Street,,Callander,ON,P0H 1H0,Canada,(705) 752-3388,46.22344,-79.365601,,,,
IDA ROYAL WEST PHARMACY,561425,305 ROYAL WEST DR,,BRAMPTON,ON,L6X 5K8,Canada,(905) 452-0200,43.655411,-79.810123,,,,
Mimico Pharmacy,521943,2408 Lakeshore Blvd W,,Toronto,ON,M8V 1C4,Canada,(416) 255-0300,43.614746,-79.488967,,,,
Don Russell I.D.A. Drug Mart,553162,2891 Lakeshore Blvd W,,Etobicoke,ON,M8V 1J1,Canada,(416) 251-2201,43.600946,-79.503962,,,,
Parkridge Pharmacy & Health Centre,538503,802 George Street PO BOX 33,,Enderby,BC,V0E 1V0,Canada,(250) 838-5866,50.55025,-119.140122,,,,
MMMC IDA PHARMACY,560347,"3610 McNicoll Avenue, Unit 12",,Scarborough,ON,M1X 0B7,Canada,(416) 754-8808,43.825963,-79.248583,,,,
Bolton Lifecare Pharmacy,557476,30 Martha Street,,Bolton,ON,L7E 5V1,Canada,(905) 857-9494,43.873768,-79.730327,,,,
Walsh's Pharmacy,504865,200 George Street,,Arthur,ON,N0G 1A0,Canada,(519) 848-2530,43.830853,-80.535504,,,,
Cayuga Pharmacy,506687,"18 Talbot Street East, P.O. Box 159",,Cayuga,ON,N0A 1E0,Canada,(905) 772-3503,42.95094,-79.85328,,,,
North Shore Pharmacy,554130,"517 Tranquille Road, Unit #4",,Kamloops,BC,V2B 3H3,Canada,(250) 376-9991,50.693044,-120.359569,,,,
St. Gabriel Medical Pharmacy,549707,101-650 Sheppard Ave E,,Toronto,ON,M2K3E4,Canada,(416) 222-0007,43.76837,-79.381209,,,,
High Park Pharmacy,520604,1938 Bloor Street W,,Toronto,ON,M6P 3K8,Canada,(416) 769-2222,43.653283,-79.466792,,,,
White Cross Drugs,545141,"500 Yonge Street, 3rd Floor",,Toronto,ON,M4Y 1X9,Canada,(416) 920-1666,43.665446,-79.382987,,,,
Bell Pharmacy,513764,737 Gladstone Avenue,,Ottawa,ON,K1R 6X4,Canada,(613) 234-1890,45.407153,-75.705638,,,,
Dellar's I.D.A. Drug Store,517645,249 Victoria Street N,,Tweed,ON,K0K 3J0,Canada,(613) 478-2115,44.477536,-77.312909,,,,
Boniface Park Pharmacy,519480,3545 Kingston Road,,Scarborough,ON,M1M 1R6,Canada,(416) 264-0771,43.739312,-79.216323,,,,
Bragg Creek Pharmacy,555805,20 White Avenue,,Bragg Creek,AB,T0L 0K0,Canada,(403) 949-3177,50.950819,-114.561632,,,,
Lansdall I.D.A. Pharmacy Ltd.,504516,117 Jasper Street PO Box 250,,Maple Creek,SK,S0N 1N0,Canada,(306) 662-2755,49.906532,-109.479674,,,,
Whiteside I.D.A. Pharmacy,523618,1732 St. Clair Avenue W,,Toronto,ON,M6N 1J1,Canada,(416) 656-3606,43.674378,-79.459913,,,,
Black's Pharmacy 1972 Ltd.,501761,2037 Quilchena Avenue,,Merritt,BC,V1K 1B8,Canada,(250) 378-2155,50.110069,-120.788821,,,,
Cliffwood I.D.A. Pharmacy,519693,3885 Don Mills Road,,Willowdale,ON,M2H 2S7,Canada,(416) 494-3770,43.807537,-79.357403,,,,
Jeff's I.D.A. Pharmacy,534407,410 East Hastings Street,,Vancouver,BC,V6A 1P7,Canada,(604) 215-1229,49.281105,-123.095051,,,,
CARE PLUS IDA PHARMACY,562085,480 EGLINTON AVE W,,Mississauga,ON,L5R 0G2,Canada,(905) 502-6000,43.597369,-79.662653,,,,
Coles Pharmacy,539357,"3210-118 Avenue, Unit #168",,Edmonton,AB,T5W 4W1,Canada,(780) 477-9200,53.57046,-113.389869,,,,
BRMC Pharmacy,556852,"3333 Brimley Road, Unit 2",,Toronto,ON,M1V 2J7,Canada,(416) 321-9111,43.81079,-79.279587,,,,
Health Link Pharmacy,556200,10555 Jane Street,,Maple,ON,L6A 3L1,Canada,(905) 417-1288,43.85735,-79.538352,,,,
Eagle Valley I.D.A. Pharmacy,542823,317 Main Street,,Sicamous,BC,V0E 2V0,Canada,(250) 836-2963,50.835654,-118.986198,,,,
Quarry Medical Pharmacy,510243,100 Princess Street,,Kingston,ON,K7L 1A7,Canada,(613) 530-2666,44.231419,-76.482879,,,,
Ajax Community Pharmacy,543058,"1 Rossland Road West, Unit 15",,Ajax,ON,L1Z 1Z2,Canada,(905) 426-1300,43.879622,-79.027273,,,,
Mayfield Pharmacare,551272,"3068 Mayfield Road, Unit 8 , 9, Snelgrove Centre",,Brampton,ON,L6Z 0E3,Canada,(905) 495-3306,43.735178,-79.823443,,,,
Wellcare Pharmacy,533046,3352 Keele Street,,Downsview,ON,M3J 1L5,Canada,(416) 630-4513,43.745795,-79.486613,,,,
Barton Drug Mart,559863,929 Barton Street East,,Hamilton,ON,L8L 3C3,Canada,(905) 544-1842,43.25334,-79.823776,,,,
Gray's I.D.A. Drug Store,512548,18 Dundas Street W,,Napanee,ON,K7R 1Z4,Canada,(613) 354-3346,44.246875,-76.951305,,,,
Bay Ridges Pharmacy,519344,"1794 Liverpool Road, ",,Pickering,ON,L1V 4G7,Canada,(905) 839-1123,43.833802,-79.090707,,,,
SHOP RITE PHARMACY,561095,685 KENNEDY RD,,SCARBOROUGH,ON,M1K 2B8,Canada,(416) 264-1000,43.726803,-79.265654,,,,
Health Net Pharmacy,502266,107 6203 28 Avenue,,Edmonton,AB,T6L 6K3,Canada,(780) 461-1126,53.458682,-113.428692,,,,
Medicare Oakville Pharmacy,559819,2165 Grosvenor Street,,Oakville,ON,L6H 5K9,Canada,(905) 338-3100,43.487676,-79.697053,,,,
Pharma-Cure 1,555838,10534 124 Street,,Edmonton,AB,T5N 1R9,Canada,(780) 756-3020,53.548705,-113.536082,,,,
Charolais I.D.A. Pharmacy,505686,305 Charolais Blvd,,Brampton,ON,L6Y 2R2,Canada,(905) 452-9000,43.658589,-79.751033,,,,
ST CLAUDE PHARMACY,563185,"109 ASPEN AVE SOUTH, BOX 235",,ST.CLAUDE,MB,R0G1Z0,Canada,(204) 379-2626,49.653724,-98.344276,,,,
Island Pharmacy #5,551035,13 - 575 North Road,,Gabriola Island,BC,V0R 1X3,Canada,(250) 247-8310,49.173793,-123.844858,,,,
Sandstone Pharmacies Fifth Avenue,542272,"222, 425 - 1st Street S.W.",,Calgary,AB,T2P 3L8,Canada,(403) 233-8661,51.048953,-114.065899,,,,
Main Station Pharmacy,543780,1149 Main Street,,Vancouver,BC,V6A 4B6,Canada,(604) 662-3883,49.274423,-123.100044,,,,
Bathurst-Wilson I.D.A. Pharmacy,519322,322 Wilson Avenue,,Toronto,ON,M3H 1S8,Canada,(416) 638-1755,43.736769,-79.436972,,,,
Sandstone Pharmacies Airdrie,563702,25 1301 8 ST SW,,AIRDRIE,AB,T4B 3Y2,Canada,(403) 912-7999,51.280742,-114.025353,,,,
Bellwood Pharmacy,552115,900 Oxford Street East,,London,ON,N5Y 5A1,Canada,(519) 457-6026,43.003212,-81.226772,,,,
THE POINT CARE PHARMACY,562305,704 MARA ST UNIT 112,,POINT EDWARD,ON,N7V 1X4,Canada,(519) 332-0332,42.99033,-82.40197,,,,
MILLERS PHARMACY,563284,"624 18th  STREET,  UNIT A",,BRANDON,MB,R7A 5B4,Canada,(204) 727-8995,49.840012,-99.962382,,,,
Queen Charlotte Islands Pharmacy,557575,3209 - 3rd Avenue,,Queen Charlotte,BC,V0T 1S0,Canada,(250) 559-4310,53.255142,-132.098861,,,,
Cassandra Pharmacy,547705,2040 Victoria Park Avenue,,Toronto,ON,M1R 1V2,Canada,(416) 449-2040,43.752971,-79.313537,,,,
Westminster Pharmacy,518850,5115 Tecumseh Road E,,Windsor,ON,N8T 1C2,Canada,(519) 944-0001,42.307824,-82.963486,,,,
STONEWALL PHARMACY,563163,"UNIT 17,  333 MAIN ST.",,STONEWALL,MB,R0C 2Z0,Canada,(204) 467-8385,50.135254,-97.326654,,,,
DAKOTA PHARMACY,563086,1087 ST MARY'S ROAD,,WINNIPEG,MB,R2M 3T2,Canada,(204) 255-2988,49.836642,-97.112585,,,,
Cridge Family Pharmacy,557355,641 Fort Street,,Victoria,BC,V8W 1G2,Canada,(250) 686-7104,48.424694,-123.366835,,,,
Peninsula Pharmacy,510906,76 Main Street PO Box 10,,Lions Head,ON,N0H 1W0,Canada,(519) 793-3200,44.98702,-81.25452,,,,
DAUPHIN CLINIC PHARMACY,562932,"622, 3rd STREET  SW",,DAUPHIN,MB,R7N 1R5,Canada,(204) 638-4602,51.147011,-100.060819,,,,
North Park Pharmacy,552734,860 North Park Drive,,Brampton,ON,L4S 4N5,Canada,(905) 450-9334,43.729573,-79.749239,,,,
Dorchester Pharmacy,559676,2135 Dorchester Road,,Dorchester,ON,N0L 1G2,Canada,(519) 268-2197,42.984357,-81.057386,,,,
Ile Des Chenes Pharmacy,557278,449 Main Street,,Ile des Chenes,MB,R0A 0T0,Canada,(204) 878-2115,49.710492,-96.989227,,,,
Stutt's Pharmacy,513336,5344 Main Street PO Box 340,,Orono,ON,L0B 1M0,Canada,(905) 983-5009,43.977203,-78.617522,,,,
VILLAGE IDA PHARMACY,560072,9805 71 ST,,EDMONTON,AB,T6A 2T8,Canada,(780) 440-4555,53.537743,-113.436875,,,,
JOHNSTONE PHARMACY,561337,2 100 JEWELL ST,,RED DEER,AB,T4P 0L4,Canada,(403) 348-8203,52.301749,-113.839746,,,,
Sandstone Pharmacies Dover,561304,4-3525 26 AVE SE,,CALGARY,AB,T2B 2M9,Canada,(403) 273-3366,51.029945,-113.982566,,,,
Vilna Pharmacy,554490,"5012 50th Street, PO Box 249",,Vilna,AB,T0A 3L0,Canada,(780) 636-3550,54.115842,-111.921031,,,,
Plaza Dispensary,532552,5030 47 Avenue 6A,,Red Deer,AB,T4N 3P7,Canada,(403) 340-3784,52.269881,-113.80512,,,,
AYLMER IDA,560281,6 TALBOT ST E,,ALYMER,ON,N5H 1H4,Canada,(519) 765-1088,42.772899,-80.982549,,,,
Richmond Hill I.D.A. Pharmacy,553454,10243 Yonge Street,,Richmond Hill,ON,L4C 3B2,Canada,(905) 237-7874,43.877198,-79.438289,,,,
Walther's I.D.A. Pharmacy,512122,40 Ontario Road ,,Mitchell,ON,N0K 1N0,Canada,(519) 348-8833,43.467697,-81.197421,,,,
Island Pharmacy #1,546096,138 Southshore Road PO Box 38,,Lake Cowichan,BC,V0R 2G0,Canada,(250) 749-3141,48.823196,-124.05771,,,,
Sandstone Pharmacies Glenmore Landing,550923,D167 1600 90 Avenue SW,,Calgary,AB,T2V 5A8,Canada,(403) 255-4200,50.97319,-114.097555,,,,
Thomas Pharmacy,553544,"5636 Glen Erin Drive, Unit 2",,Mississauga,ON,L5M 6B1,Canada,(905) 819-9000,43.565839,-79.728937,,,,
Glendower Pharmacy,546265,331 Glendower Circuit,,Scarborough,ON,M1T 2Z7,Canada,(416) 609-2020,43.797108,-79.305156,,,,
Medical Arts Pharmacy,545613,1-30 13th Street E,,Cornwall,ON,K6H 6V9,Canada,(613) 933-0670,45.034998,-74.738404,,,,
Caravaggio I.D.A. Drugs,516150,128 Main Street E,,Shelburne,ON,L0N 1S0,Canada,(519) 925-2729,44.078586,-80.20381,,,,
Erin Centre Pharmacy,556143,2555 Erin Centre Blvd,,Mississauga,ON,L5M 5H1,Canada,(905) 816-9300,43.562979,-79.710145,,,,
Marathon Drug Associates,548910,2 Hemlo Drive,,Marathon,ON,P0T 2E0,Canada,(807) 229-1670,48.721574,-86.372963,,,,
BROOKDALE IDA PHARMACY,562591,829 CHEMONG RD UNIT 1,,PETERBOROUGH,ON,K9H 5Z5,Canada,(705) 874-7128,44.318873,-78.332494,,,,
ELITE CARE PHARMACY,562536,181 GREEN LANE E,,EAST GWILLIMBURY,ON,L9N 0C9,Canada,(905) 836-2273,44.073263,-79.481976,,,,
TOWN CARE IDA PHARMACY,565385,60 TOWN CENTRE COURT,,SCARBOROUGH,ON,M1P 0B1,Canada,(416) 792-2000,43.773344,-79.256149,,,,
Consort Pharmacy,552205,4906 50 Street  PO Box 10,,Consort,AB,T0C 1B0,Canada,(403) 577-3644,52.007837,-110.77527,,,,
UVIC Campus Pharmacy,558598,"S.U.B #B13, 3800 Finnerty Road",,Victoria,BC,V8P 5C2,Canada,(250) 721-3400,48.463332,-123.314645,,,,
Clement's I.D.A. Pharmacy,555658,497 Main Street,,Powassan,ON,P0H 1Z0,Canada,(705) 724-3523,46.080825,-79.360955,,,,
St. Laurent I.D.A. Pharmacy,550743,1237 Donald Street,,Ottawa,ON,K1J 8W3,Canada,(613) 688-0299,45.429062,-75.638999,,,,
Berwyn Pharmacy,502514,5115 51 Street PO Box 359,,Berwyn,AB,T0H 0E0,Canada,(780) 338-3071,56.146936,-117.736539,,,,
GATEWAY MEDICAL PLEX PHARMACY,558741,25 GATEWAY BLVD,,BRAMPTON,ON,L6T 0H8,Canada,(905) 799-0032,43.737382,-79.701435,,,,
Crossroads Pharmacy,552216,5119 50 Street PO Box 750,,Viking,AB,T0B 4N0,Canada,(780) 336-3126,53.094168,-111.778027,,,,
KENORA MEDICAL CENTRE PHARMACY,563196,"45 WOLSLEY STREET, R.R.# 1",,KENOR,ON,P9N 3W7,Canada,(807) 468-4414,49.767098,-94.501989,,,,
Mapleland Pharmacy,555006,"120 Welland Avenue, Unit 10B",,St. Catharines,ON,L2R 2N3,Canada,(905) 641-4440,43.16325,-79.246298,,,,
Evergold Pharmacy,554038,"3833 Midland Avenue, Unit 33",,Scarborough,ON,M1V 5L6,Canada,(416) 332-1888,43.812394,-79.291224,,,,
Kennedy Road Pharmacy,548932,Unit#4 - 2 Antrim Crescent,,Scarborough,ON,M1P 2N3,Canada,(416) 298-2222,43.771626,-79.283437,,,,
St. Anthony's I.D.A. Prescription Centre,501952,109 - 582 Goldstream Avenue,,Victoria,BC,V9B 2W7,Canada,(250) 478-8338,48.446761,-123.487199,,,,
Champlain Pharmacy,547762,111 9918 100 Street,,Morinville,AB,T8R 1K8,Canada,(780) 939-2438,53.801199,-113.645081,,,,
Elgin Mills Crossing I.D.A. Pharmacy,550855,"10 John Birchall Road, Unit 3",,Richmond Hill,ON,L4S 0B2,Canada,(905) 780-8500,43.900526,-79.393716,,,,
Pharmalink I.DA. Pharmacy,553421,"456 Holland Street West, Unit 2",,Bradford,ON,L3Z 0G1,Canada,(905) 778-9049,44.109095,-79.586111,,,,
BAYSIDE PHARMACY,518174,369 MARY STREET,,WIARTON,ON,N0H 2T0,Canada,(519) 534-5090,44.738323,-81.138711,,,,
HEALTH CARE CENTRE PHARMACY,510467,C/O K-W HOS 835 KING ST,,KITCHENER,ON,N2G 1G3,Canada,(519) 749-4227,43.44387,-80.476198,,,,
Carleton Place Drugmart Inc,506643,47 Lansdowne Avenue,,Carleton Place,ON,K7C 3S9,Canada,(613) 257-1414,45.135607,-76.140545,,,,
Killaloe Village Pharmacy,510120,7 Lake Street,,Killaloe,ON,K0J 2A0,Canada,(613) 757-2281,45.554525,-77.414986,,,,
Ross Street I.D.A.,502694,4814  50 Street,,Red Deer,AB,T4N 1X4,Canada,(403) 340-1800,52.26915,-113.81008,,,,
MYHEALTHCARE PHARMACY,563746,101- 3223 5th Avenue NE,,CALGARY,AB,T2A 6E9,Canada,(403) 455-1505,51.056186,-113.990662,,,,
Frontier Street Pharmacy,555243,7437 Frontier Street,,Pemberton,BC,V0N 2L0,Canada,(604) 894-6416,50.322344,-122.80647,,,,
ICare Pharmacy Services,550866,"2 Thorncliffe Park Drive, Unit 26-27",,East York,ON,M4H 1H2,Canada,(416) 421-7000,43.705854,-79.351352,,,,
IDA MACKENZIE PHARMACY,562096,9671 JANE ST 2,,MAPLE,ON,L6A 3X5,Canada,(905) 553-5553,43.844101,-79.535462,,,,
Stuart Ellis Pharmacy,547481,169 Hurontario Street,,Collingwood,ON,L9Y 2M1,Canada,(705) 445-4711,44.498589,-80.216387,,,,
Brooklin Pharmacy,554365,65 Baldwin Street,,Brooklin,ON,L1M 1A3,Canada,(905) 655-3301,43.95779,-78.960435,,,,
Richmond Pharmacy,554826,9206 Yonge Street,,Richmond Hill,ON,L4C 7A2,Canada,(905) 482-9390,43.852199,-79.432902,,,,
Medicare Pharmacy,559808,10990 Chinguacousy Road,,Brampton,ON,L7A 0P1,Canada,(905) 846-8912,43.705696,-79.834771,,,,
Primrose I.D.A. Pharmacy,502672,8462 182 Street,,Edmonton,AB,T5T 1Y7,Canada,(780) 487-7270,53.517497,-113.63736,,,,
DINI IDA PHARMACY,560809,785 WONDERLAND RD S,,LONDON,ON,N6K 1M6,Canada,(519) 657-8668,42.948242,-81.292328,,,,
Cavanagh Apothecary,508814,6 Main Street,,Hagersville,ON,N0A 1H0,Canada,(905) 768-3391,42.961882,-80.052018,,,,
Royal City Drugs,532258,708 6 Street,,New Westminster,BC,V3L 3C5,Canada,(604) 525-9607,49.214695,-122.922514,,,,
Munro's Sorrento Prescriptions,532890,1250 Trans Canada HWY PO Box 239,,Sorrento,BC,V0E 2W0,Canada,(250) 675-4411,50.876955,-119.470669,,,,
Penhold Pharmacy,558730,1380 Robinson Avenue,,Penhold,AB,T0M 1R0,Canada,(403) 886-4466,52.135284,-113.870794,,,,
Heart Pharmacy Fairfield Plaza,558851,1594 Fairfield Road,,Victoria,BC,V8S 1G1,Canada,(250) 598-9232,48.412222,-123.337223,,,,
Sandstone Pharmacies Simons Valley,502367,6213 Centre Street NW,,Calgary,AB,T2K 0V2,Canada,(403) 274-2444,51.107546,-114.062744,,,,
FAMILY PHARMACY 50TH AVE,563218,2707B 50 AVE,,LLOYDMINSTER,SK,S9V 2A8,Canada,(306) 825-5388,53.261453,-110.005483,,,,
E - Pharm IDA Pharmacy,554995,713 Indian Road,,Mississauga,ON,L5H 1R3,Canada,(905) 990-7896,43.546239,-79.607624,,,,
Roulstons Pharmacy,551474,123 King Street,,Delhi,ON,N4B 1X9,Canada,(519) 582-1800,42.855852,-80.498356,,,,
Herman's Pharmacy,536815,240 Regent Street S,,Sudbury,ON,P3C 4C5,Canada,(705) 674-3339,46.48752,-81.006984,,,,
MARTIN'S PHARMACY,563119,490 7th  AVENUE SOUTH,,VIRDEN,MB,R0M 2C0,Canada,(204) 748-2211,49.848578,-100.929465,,,,
Thompson Pharmacy,553307,2120 Regent Street,,Sudbury,ON,P3E 3Z9,Canada,(705) 586-5858,46.45089,-80.996345,,,,
Leslie and Major Mackenzie I.D.A. Pharmacy,543993,"1390 Major Mackenzie Drive East, Unit A8",,Richmond Hill,ON,L4S 0A1,Canada,(905) 780-0045,43.879312,-79.395773,,,,
Markham I.D.A. Pharmacy,552082,"7595 Markham Road, Unit 2",,Markham,ON,L3S 0B6,Canada,(905) 472-1786,43.851008,-79.254131,,,,
Bathurst & Bloor Drug Mart,519311,800 Bathurst Street,,Toronto,ON,M5R 3G1,Canada,(416) 537-2427,43.665202,-79.411236,,,,
MAPLE RIDGE PHARMACY,565550,22353 LOUGHEED HWY,,MAPLE RIDGE,BC,V2X 2T3,Canada,(604) 479-2030,49.216977,-122.602903,,,,
Gordon Road Pharmacy,559159,4661 Rae Street,,Regina,SK,S4S 6K6,Canada,(306) 586-4661,50.404964,-104.620991,,,,
Rogers Road Pharmacy,546491,576 Rogers Road,,Toronto,ON,M6M 1B6,Canada,(416) 651-2226,43.68223,-79.471294,,,,
Legacy Pharmacy,553983,2035 Sheppard Avenue East,,North York,ON,M2J 0A8,Canada,(416) 477-1320,43.775608,-79.336118,,,,
ST.CLAIR & BRIMLEY PHARMACY,564725,3750 ST. CLAIR AVE E Unit # 6,,SCARBOROUGH,ON,M1M 1T9,Canada,(647) 352-1113,43.720923,-79.241487,,,,
Sandstone Pharmacies Crescent Heights,504191,25 8 Street NW,,Medicine Hat,AB,T1A 6N9,Canada,(403) 526-5959,50.049778,-110.687794,,,,
Shaker's Pharmacy,553522,9 - 1601 River Road East,,Kitchener,ON,N2A 3Y4,Canada,(519) 896-5858,43.428365,-80.421381,,,,
Battleford Pharmacy,555322,"6435 Erin Mills Parkway, Unit 8 , 9",,Mississauga,ON,L5N 4H4,Canada,(905) 858-1600,43.587893,-79.740651,,,,
Emo Drugs,542182,"80 Front Street, PO Box 120",,Emo,ON,P0W 1E0,Canada,(807) 482-2430,48.629285,-93.836366,,,,
Heart Pharmacy Shelburne Plaza,558884,3643 Shelbourne Street,,Victoria,BC,V8P 4H1,Canada,(250) 477-1881,48.460045,-123.332867,,,,
Concourse Pharmacy,552014,1065 Steeles Avenue West,,Willowdale,ON,M2R 2S9,Canada,(416) 650-0300,43.791685,-79.44869,,,,
Express Aid I.D.A. Pharmacy (Hurst),555265,"201 Hurst Drive, Unit 12",,Barrie,ON,L4N 8K8,Canada,(705) 725-4991,44.36606,-79.650097,,,,
Hart Drugs,558939,6707 Dagg Road,,Prince George,BC,V2K 2R6,Canada,(250) 962-9666,53.990474,-122.785168,,,,
Sproule's Mountview I.D.A.,542957,3757 43 Avenue,,Red Deer,AB,T4N 3B7,Canada,(403) 347-2345,52.259209,-113.795684,,,,
Guildwood Drug Mart,559060,121 Guildwood Parkway,,Scarborough,ON,M1E 1P1,Canada,(416) 267-8248,43.747384,-79.199447,,,,
BROTHERS PHARMACY LTD,563075,542 SELKIRK AVE,,WINNIPEG,MB,R2W 2M9,Canada,(204) 586-2074,49.916088,-97.146708,,,,
Valemount I.D.A. Pharmacy,550440,1163 - 5th Avenue,,Valemount,BC,V0E 2Z0,Canada,(250) 566-4501,52.83208,-119.263482,,,,
LEILA PHARMACY,563097,632 LEILA AVE,,WINNIPEG,MB,R2V 3N7,Canada,(204) 334-4248,49.948974,-97.133994,,,,
Forest Glade Pharmacy,549246,3145 Forest Glade Dr.,,Windsor,ON,N8R 1W6,Canada,(519) 979-9200,42.302268,-82.9145,,,,
Village Pharmacy,555287,393 Rymal Road West,,Hamilton,ON,L9B 1V2,Canada,(905) 385-1975,43.20708,-79.912183,,,,
Ring's I.D.A. Pharmacy,504472,6 Courtoreille Street Suite 1,,Hay River,NT,X0E 1G2,Canada,(867) 874-6744,60.809152,-115.786609,,,,
Creemore Village Pharmacy,507262,171 Mill Street,,Creemore,ON,L0M 1G0,Canada,(705) 466-2311,44.326216,-80.105927,,,,
REXDALE MEDICAL PHARMACY,564846,11-680 REXDALE BLVD,,ETOBICOKE,ON,M9W 0B5,Canada,(416) 213-1318,43.720954,-79.614335,,,,
Brampton Hospital I.D.A. Pharmacy,546366,"10095 Bramalea Road, Unit 103",,Brampton,ON,L6R 0K1,Canada,(905) 792-9998,43.746473,-79.746914,,,,
Van Mills I.D.A. Pharmacy,551316,1900 Fowler Drive,,Mississauga,ON,L5K 0A1,Canada,(905) 403-0400,43.527043,-79.651296,,,,
Boundary Pharmacy,533597,PO Box 400,,Midway,BC,V0H 1M0,Canada,(250) 449-2866,49.010185,-118.771477,,,,
Danial Pharmacy,554512,505 Sargent Avenue Unit 2,,Winnipeg,MB,R3B 1V9,Canada,(204) 786-6800,49.896413,-97.154742,,,,
DE JAGER PHARMACY,561282,112 THE SQUARE,,GODERICH,ON,N7A 1M8,Canada,(519) 524-7228,43.742571,-81.710422,,,,
Boggio Fonthill Pharmacy,552655,155 Hwy #20 West,,Fonthill,ON,L0S 1E0,Canada,(905) 892-4994,43.043579,-79.296489,,,,
Maple Pharmacy,506226,573 Maple Avenue,,Burlington,ON,L7S 2E8,Canada,(905) 333-0039,43.321999,-79.808344,,,,
Forbes Pharmacy #4 Gorge,554185,603 Gorge Road East,,Victoria,BC,V8T 2W7,Canada,(250) 590-8811,48.439469,-123.370306,,,,
Westwood Pharmacy,554488,6637 177 Street NW,,Edmonton,AB,T5T 4K3,Canada,(780) 761-3747,53.501788,-113.627274,,,,
Southdale Pharmacy,559599,769 Southdale Road East,,London,ON,N6E 3N9,Canada,(519) 204-1037,42.943571,-81.214601,,,,
Bowmanville Clinic Pharmacy,505517,222 King Street East,,Bowmanville,ON,L1C 1P6,Canada,(905) 623-7611,43.911264,-78.677248,,,,
Whitby Medical Pharmacy,551845,3910 Brock Street North,,Whitby,ON,L1R 3E1,Canada,(905) 444-9171,43.914154,-78.95739,,,,
Island Pharmacy #4,549832,192 Kenneth Street,,Duncan,BC,V9L 1N4,Canada,(250) 746-4680,48.778392,-123.710392,,,,
The Pharmacy on King,552598,751 King Street West,,Kitchener,ON,N2G 1E5,Canada,(519) 578-9991,43.455558,-80.507129,,,,
Alpine Drug Mart,554466,"2060 Columbia Avenue, PO Box 940",,Rossland,BC,V0G 1Y0,Canada,(250) 362-5550,49.077064,-117.799183,,,,
Islington I.D.A. Pharmacy,553803,"2428 Islington Avenue, Unit 109",,Toronto,ON,M9W 3X8,Canada,(416) 741-5553,43.723819,-79.559696,,,,
Lumby Pharmacy,502907,1960 Vernon Street,,Lumby,BC,V0E 2G0,Canada,(250) 547-2324,50.247358,-118.966848,,,,
Donex Pharmacy & Department Store,556525,145 Birch Avenue,,100 Mile House,BC,V0K 2E0,Canada,(250) 395-4004,51.646317,-121.294704,,,,
RAY LAWSON PHARMACY,564406,17 RAY LAWSON BLVE 10,,BRAMPTON,ON,L6Y 5Y8,Canada,(905) 497-8283,43.657786,-79.723841,,,,
MILLWOODS IDA PHARMACY,562767,2841 MILLWOODS RD NW,,EDMONTON,AB,T6K 4A9,Canada,(780) 461-3939,53.459615,-113.446811,,,,
IDA Nash Pharmacy,555895,691 Queenston Rd,,Hamilton,ON,L8G 1A1,Canada,(905) 578-6274,43.229732,-79.772488,,,,
GLENWOODS IDA PHARMACY,560358,5 - 443 THE QUEENSWAY ST S,,KESWICK,ON,L4P 3J4,Canada,(905) 535-5588,44.21216,-79.465016,,,,
Eastview Pharmacy,513505,573 King Street E,,Oshawa,ON,L1H 1G3,Canada,(905) 725-3594,43.902443,-78.842627,,,,
Thunder Bay Care Pharmacy,560611,1040 OLIVER ROAD,,THUNDER BAY,ON,P7B 7A5,Canada,(807) 345-8880,48.421427,-89.271791,,,,
Woodchester Pharmacy,550260,13 - 2458 Dundas Street W,,Mississauga,ON,L5K 1R8,Canada,(905) 822-9500,43.527031,-79.676942,,,,
Castle Pharmacy,552554,71 King Avenue West,,Newcastle,ON,L1B 1L2,Canada,(905) 419-5550,43.917096,-78.590054,,,,
SULLIVAN'S I.D.A. PHARMACY,514721,71 HUNTER ST E,,PETERBOROUGH,ON,K9H 1G4,Canada,(705) 742-3469,44.305946,-78.310325,,,,
West 10th Medical Pharmacy Ltd.,503054,4307 W 10 Avenue,,Vancouver,BC,V6R 2H6,Canada,(604) 222-2028,49.263754,-123.203578,,,,
The Hope Pharmacy,556503,38 Church Street South,,Ajax,ON,L1S 6B3,Canada,(289) 660-0536,43.853196,-79.054797,,,,
Jerry's Drug Warehouse,557498,311 Brock Street North,,Whitby,ON,L1N 4H8,Canada,(905) 666-3784,43.883358,-78.943546,,,,
Robertson's Drug Store,508432,39 Meredith Street PO Box 85,,Gore Bay,ON,P0P 1H0,Canada,(705) 282-2147,45.916932,-82.464518,,,,
NEW DENVER COMMUNITY PHARMACY,560765,309 6 AVE,,NEW DENVER,BC,V0G 1S0,Canada,(250) 358-2500,49.991542,-117.374611,,,,
McIntyre Pharmacy,544094,49 Talbot Street,,Blenheim,ON,N0P 1A0,Canada,(519) 676-5467,42.303981,-81.919925,,,,
Piper Pharmacy,554927,105 - 3215 49 Avenue,,Red Deer,AB,T4N 0M8,Canada,(403) 343-1800,52.265291,-113.811582,,,,
I CARE PHARMACY - GUELPH,565660,11 SPEEDVALE AVE E,,GUELPH,ON,N1H 1J2,Canada,,43.558683,-80.267716,,,,
Lillooet Pharmacy,501693,656 Main Street ,,Lillooet,BC,V0K 1V0,Canada,(250) 256-7538,50.692842,-121.935052,,,,
Sedgewick Pharmacy,547738,4841 47 Street PO Box 100,,Sedgewick,AB,T0B 4C0,Canada,(780) 384-3528,52.774679,-111.692145,,,,
MEAFORD PHARMACY,562382,334 Sykes Street,,MEAFORD,ON,N4L 1X1,Canada,(226) 662-7000,44.591575,-80.573149,,,,
Roulstons Pharmacy,516238,65 Donly Drive North,,Simcoe,ON,N3Y 0C2,Canada,(519) 426-8011,42.838083,-80.287355,,,,
Westport Village Pharmacy,559489,3 Church Street,,Westport,ON,K0G 1X0,Canada,(613) 273-2922,44.679586,-76.396543,,,,
Royal Oak Pharmacy,553252,1 - 2524 Third Line,,Oakville,ON,L6M 0G8,Canada,(905) 469-8830,43.449534,-79.760132,,,,
Health Square Pharmacy,545130,15 Westney Road North,,Ajax,ON,L1T 1L1,Canada,(905) 427-1455,43.859277,-79.040826,,,,
Medi Pharm 2 Pharmacy,556391,2535 Major Mackenzie Drive West,,Maple,ON,L6A 1C6,Canada,(905) 417-3400,43.852599,-79.523238,,,,
Kipp-Mallery Pharmacy,559390,273 Victoria Street,,Kamloops,BC,V2C 2A1,Canada,(250) 372-2531,50.675828,-120.334516,,,,
Yorkgate Drug Mart,523686,1 York Gate Blvd,,North York,ON,M3N 3A1,Canada,(416) 650-9000,43.756964,-79.520763,,,,
Provost I.D.A. Drug Store,544523,5010 - 50 Street,,Provost,AB,T0B 3S0,Canada,(780) 753-2792,52.351853,-110.264544,,,,
Healthmed Pharmacy,549718,"#22- 240 Midpark Way S.E,",,Calgary,AB,T2X 1N4,Canada,(403) 254-8448,50.913627,-114.064124,,,,
Dunlop Pharmacy,551992,"7 Anne Street South, Unit 3",,Barrie,ON,L4N 2C4,Canada,(705) 737-2300,44.382435,-79.704402,,,,
Mnis I.D.A. Pharmacy,541315,2098 E Wikwemikong Way,,Wikwemikong,ON,P0P 2J0,Canada,(705) 859-2866,45.788883,-81.73744,,,,
Millcreek Pharmacy,502277,4012 50 Street,,Edmonton,AB,T6L 5N3,Canada,(780) 450-6429,53.476472,-113.417222,,,,
CAPSULE PHARMACY,564142,110 - 1011 1st Sreet SW,,CALGARY,AB,T2R 1J2,Canada,(403) 475-4366,51.042727,-114.066102,,,,
Greenbank Hunt Club I.D.A. Pharmacy,557366,250 Green Bank Road,,Ottawa,ON,K2H 8X4,Canada,(613) 288-1414,45.325271,-75.779802,,,,
BON PHARMACY,564461,2 BEAR RD BOX 130,,SCANTERBURY,MB,R0E 1W0,Canada,(204) 766-2336,50.346161,-96.618234,,,,
Robins Pharmacy,512818,191 Main Street PO Box 205,,Newmarket,ON,L3Y 3Y9,Canada,(905) 895-2411,44.053455,-79.457388,,,,
Mitchell Pharmacy,505405,27 Woodward Avenue,,Blind River,ON,P0R 1B0,Canada,(705) 356-2633,46.186552,-82.954043,,,,
DORCHESTER PHARMACY,565396,4327 HAMILTON RD,,HAMILTON,ON,N0L 1G3,Canada,(519) 268-6060,42.979407,-81.103526,,,,
Plaza 160 Pharmacy,553105,8103 160 Avenue NW,,Edmonton,AB,T5Z 0G3,Canada,(780) 457-3305,53.62079,-113.466789,,,,
Pharmacare Drug Store,543227,213 Military Road,,Lancaster,ON,K0C 1N0,Canada,(613) 347-3971,45.139823,-74.499365,,,,
Unicare Pharmacy of Mississauga,541833,325 Central Parkway W,,Mississauga,ON,L5B 3X9,Canada,(905) 361-1335,43.583356,-79.639511,,,,
BLUE SKIES PHARMACY,561898,"9980 KENNEDY ROAD, Unit C9",,MARKHAM,ON,L6C 0M4,Canada,(905) 888-8833,43.896386,-79.319794,,,,
Express Aid I.D.A. Pharmacy,553757,477 Grove Street,,Barrie,ON,L4M 6M3,Canada,(705) 720-2262,44.405285,-79.655262,,,,
Pollard I.D.A. Pharmacy,514451,37 Seguin Street,,Parry Sound,ON,P2A 1B3,Canada,(705) 746-2581,45.343784,-80.034808,,,,
BROADWAY PHARMACY,563064,618 BROADWAY AVE,,WINNIPEG,MB,R3C 0W8,Canada,(204) 783-1887,49.885524,-97.155379,,,,
SOUTHEAST WELLNESS PHARMACY,562976,116 C PARK ROAD WEST,,STEINBACH,MB,R5G 1V6,Canada,(204) 346-1970,49.545144,-96.691505,,,,
Island Pharmacy #3,541888,330 Festubert Street,,Duncan,BC,V9L 3S9,Canada,(250) 746-7494,48.777664,-123.701858,,,,
Barrhaven Pharmacy,553994,"1221 Greenbank Road, Suite 103",,Nepean,ON,K2J 5V7,Canada,(613) 825-1200,45.274524,-75.748732,,,,
Lee's Dundas Pharmacy,534216,58 King Street E,,Dundas,ON,L9H 1B8,Canada,(905) 627-4584,43.265626,-79.951119,,,,
Alix Drugs,502020,4904 - 50 Avenue,,Alix,AB,T0C 0B0,Canada,(403) 747-2405,52.400054,-113.191109,,,,
McIntyre Pharmacy,514372,238 Main Street PO Box 38,,Parkhill,ON,N0M 2K0,Canada,(519) 294-6314,43.163185,-81.683838,,,,
AMP Family Drug Pharmacy,559302,2836 Main Street,,Shubenacadie,NS,B0N 2H0,Canada,(902) 758-3533,45.086736,-63.40866,,,,
Scotts Drug Mart,550394,1000 Simcoe Street N,,Oshawa,ON,L1G 4W4,Canada,(905) 576-7000,43.924117,-78.875309,,,,
FAMILY PHARMACY LLOYDMINSTER,563229,117-4910 50 STREET,,LLOYDMINSTER,SK,S9V 0Y5,Canada,(306) 825-5389,53.283645,-110.00416,,,,
Global Drugs,503526,233 16 Avenue NW,,Calgary,AB,T2M 0H5,Canada,(403) 246-1227,51.066833,-114.066234,,,,
Sandstone Pharmacies McKenzie Lake,542608,16630 McKenzie Lake Blvd SE,,Calgary,AB,T2Z 1N4,Canada,(403) 257-1888,50.903235,-113.990391,,,,
Tavistock Pharmacy,517004,17 Woodstock Street S,,Tavistock,ON,N0B 2R0,Canada,(519) 655-2111,43.320596,-80.836412,,,,
INNES IDA PHARMACY,561810,4473 INNES RD,,OTTAWA,ON,K4A 3J7,Canada,(613) 424-8444,45.474841,-75.436727,,,,
Breton Pharmacy ,557098,5031 50 Avenue,,Breton,AB,T0C 0P0,Canada,(780) 696-3594,53.109505,-114.473926,,,,
Sandstone Pharmacies Three Hills,541710,422 Main Street,,Three Hills,AB,T0M 2A0,Canada,(403) 443-5551,51.704083,-113.268738,,,,
Stouffville I.D.A. Pharmacy,519120,6212 Main Street,,Stouffville,ON,L4A 2S5,Canada,(905) 640-3324,43.971035,-79.248811,,,,
Dowling I.D.A. Pharmacy,507508,30 Main Street PO Box 209,,Dowling,ON,P0M 1R0,Canada,(705) 855-4562,46.586158,-81.32835,,,,
Crescent I.D.A. Drugs,501816,10029 101 Avenue PO Box 720,,Lac La Biche,AB,T0A 2C0,Canada,(780) 623-4059,54.77076,-111.9758,,,,
Ayda Pharmacy,558466,1801 Eglinton Avenue West,,Toronto,ON,M6E 2H8,Canada,(416) 789-1859,43.695877,-79.448956,,,,
Mount Royal Pharmacy,506283,2047 Mount Forest Drive,,Burlington,ON,L7P 1H4,Canada,(905) 332-8893,43.347316,-79.827349,,,,
KidCare Pharmacy/Pharmacie Pdiatrique,559720,401 SMYTH RD,,OTTAWA,ON,K1H 8L1,Canada,(613) 737-2316,45.399005,-75.653086,,,,
VODDEN MD PHARMACY,563548,389 MAIN ST N UNIT 7,,BRAMPTON,ON,L6X 3P1,Canada,(902) 451-5905,43.694782,-79.772803,,,,
Millbrook Pharmacy,511672,8 King Street,,Millbrook,ON,L0A 1G0,Canada,(705) 932-3131,44.150173,-78.450387,,,,
Wabamun Pharmacy,503043,5120 - 51 Avenue,,Wabamun,AB,T0E 2K0,Canada,(780) 892-2278,53.557674,-114.47219,,,,
Falher I.D.A. Pharmacy,502817,5 Main Street SW,,Falher,AB,T0H 1M0,Canada,(780) 837-2112,55.7376,-117.201855,,,,
Island Pharmacy #8,552767,2734B Barry Road,,Mill Bay,BC,V0R 2P2,Canada,(250) 743-4421,48.653767,-123.562432,,,,
SMALLMAN PHARMACY,562987,"368 MAIN STREET, Box 969",,HAILEYBURY,ON,P0J 1K0,Canada,(705) 672-5261,47.448995,-79.635297,,,,
MEDPOINT CARE PHARMACY,562635,355 WELLINGTON ST UNIT 169,,LONDON,ON,N6A 3N7,Canada,(519) 434-1111,42.983417,-81.245741,,,,
TREHERNE PHARMACY,564175,206 RAILWAY AVE,,TREHERNE,MB,R0G 2V0,Canada,12047232334,49.630112,-98.699482,,,,
