store_name,store_number,address,address2,city,state,zip_code,country,phone_number,latitude,longitude,store_hours,store_type,other_fields,coming_soon
Port City Pharmacy,,333 Main St,,Saint John,NB,E2K 1J1,Canada,(506) 663-9898,,,,,,
Sussex,,625J Main Street,,Sussex,NB,E4E 7H5,Canada,(506) 433-3008,,,,,,
Sakku Drugs Ltd.,,Box 430,,Rankin Inlet,NU,X0C 0G0,Canada,867-645-2811,,,,,,
Pembina Drugs,,3 - 2725 Pembina Hwy,,Winnipeg,MB,R3T 2H5,Canada,204-261-4449,,,,,,
Kituna Pharmacy Ltd. - Cambridge Bay,,18 Omingmak Street,,Cambridge Bay,NU,X0B 0C0,Canada,867-983-2140,,,,,,
White Rock Pharmacy,,102-1440 George St.,,Whiterock,BC,V4B 4A3,Canada,(604) 542-4878,,,,,,
Grand Medicine Health Services,,Suite A - 220 Cree Cres,,Winnipeg,MB,R3J 3W1,Canada,204-885-0768,,,,,,
Hometown HealthCare,,292 Main Street,,Upper Letang,NB,E5C 3V1,Canada,(506) 755-8880,,,,,,
Bay Pharmacy,,6355 Bruce Street,,West Vancouver,BC,V7W 2G5,Canada,604-305-0330,,,,,,
Johnstone's,,17 Centennial Street,,Stanley,NB,E6B 1A9,Canada,(506) 367-2007,,,,,,
Rexton,,114 Main St.,,Rexton,NB,E4W 2B3,Canada,(506) 523-2666,,,,,,
Hunter River,,4276 Hopedale Road,,Hunter River,PE,C0A 1N0,Canada,(902) 964-2218,,,,,,
Rogersville,,11085 Rue Principale,,Rogersville,NB,E4Y 2L9,Canada,(506) 775-6600,,,,,,
Gordon Head Pharmacy,,102-1660 Feltham Road,,Victoria,BC,V8N 2A1,Canada,250-590-0557,,,,,,
Wetaskiwin Family Pharmacy Inc.,,"P.O. Box 6025, 5101A-50th St.",,Wetaskiwin,AB,T9A 2E8,Canada,(780) 352-5111,,,,,,
Life Med Pharmacy,,"P.O. Box 1110, 4740-50th Ave.",,Whitecourt,AB,T7S 1P1,Canada,(780) 706-5012,,,,,,
Yorkton Pharmacy,,398 Broadway St. W.,,Yorkton,SK,S3N 0P1,Canada,(306) 782-6630,,,,,,
Fisher's Vauxhall Pharmacy,,"P.O. Box 220, 415-2nd Avenue",,Vauxhall,AB,T0K 2K0,Canada,(403) 654-2515,,,,,,
Vilna Pharmacy,,5012 50th Street,,Vilna,AB,T0A 3L0,Canada,780-636-3550,,,,,,
Turner Valley Pharmacy,,"Bay 2, 101 Sunset Blvd SW",,Turner Valley,AB,T0L 2A0,Canada,403-933-2682,,,,,,
Tipaskan Pharmacy,,3206-82nd St.,,Tipaskan,AB,T6K 3Y3,Canada,(780) 761-3336,,,,,,
Thorhild Drug Store,,P.O. Box 115,,Thorhild,AB,T0A 3J0,Canada,(780) 398-3883,,,,,,
Johnson's Taber Drugs,,5204 - 48th Avenue,,Taber,AB,T1G 1S1,Canada,403-223-2233,,,,,,
Gray Chemists Ltd.,,681 - 15th St. W,,Prince Albert,SK,S6V 7H9,Canada,(306) 764-2300,,,,,,
Sundre Community Drug Mart,,"P.O. Box 1958, 403 Main Avenue West",,Sundre,AB,T0M 1X0,Canada,(403) 638-3922,,,,,,
Tofield PharmaChoice,,"P.O. Box 1029, 5119-50th St.",,Tofield,AB,T0B 4J0,Canada,(780) 662-3520,,,,,,
Mint Health + Drugs: Crystal Ridge,,Bay 2-55 Wheatland Trail,,Strathmore,AB,T1P 1R7,Canada,(403) 901-2244,,,,,,
River Crest Pharmacy,,367 St. Albert Trail,,St. Albert,AB,T5N 0R1,Canada,780-569-0345,,,,,,
Mint Health + Drugs: Mainstreet,,"P.O. Box 3183, 5106-50th Street",,Stony Plain,AB,T7Z 1T4,Canada,(780) 963-3728,,,,,,
Mint Health + Drugs: Meridian,,"#2, 4402-37th St.",,Stony Plain,AB,T7Z 2A9,Canada,(780) 963-9792,,,,,,
Liberton Pharmacy,,31 Liberton Drive,,St. Albert,AB,T8N 3X6,Canada,(780) 459-2227,,,,,,
Grandin Prescription Centre,,1 St Anne Street,,St. Albert,AB,T8N 2E8,Canada,(780) 458-0123,,,,,,
Catalyst Pharmacy,,5009 50 Ave,,St Paul,AB,TOA 3A0,Canada,(780) 614-3210,,,,,,
Kingsridge Pharmacy,,"#102, 225 Carleton Drive",,"St Albert,",AB,T8N 4J9,Canada,(780) 458-9007,,,,,,
Tri Wellness MD Pharmacy,,Unit 104 -7 Tri Leisure Way,,Spruce Grove,AB,T7X 0T3,Canada,587-853-0453,,,,,,
Viking Pharmacy,,5305 51st Street,,Viking,AB,T0B 4N0,Canada,(780) 336-3380,,,,,,
Sams Drug Mart,,Unit A 322 McLeod Ave,,Spruce Grove,AB,T7X 0J6,Canada,780 571 1221,,,,,,
Synergy Pharmacy,,#153 - 501 Bethel Drive,,Sherwood Park,AB,T8H 0N2,Canada,(780) 449-2017,,,,,,
Nottingham Pharmacy,,300-664 Wye Road,,Sherwood Park,AB,T8A 6G3,Canada,780-570-0995,,,,,,
Mint Health+Drugs Sherwood Dispensaries & Homecare,,"#109, 65 Chippewa Road",,Sherwood Park,AB,T8A 6J7,Canada,(780) 467-9839,,,,,,
Community Health Pharmacy,,5016 - 50 St,,Sangudo,AB,T0E 2A0,Canada,780-785-3784,,,,,,
Snow's Pharmacy Ltd.,,"P.O. Box 859, 53A Broadway N.",,Raymond,AB,T0K 2S0,Canada,(403) 752-3023,,,,,,
Mint Health + Drugs: Peace River,,10013 - 100th Avenue,,Peace River,AB,T8S 1S6,Canada,780-624-1200,,,,,,
Preferred RX Pharmacy,,"P.O. Box 3783, 4601-50th Ave.",,Olds,AB,T4H 1P5,Canada,(403) 556-4155,,,,,,
Morley Pharmacy,,P.O. Box 1189,,Morley,AB,T0L 1N0,Canada,(403) 881-2237,,,,,,
Morinville Family Pharmacy,,103 - 10507 - 100th Avenue,,Morinville,AB,T8R 1A2,Canada,780-572-6146,,,,,,
Morniville Family Pharmacy,,"103, 10507 - 100 Ave",,Morinville,AB,T8R 1A2,Canada,780-572-6146,,,,,,
MacKenzie Drugs,,301 North Railway St. S.E.,,Medicine Hat,AB,T1A 2Z1,Canada,(403) 526-2667,,,,,,
Lloyd Drug Mart,,101 - 4100 70th Ave,,Lloydminster,AB,T9V 3X2,Canada,780-872-7045,,,,,,
Norbridge Pharmacy,,722-23rd St. N.,,Lethbridge,AB,T1H 3S7,Canada,(403) 329-1211,,,,,,
Gail's Apothecary & Compounding Pharmacy,,"#2, 425-13th St. N",,Lethbridge,AB,T1H 2S3,Canada,(403) 329-4121,,,,,,
Anderson's Pharmacy,,"P.O. Box 397, 1609-9th Ave. S.",,Lethbridge,AB,T1J 3Z1,Canada,(403) 328-3822,,,,,,
Stafford Pharmacy & Home Healthcare,,"Bay 5, 1475 St. Edward Blvd N.",,Lethbridge,AB,T1H 2P9,Canada,(403) 320-6500,,,,,,
Skelton's Pharmacy,,424 Mayor Magrath Dr. S.,,Lethbridge,AB,T1J 3L9,Canada,(403) 328-3565,,,,,,
Stokes Pharmacy Ltd.,,408 - 4 Avenue S.,,Lethbridge,AB,T1J 5E9,Canada,(403) 380-3535,,,,,,
High River Pharmacy,,103 3 Ave SW. PO BOX 5130,,High River,AB,T1V 1M3,Canada,403-652-5608,,,,,,
Solutions Clinical Pharmacy,,#1-2020 Strachan Rd SE,,Medicine Hat,AB,T1B 0M9,Canada,(403) 528-3900,,,,,,
Hardisty Community Drug Mart,,"P.O. Box 589, 5032-50th Street",,Hardisty,AB,T0B 1V0,Canada,780-888-3786,,,,,,
Chinook Rx,,901 3rd Ave South,,"Lethbridge,",AB,T1J 0J1,Canada,587-425-0101,,,,,,
Mint Health + Drugs: Sterling,,"#106, 11601 101 Ave",,Grande Prairie,AB,T8V 3X9,Canada,587-299-9555,,,,,,
Dave Hill Pharmacy,,#1-200 Thickwood Blvd.,,Fort McMurray,AB,T9K 1X9,Canada,(780) 750-1111,,,,,,
Fort Pharmacy (1988) Ltd.,,"P.O. Box 598, 240-24th Street",,Fort Macleod,AB,T0L 0Z0,Canada,(403) 553-3844,,,,,,
Switzer's Drug,,"P.O. Box 6180, 224-50th St.",,Edson,AB,T7E 1T7,Canada,(780) 723-4666,,,,,,
Leduc Plaza Pharmacy,,102 - 6207 50th Street,,Leduc,AB,T9E 7A9,Canada,780-612-7970,,,,,,
CDM Elnora Pharmacy,,#205 Main Street,,Elnora,AB,T0M 0Y0,Canada,403-773-3678,,,,,,
Lamont County Pharmacy,,5120 - 50 Avenue,,Lamont,AB,T0B 2R0,Canada,(780) 579-0017,,,,,,
Elk Point Pharmacy,,"P.O. Box 389, 4906-50th Street",,Elk Point,AB,T0A 1A0,Canada,(780) 724-3866,,,,,,
Northtown Pharmacy,,9012 - 132 Ave NW,,"Edmonton,",AB,T5E 0Y2,Canada,780-244-9900,,,,,,
Edgewater Pharmacy,,8516 Jasper Avenue,,Edmonton,AB,T2J 0B6,Canada,780-761-0734,,,,,,
Market Drugs Medical,,10203-97th St. NW,,Edmonton,AB,T5J 0L5,Canada,(780) 422-1397,,,,,,
Lemarchand Dispensary,,#3B 11503-100th Ave. NW,,Edmonton,AB,T5K 2K7,Canada,(780) 482-3322,,,,,,
Prescription Centre West,,30 Jerry Potts Blvd W.,,Lethbridge,AB,T1K 5M5,Canada,(403) 381-7712,,,,,,
Nolan Drugs,,8731-118 Ave NW,,Edmonton,AB,T5B 0T2,Canada,(780) 477-2748,,,,,,
Inglewood Pharmacy,,11824-124 Street,,Edmonton,AB,T5L 0M3,Canada,780-732-0117,,,,,,
Imagine Health Pharmacies (Edmonton),,2316-96th Street,,Edmonton,AB,T6N 1J8,Canada,(780) 468-5999,,,,,,
Eastwood Pharmacy,,7919-118th Avenue,,Edmonton,AB,T5B 0R5,Canada,(780) 761-0505,,,,,,
Mint Health + Drugs: CMP,,10611-101st Street,,Edmonton,AB,T5H 2S2,Canada,(780) 757-1030,,,,,,
50th Street Pharmacy,,13046 - 50th Street N.W.,,Edmonton,AB,T5A 4V9,Canada,780-760-0103,,,,,,
Global Pharmacy,,"#144, 550 Clareview Rd.",,Edmonton,AB,T6H 4H2,Canada,(587) 524-1930,,,,,,
Beverly Pharmacy,,4245-118th Ave.,,Edmonton,AB,T5W 1A5,Canada,(780) 756-7711,,,,,,
Clearwater Pharmacy,,15345 - 97th Street,,Edmonton,AB,T5X 5V3,Canada,(780) 476-8383,,,,,,
Capilano Pharmacy,,5818 Terrace Rd.,,Edmonton,AB,T6A 3Y8,Canada,(780) 761-3331,,,,,,
Westmount Pharmacy,,11035 Grout Road,,Edmonton,AB,T5M 3J9,Canada,780-705-9045,,,,,,
Beverly Towne Pharmacy,,11722 34th Street N.W.,,Edmonton,AB,T5W 1Z1,Canada,(780) 758-7510,,,,,,
Manning Pharmacy,,220 Manning Crossing,,Edmonton,AB,T5A 1A5,Canada,(780) 758-9595,,,,,,
Boyle McCauley Pharmacy & Home Healthcare,,10817 - 95th Street,,Edmonton,AB,T5H 2E2,Canada,(780) 705-6333,,,,,,
Strathcona Prescription Centre,,8225-105th Street NW,,Edmonton,AB,T6E 4H2,Canada,(780) 432-0394,,,,,,
Stony Pharmacy,,15506 Stony Plain Rd NW,,Edmonton,AB,T5P 3Z2,Canada,(780) 341-9980,,,,,,
South Blvd Pharmacy,,4220 Gateway Blvd.,,Edmonton,AB,T6J 5J7,Canada,(780) 466-0688,,,,,,
Medicine Market Pharmacy,,726-91 St SW,,Edmonton,AB,T6X 0E4,Canada,(780) 705-5656,,,,,,
Bonnie Doon Pharmacy,,8130 - 82nd Avenue,,Edmonton,AB,T6C 0Y4,Canada,587-521-8251,,,,,,
Rutherford Pharmacy,,11460-17th Ave. SW,,Edmonton,AB,T6W 2S5,Canada,(780) 988-3640,,,,,,
Old Scona Pharmacy,,10427-80th Ave.,,Edmonton,AB,T6E 1V1,Canada,(780) 756-1700,,,,,,
North East Pharmacy,,7210-144 Ave. NW,,Edmonton,AB,T5C 2R7,Canada,(780) 478-3322,,,,,,
Millwoods Pharmacy,,"#105, 2603 Hewes Way",,Edmonton,AB,T6L 6W6,Canada,(780) 469-6337,,,,,,
Waldins Pharmacy Ltd,,9124-23rd Ave. N.W.,,Edmonton,AB,T6N 1H9,Canada,(780) 756-3350,,,,,,
MacMillan's Pharmacy,,"108, 4930-55th Ave.",,Drayton Valley,AB,T7A 1W2,Canada,(780) 542-5102,,,,,,
Winter's Pharmacy,,4955-41st Ave.,,Drayton Valley,AB,T7A 1V4,Canada,(780) 542-2895,,,,,,
Devon Central Pharmacy,,Unit #1- 102 Erie St South,,Devon,AB,T9G 2J4,Canada,(780) 738-1122,,,,,,
Crossfield Pharmacy,,109 - 1010 Railway St,,Crossfield,AB,T0M 0S0,Canada,403-941-3875,,,,,,
Two Pharmacy ,,#105 - 100 Grand Boulevard,,Cochrane,AB,T4C 0S4,Canada,(403) 932-2500,,,,,,
Good Health Dispensary,,"P.O. Box 662, 1917-17th St.",,Coaldale,AB,T1M 1M6,Canada,(403) 345-5189,,,,,,
Claresholm Pharmacy,,"P.O. Box 580, 4921-1st Street",,Claresholm,AB,T0L 0T0,Canada,(403) 625-3050,,,,,,
Gourlay's Canmore Clinic,,120-1151 Sidney St.,,Canmore,AB,T1W 3G1,Canada,(403) 678-5288,,,,,,
Vista Heights Pharmacy,,"#100, 2066-18th Ave. NE",,Calgary,AB,T2E 8N5,Canada,(403) 291-4525,,,,,,
Corner DrugStore,,602 8 Avenue SE,,Calgary,AB,T2G 0M1,Canada,403-263-4620,,,,,,
Three Sisters Pharmacy,,104 - 75 Dyrgas Gate,,Canmore,AB,T1W 0A6,Canada,403 678 2220,,,,,,
Carewell Pharmacy,,580 Acadia Dr S.E.,,Calgary,AB,T2J 0B6,Canada,587-318-7150,,,,,,
Family Care Pharmacy,,218 - 40 Country Hills Landing N.W.,,Calgary,AB,T3K 5P4,Canada,587-352-2600,,,,,,
Medicare Plus Pharmacy,,#7-6208 Rundlehorn Drive N.E.,,Calgary,AB,T1Y 2X1,Canada,(403) 453-6386,,,,,,
McKnight Pharmacy,,#133-4851 Westwinds Dr. NE,,Calgary,AB,T3J 4L4,Canada,(403) 293-8721,,,,,,
Mayfair Pharmacy,,128-6707 Elbow Dr. SW,,Calgary,AB,T2V 0E3,Canada,(403) 259-6893,,,,,,
Market Mall Pharmacy & Compounding,,#100 4935-40th Ave. NW,,Calgary,AB,T3A 2N1,Canada,(403) 286-3120,,,,,,
Medistar Skyview Pharmacy,,180 - 5305 Country Hills Blvd N.E.,,Calgary,AB,T3N 0X4,Canada,587-356-6334,,,,,,
Madigan Pharmacy,,"Unit 68, 6060 Memorial Dr. NE",,Calgary,AB,T2A 5Z5,Canada,(403) 457-9250,,,,,,
Kenron Pharmacy,,100-1620 29th St. NW,,Calgary,AB,T2N 4L7,Canada,(403) 289-7224,,,,,,
Imagine Health Pharmacies (Calgary),,4120-15 Sunpark Place SE,,Calgary,AB,T2X 0M5,Canada,(403) 910-3990,,,,,,
Evansburg Pharmacy,,5107 - 50th Street,,Evansburg,AB,T0E 0T0,Canada,780 727 2732,,,,,,
Northmount Pharmacy,,"1334 Northmount Drive, NW,",,Calgary,AB,T2L 0E6,Canada,(403) 338-9755,,,,,,
Elite Pharmacy,,110 - 6108 Bowness Rd,,Calgary,AB,T3B 0E1,Canada,403-457-7221,,,,,,
Future Drug Mart #2,,102-4015 17th Avenue. S.E.,,Calgary,AB,T2A 0S8,Canada,(403) 453-0169,,,,,,
Future Drug Mart,,104-5401 Temple Dr. N.E.,,Calgary,AB,T1Y 3R7,Canada,(403) 293-6200,,,,,,
Forest Lawn Pharmacy,,105-4909 17th Ave. SE,,Calgary,AB,T2A 0V5,Canada,(403) 457-4880,,,,,,
Downtown Drug Mart,,115-8th Ave. SW,,Calgary,AB,T2P 1B4,Canada,(403) 266-2059,,,,,,
Dermatology Centre Pharmacy,,124 - 42nd Avenue S.W.,,Calgary,AB,T2S 3B3,Canada,(403) 299-5808,,,,,,
Coach Hill Pharmacy,,#105 - 6490 Old Banff Coach Rd S.W.,,Calgary,AB,T3H 5R8,Canada,(403) 930-5808,,,,,,
Chief Pharmacy,,411 - 19th St. SE,,Calgary,AB,T2E 6J7,Canada,(403) 930-1237,,,,,,
Cambrian Pharmacy,,9-728 Northmount Dr. NW,,Calgary,AB,T2K 3K2,Canada,(403) 289-9181,,,,,,
Calgary Drug Mart #2,,"Unit 2, 4100 Marlborough Dr. NE",,Calgary,AB,T2A 2Z5,Canada,(587)354-4466,,,,,,
Calgary Drug Mart,,E13-10 Richard Way S.W.,,Calgary,AB,T3E 7M9,Canada,(403) 984-9334,,,,,,
Britannia Pharmacy,,809-49th Ave. SW,,Calgary,AB,R2S 1G8,Canada,(403) 243-2354,,,,,,
Bridlewood Pharmacy,,"95, 2525 Bridlecrest Way SW",,Calgary,AB,T2Y 5J4,Canada,(403) 258-1356,,,,,,
Bridgedale Pharmacy,,1010-1st Ave. NE,,Calgary,AB,T2E 7W7,Canada,(403) 269-6440,,,,,,
Braeside Pharmacy,,11432-B Braeside Drive S.W.,,Calgary,AB,T2W 4X8,Canada,(403) 238-0860,,,,,,
Mint Health + Drugs: Blue Bottle,,148-17th Ave. NE,,Calgary,AB,T2E 1L6,Canada,(403) 276-3364,,,,,,
Beacon Pharmacy,,"Unit 107, 1213 - 4th St. S.W.",,Calgary,AB,T2R 0X7,Canada,(403) 767-9060,,,,,,
Avenida Pharmacy Inc.,,"412,12445 Lake Fraser Dr. SE",,Calgary,AB,T2J 7A4,Canada,(403) 720-6337,,,,,,
Alpha Care Pharmacy,,"Unit # 411, 3508 32nd Ave N.E",,Calgary,AB,T1Y 6J2,Canada,587-356-0737,,,,,,
Carestar Pharmacy,,217 - 45 Edenwold Drive N.W.,,Calgary,AB,T3A 3S8,Canada,403-239-0722,,,,,,
Essence Pharmacy,,150-3650 Westwinds Drive NE,,Calgary,AB,T3J 0W9,Canada,403-514-6020,,,,,,
Pharmacy Plus,,5066 - 68th Street N.E.,,Calgary,AB,T3J 4J1,Canada,403-568-0005,,,,,,
Southport Pharmacy,,Unit 106 - 10333 Southport Road S.W.,,Calgary,AB,T2W 3X6,Canada,403-253-7753,,,,,,
Lynnwood Drugs,,6618 20A Street South East,,Calgary,AB,T2C 0R3,Canada,403-279-3731,,,,,,
Renfrew Pharmacy,,832 Edmonton Trail N.E.,,Calgary,AB,T2E 3J6,Canada,(403) 452 -1005,,,,,,
Imagine Health Pharmacy - Downtown Calgary,,100 - 300 6th Avenue S.E.,,Calgary,AB,T2G 0G5,Canada,403-775-9669,,,,,,
Rock Royal Pharmacy,,"228, 500 Royal Oak Dr. NW",,Calgary,AB,T3G 5J7,Canada,(403) 455-3565,,,,,,
Hunterhorn Pharmacy,,6558 4th Street NE,,Calgary,AB,T2K 6H9,Canada,(403) 475-2700,,,,,,
Script Pharmacy,,"Suite#100, 7015 MacLeod Trail SW",,Calgary,AB,T2H 2K6,Canada,(403) 253-6773,,,,,,
South Trail Pharmacy,,Unit 78 - 4307 - 130th Ave SE,,Calgary,AB,T2Z 3V8,Canada,403-475-8612,,,,,,
Rideau Pharmacy,,1711-4th St. SW,,Calgary,AB,T2S 1V8,Canada,(403) 228-5067,,,,,,
Ranchland's Pharmacy,,4-7750 Ranchview Dr. NW,,Calgary,AB,T3G 1Y9,Canada,(587) 352-7100,,,,,,
Pineridge Pharmacy,,7 3250-60th St. NE,,Calgary,AB,T1Y 3T5,Canada,(403) 568-0095,,,,,,
Stampede Pharmacy,,19 - 3616 52nd Ave N.W.,,Calgary,AB,T2L 1V9,Canada,403-460-4646,,,,,,
Signature Drug Mart,,509-1851 Sirocco Dr S.W,,Calgary,AB,T3H 4R5,Canada,403-455-1119,,,,,,
Panorama Hills Pharmacy,,28 Panatella Blvd N.W.,,Calgary,AB,T3K 6K7,Canada,(403) 460-6707,,,,,,
Nazia Pharmacy,,4-6815 Temple Dr. NE,,Calgary,AB,T1Y 5N4,Canada,(587) 354-7700,,,,,,
Midlake Pharmacy,,15233 Bannister Road SE,,Calgary,AB,T2X 1Z3,Canada,(587) 350-8747,,,,,,
Kensington Pharmacy,,12620-132nd Avenue,,Edmonton,AB,T5L 3P9,Canada,(780) 488-6699,,,,,,
Wyckham Pharmacy,,"Z004 Wyckham House, 4825 Mount Royal Gate S.W.",,Calgary,AB,T3E 6K6,Canada,(403) 720-3784,,,,,,
Valley Ridge Pharmacy,,#300-11245 Valley Ridge Dr. NW,,Calgary,AB,T3B 5V4,Canada,(403) 532-4500,,,,,,
Universal Pharmacy,,#113-5271 Memorial Dr. SE,,Calgary,AB,T2A 4V1,Canada,(403) 235-0081,,,,,,
Tsuu Tina Pharmacy,,72 Bullhead Road,,Calgary,AB,T2W 6H6,Canada,(403) 251-6700,,,,,,
Tower Drugs,,"#137, 131-9th Ave. SW",,Calgary,AB,T2P 1K1,Canada,(403) 261-2006,,,,,,
Beiseker Pharmacy,,701-1st Avenue,,Beiseker,AB,T0M 0G0,Canada,(403) 947-3875,,,,,,
Bassano Pharmacy,,"P.O. Box 1378, 401-2nd Avenue",,Bassano,AB,T0J 0B0,Canada,(403) 641-3757,,,,,,
Rita's Apothecary & Home Healthcare Ltd,,5036A-50th Street,,Barrhead,AB,T7N 1A4,Canada,(780) 674-6656,,,,,,
Gourlay's Banff Pharmacy,,"P.O. Box 1080, 220 Bear St.",,Banff,AB,T1L 1B1,Canada,(403) 762-2516,,,,,,
Andrew Pharmacy and Home Health Care,,5015 50th St,,Andrew,AB,T0B 0C0,Canada,780-365-3832,,,,,,
Apple Pharmacy,,"229, 1st St S.W.",,Airdrie,AB,T4B 3L8,Canada,587-775-5593,,,,,,
Village Medical Pharmacy,,Unit 117 - 513 Centre Ave East,,Airdrie,AB,T4B 1P9,Canada,(587) 775-5948,,,,,,
Sherwood,,19 Brackley Point Road,,Charlottetown,PE,C1A 6Y1,Canada,(902) 628-8900,,,,,,
Alberton,,"483 Main Street, P.O. BOX 600",,Alberton,PE,C0B 1B0,Canada,(902) 853-2808,,,,,,
Loucks Medi-Health Pharmacy Ltd.,,115 - 41 Broadway W,,Yorkton,SK,S3N 0L6,Canada,(306) 786-6636,,,,,,
Hearn's Westview Pharmacy,,265 Bradbrooke Dr.,,Yorkton,SK,S3N 3L3,Canada,(306) 783-4331,,,,,,
Wynyard Pharmacy Ltd.,,"P.O. Box 309, 225 Bosworth St.",,Wynyard,SK,S0A 4T0,Canada,(306) 554-2571,,,,,,
Wilkie Pharmacy Ltd.,,"P.O. Box 690, 109 2nd Ave. E",,Wilkie,SK,S0K 4W0,Canada,(306) 843-2462,,,,,,
Price Rite Drugs,,27-3rd St. N.E.,,Weyburn,SK,S4H 0W1,Canada,(306) 842-4221,,,,,,
Watrous Pharmacy (1995) Ltd.,,"P.O. Box 220, 213 Main St.",,Watrous,SK,S0K 4T0,Canada,(306) 946-3311,,,,,,
Rubicon Pharmacies,,"102 Central Street West, P.O. Box 1390",,Warman,SK,S0K 4S0,Canada,(306) 931-7800,,,,,,
Granger Drugs Ltd.,,"P.O. Box 340, 3010 Central Ave.",,Waldheim,SK,S0K 4R0,Canada,(306) 945-2167,,,,,,
Wakaw Pharmacy Inc.,,"P.O. Box 190, 134 1st St. S",,Wakaw,SK,S0K 4P0,Canada,(306) 233-4661,,,,,,
Wadena Drugs Ltd.,,"P.O. Box 340, 66 Main St. W",,Wadena,SK,S0A 4J0,Canada,(306) 338-2351,,,,,,
Our Drug Store 1996 Inc.,,"P.O. Box 877, 115 Main St.",,Unity,SK,S0K 4L0,Canada,(306) 228-2121,,,,,,
Lacroix Drug Store,,"P.O. Box 1270, 1011 - 100th St.",,Tisdale,SK,S0E 1T0,Canada,(306) 873-2144,,,,,,
Strasbourg Pharmacy,,"P.O. Box 250, 201 Mountain St.",,Strasbourg,SK,S0G 4V0,Canada,(306) 725-3224,,,,,,
Newhope Pharmacy,,"P.O. Box 240, 316 Main St.",,Stoughton,SK,S0G 4T0,Canada,(306) 457-2522,,,,,,
St. Walburg Pharmacy,,"P.O. Box 10, 31 Main St.",,St. Walburg,SK,S0M 2T0,Canada,(306) 248-3611,,,,,,
Spiritwood Good Health Pharmacy,,"P.O. Box 279, 106 Main St.",,Spiritwood,SK,S0J 2M0,Canada,(306) 883-2391,,,,,,
Southey Drugs Ltd.,,170 Keats St.,,Southey,SK,S0G 4P0,Canada,(306) 726-2024,,,,,,
Smoky Lake PharmaChoice,,134 White Earth St,,Smoky Lake,SK,T0A 3C0,Canada,780-656-8542,,,,,,
Davis Rexall (Smeaton),,"P.O. Box 158, 2nd Ave. N.",,Smeaton,SK,S0J 2J0,Canada,(306) 426-2338,,,,,,
Woodland Pharmacy,,P.O. Box 160,,Shellbrook,SK,S0J 2E0,Canada,(306) 747-2545,,,,,,
Jae's Pharmacy,,"P.O. Box 1448, 335 Centre St.",,Shaunavon,SK,S0N 2M0,Canada,(306) 297-1333,,,,,,
West-Side Pharmacy,,102 Ave. P South,,Saskatoon,SK,S7M 2V9,Canada,(306) 975-9666,,,,,,
White's Pharmacy,,3315B Fairlight Drive,,Saskatoon,SK,S7M 3Y5,Canada,(306) 244-6380,,,,,,
Werezak's Pharmacy Ltd.,,5 - 123 Lenore Dr.,,Saskatoon,SK,S7K 7H9,Canada,306-931-6662,,,,,,
Wall Street Pharmacy,,"M-05, 140 Wall St.",,Saskatoon,SK,S7K 1N4,Canada,(306) 652-5194,,,,,,
Nordon Drugs Ltd.,,1610 Isabella St. E,,Saskatoon,SK,S7J 0C1,Canada,(306) 374-1585,,,,,,
Mayfair Drugs,,504 - 33rd St.W.,,Saskatoon,SK,S7L 0V8,Canada,(306) 653-4357,,,,,,
Laurier Drive Pharmacy Ltd.,,3110 Laurier Dr.,,Saskatoon,SK,S7L 5J7,Canada,(306) 384-8788,,,,,,
Lakeview Pharmacy,,11 - 1945 McKercher Dr.,,Saskatoon,SK,S7J 4M4,Canada,(306) 955-5222,,,,,,
Earl's Pharmacy Ltd.,,#7-705 Central Avenue,,Saskatoon,SK,S7N 3A4,Canada,(306) 244-1531,,,,,,
Cheetham's Pharmacy,,514 Queen St.,,Saskatoon,SK,S7K 0M5,Canada,(306) 653-5111,,,,,,
Brunskill Pharmacy Inc.,,1302 Temperance St.,,Saskatoon,SK,S7N 0P3,Canada,(306) 653-2922,,,,,,
Broadway Pharmacy,,824 Broadway Ave.,,Saskatoon,SK,S7N 1B6,Canada,(306) 665-6999,,,,,,
Stonebridge Pharmacy,,2-215 Stonebridge Blvd.,,Saskatoon,SK,S7T 0G3,Canada,(306) 649-4649,,,,,,
Saskatoon Medical Arts Pharmacy,,133 - 750 Spadina Cresc. E.,,Saskatoon,SK,S7K 3H3,Canada,(306) 652-5252,,,,,,
Pharmacy First on 8th,,"Unit 102, 3333-8th St. E.",,Saskatoon,SK,S7K 4K1,Canada,(306) 955-1521,,,,,,
Pacific Avenue Pharmacy Inc.,,102 - 149 Pacific Ave.,,Saskatoon,SK,S7K 1N8,Canada,(306) 244-3011,,,,,,
Mount Royal Drugs Ltd.,,701 Ave. P. N.,,Saskatoon,SK,S7L 2W1,Canada,(306) 382-7373,,,,,,
Northumberland Pharmacy,,Unit F3 940 Northumberland Ave,,Saskatoon,SK,S7L 3W8,Canada,306-242-0824,,,,,,
Rosthern Pharmacy (1994) Ltd.,,"P.O. Box 130, 3 - 1014 6th St.",,Rosthern,SK,S0K 3R0,Canada,(306) 232-4388,,,,,,
Friesen Drug (1994) Ltd.,,"P.O. Box 609, 2006 6th St.",,Rosthern,SK,S0K 3R0,Canada,(306) 232-4383,,,,,,
Rose Valley Pharmacy,,"P.O. Box 340, 303 Centre St.",,Rose Valley,SK,S0E 1M0,Canada,(306) 322-2141,,,,,,
Super Thrifty Drug Mart Rocanville,,110 Ellice Street,,Rocanville,SK,S0A 3L0,Canada,306-645-2633,,,,,,
PharmaChoice Revelstoke,,555 Victoria Road,,Revelstoke,SK,V0E 2S0,Canada,250-837-5191,,,,,,
Winnipeg Street Pharmacy Inc,,1106A Winnipeg Street,,Regina,SK,S4R 1J6,Canada,(306) 949-0900,,,,,,
Wellness Pharmacy Canterbury Park,,1713 Badham Blvd.,,Regina,SK,S4P 0L9,Canada,(306) 545-4503,,,,,,
Towers Pharmacy,,2713 Avonhurst Dr.,,Regina,SK,S4R 3J3,Canada,(306) 586-9377,,,,,,
Stapleford Pharmacy,,4113 - 5th Avenue,,Regina,SK,S4T 0M3,Canada,(306) 545-5900,,,,,,
River Heights Drugs,,2730 Montague St.,,Regina,SK,S4S 0J9,Canada,(306) 584-2455,,,,,,
Park Street Drugs Ltd.,,2415 Park St.,,Regina,SK,S4N 2H1,Canada,(306) 757-9164,,,,,,
Medi-Drugs #149,,3992A Albert St.,,Regina,SK,S4S 3R1,Canada,(306) 586-6366,,,,,,
Lorne Drugs (Regina) Ltd.,,2255 - 14th Ave.,,Regina,SK,S4P 0X9,Canada,(306) 757-9667,,,,,,
Lakeshore Pharmacy,,1380 - 23rd Ave.,,Regina,SK,S4S 3S5,Canada,(306) 584-0717,,,,,,
Hill Avenue Drugs Ltd.,,3410 Hill Ave.,,Regina,SK,S4S 0W9,Canada,(306) 586-6262,,,,,,
Dewdney Drugs (1986) Ltd.,,3034 Dewdney Ave.,,Regina,SK,S4T 0Y2,Canada,(306) 757-8604,,,,,,
College Avenue Drugs,,636 College Ave.,,Regina,SK,S4N 0X5,Canada,(306) 525-2513,,,,,,
Queen City Wellness Pharmacy - 11th Avenue,,1120-11th Avenue,,Regina,SK,S4P 0G3,Canada,(306) 522-2266,,,,,,
Pioneer Village Pharmacy,,430 Pioneer Drive,,Regina,SK,S4T 6L8,Canada,(306) 949-1233,,,,,,
Pasqua South Wellness Pharmacy,,3515 Pasqua St.,,Regina,SK,S4S 7G9,Canada,(306) 522-2925,,,,,,
Medi-Drugs 5th Avenue,,3015 - 5th Ave.,,Regina,SK,S4T OL6,Canada,(306) 352-5626,,,,,,
Raymore Pharmacy,,"P.O. Box 40, 112 Main St.",,Raymore,SK,SOA 3JO,Canada,(306) 746-2151,,,,,,
Victoria Square Pharmacy Ltd.,,2345 - 10th Ave. W,,Prince Albert,SK,S6V 7V6,Canada,(306) 922-8959,,,,,,
Medical Pharmacy P.A.,,1335 Central Ave.,,Prince Albert,SK,S6V 4W1,Canada,(306) 763-2637,,,,,,
Crescent Heights Pharmacy,,2805-6th Ave. E,,Prince Albert,SK,S6V 6Z6,Canada,(306) 764-5510,,,,,,
Medi-Center Pharmacy,,2685 - 2nd Ave West,,Prince Albert,SK,S6V 5E3,Canada,306-763-2022,,,,,,
My Pharmacy Ltd.,,385 - 15th St. W.,,Prince Albert,SK,S6V 3R1,Canada,(306) 922-3784,,,,,,
Paul's Drugs Ltd.,,"P.O. Box 379, 107 Main St.",,Preeceville,SK,S0A 3B0,Canada,(306) 547-2020,,,,,,
Slobodian Pharmacy Ltd.,,"P.O. Box 399, 211 McAllister Ave.",,Porcupine Plain,SK,S0E 1H0,Canada,(306) 278-2177,,,,,,
White Butte Pharmacy,,1505 Aaron Drive,,Pilot Butte,SK,S0G 3Z0,Canada,306-522-1212,,,,,,
Spencer's Pharmacy Oxbow Ltd.,,"P.O. Box 300, 222 Main St.",,Oxbow,SK,SOC 2BO,Canada,(306) 483-2262,,,,,,
Oultlook Medical Pharmacy,,219 Franklin St,,Outlook,SK,S0L 2N0,Canada,306-867-1202,,,,,,
Fisher's Drug Store,,101 - 1501 - 100th St.,,North Battleford,SK,S9A 0W3,Canada,(306) 445-6153,,,,,,
Norquay Family Pharmacy,,8 Main Street,,Norquay,SK,S0A 2V0,Canada,306-594-2022,,,,,,
Nokomis Pharmacy (2004) Ltd.,,"P.O. Box 356, 112 Main St.",,Nokomis,SK,S0G 3R0,Canada,(306) 528-2240,,,,,,
Davis Rexall Drugs Ltd.,,"P.O. Box 1923, 110 - 1st Ave. W",,Nipawin,SK,S0E 1E0,Canada,(306) 862-3141,,,,,,
Moose Jaw Main Street Pharmacy,,"Suite 115, 361 Main St. N.",,Moose Jaw,SK,S6H 0W2,Canada,(306) 691-0101,,,,,,
TLC Pharmacy,,1235 Main St. N.,,Moose Jaw,SK,S6H 6M4,Canada,(306) 972-7200,,,,,,
Royal Drug Mart,,135 - 3rd Avenue E,,Melville,SK,S0A 2P0,Canada,(306) 728-5625,,,,,,
Madill's Drugs,,"P.O. Box 160, 215 Centre St.",,Meadow Lake,SK,S9X 1Y2,Canada,(306) 236-5210,,,,,,
Martensville Pharmacy Ltd.,,"P.O. Box 953, 17 Centennial Dr.",,Martensville,SK,S0K 2T0,Canada,(306) 931-2868,,,,,,
Maidstone Pharmacy (1991) Ltd.,,"P.O. Box 400, 120 Main St.",,Maidstone,SK,S0M 1M0,Canada,(306) 893-2273,,,,,,
Luseland Pharmacy Ltd.,,"P.O. Box 209, 502 Grand Ave.",,Luseland,SK,S0L 2A0,Canada,(306) 372-4244,,,,,,
Lumsden Drugs,,365 James Street N,,Lumsden,SK,S0G 3C0,Canada,306-731-2464,,,,,,
Woodland Pharmacy - Leask,,"P.O. Box 400, Main St.",,Leask,SK,S0J 1M0,Canada,(306) 466-4747,,,,,,
Dirk Family Pharmacy,,"P.O. Box 400, 116 - 1st Ave. W",,Leader,SK,S0N 1H0,Canada,(306) 628-3744,,,,,,
Lafleche Pharmacy,,"P.O. Box 400, 119 Main St.",,Lafleche,SK,S0H 2K0,Canada,(306) 472-5205,,,,,,
Center Point Pharmacy,,2612 Laloche Avenue,,Laloche,SK,S0M 1G0,Canada,306-822-3295,,,,,,
Harbour Pharmacy,,"P.O. Box 1379, 809 La Ronge Ave.",,La Ronge,SK,S0J 1L0,Canada,(306) 425-5566,,,,,,
Balfour Drugs Ltd.,,"P.O. Box 149, 528 Main St.",,Kipling,SK,S0G 2S0,Canada,(306) 736-2242,,,,,,
Kelvington PharmaChoice,,"P.O. Box 819, 206 Main St.",,Kelvington,SK,S0A 1W0,Canada,(306) 327-4662,,,,,,
Lanigan Pharmacy,,"P.O. Box 460, 16 Carlton Trail Mall, Bay 15, Downing Dr.",,Lanigan,SK,S0K 2M0,Canada,(306) 365-2855,,,,,,
Bick's Drugs Ltd.,,"P.O. Box 500, 437 Atlantic",,Kerrobert,SK,S0L 1R0,Canada,(306) 834-2241,,,,,,
Kamsack Family Pharmacy,,"P.O. Box 2080, 504-3rd Ave. S.",,Kamsack,SK,S0A 1S0,Canada,(306) 542-1333,,,,,,
Royal Street Pharmacy Ltd.,,"P.O. Box 186, 205 Royal St.",,Imperial,SK,S0G 2J0,Canada,(306) 963-2110,,,,,,
Humboldt Medical Dispensary,,"P.O. Box 390, 637 - 9th St.",,Humboldt,SK,S0K 2A0,Canada,(306) 682-4111,,,,,,
Harder's Pharmacy,,"P.O. Box 549, 604 Herbert Ave.",,Herbert,SK,S0H 2A0,Canada,(306) 784-2249,,,,,,
Hague Pharmacy,,205 Main Street,,Hague,SK,S0K 1X0,Canada,306-225-3674,,,,,,
Redberry Pharmacy,,"P.O. Box 310, 10 Main St.",,Hafford,SK,S0J 1A0,Canada,(306) 549-2280,,,,,,
Sametz Pharmacy Ltd.,,"P.O. Box 8, 413 Main St. N",,Ituna,SK,S0A 1N0,Canada,(306) 795-2271,,,,,,
Saleski Pharmacy Ltd.,,"P.O. Box 1000, 730 Desmond",,Grenfell,SK,SOG 2B0,Canada,(306) 697-2600,,,,,,
Valley Drug Mart Ltd.,,"P.O. Box 578, 103 Broadway St. W",,Fort Qu'appelle,SK,S0G 1S0,Canada,(306) 332-5660,,,,,,
Foam Lake Pharmacy,,"P.O. Box 580, 407 Main St.",,Foam Lake,SK,S0A 1A0,Canada,(306) 272-3272,,,,,,
Henders Drugs,,1220 - 4th St.,,Estevan,SK,S4A 0W9,Canada,(306) 634-3666,,,,,,
Sapara's Drug Mart Ltd.,,"P.O. Box 250, 434 Main St.",,Esterhazy,SK,S0A 0X0,Canada,(306) 745-6662,,,,,,
Eastside Pharmacy,,#80 Great Plains Road,,Emerald Park,SK,S4L 1C3,Canada,(306) 205-1472,,,,,,
Elrose Pharmacy Ltd.,,"P.O. Box 489, 203 Main St.",,Elrose,SK,S0L 0Z0,Canada,(306) 378-2335,,,,,,
Carlton Trail Pharmacy,,"P.O. Box 460, 255 Victoria Ave.",,Duck Lake,SK,S0K 1J0,Canada,(306) 467-4555,,,,,,
Midway Pharmacy,,"P.O. Box 726, 133 Washington Ave.",,Davidson,SK,S0G 1A0,Canada,(306) 567-3240,,,,,,
Dalmeny Buy 'N' Save Drug Mart,,"P.O. Box 370, 130 - 3rd St.",,Dalmeny,SK,S0K 1E0,Canada,(306) 254-2144,,,,,,
Prairie Pharmacy Ltd.,,"P.O. Box 99, 110 Stanley St.",,Cupar,SK,S0G 0Y0,Canada,(306) 723-4212,,,,,,
Yuzdepski's Pharmacy,,"P.O. Box 429, 111 Main St.",,Cudworth,SK,S0K 1B0,Canada,(306) 256-4440,,,,,,
Poplar River Pharmacy,,P.O. Box 750,,Coronach,SK,S0H 0Z0,Canada,(306) 267-2077,,,,,,
Galloway's Pharmacy Ltd.,,"P.O. Box 190, 199 Main",,Central Butte,SK,S0H 0T0,Canada,(306) 796-2040,,,,,,
Carrot River Pharmacy,,"P.O. Box 40,18 Main St.",,Carrot River,SK,S0E 0L0,Canada,(306) 768-2222,,,,,,
Carnduff Drug Mart,,"P.O. Box 669,101 Broadway St.",,Carnduff,SK,S0C 0S0,Canada,(306) 482-3637,,,,,,
Woodland Pharmacy - Canwood,,"P.O. Box 460, Main St.",,Canwood,SK,S0J 0K0,Canada,(306) 468-2545,,,,,,
Mall Centre Pharmacy,,"P.O. Box 1360, 932 Norway Rd S.",,Canora,SK,S0A 0L0,Canada,(306) 563-5499,,,,,,
Canora Pharmacy Ltd.,,"P.O. Box 779, 216 Main St.",,Canora,SK,S0A 0L0,Canada,(306) 563-5411,,,,,,
Bruno Pharmacy,,518 Main Street,,Bruno,SK,S0K 0S0,Canada,(306) 369-4114,,,,,,
Redberry Pharmacy (Blaine Lake),,307 Main St.,,Blaine Lake,SK,S0J 0J0,Canada,(306) 497-2270,,,,,,
Quayle's Pharmacy Ltd.,,"P.O. Box 249, 226 Bellamy Ave.",,Birch Hills,SK,S0J 0G0,Canada,(306) 749-2221,,,,,,
Leslie's Drug Store Ltd.,,"P.O. Box 250, 205 Main St.",,Biggar,SK,S0K 0M0,Canada,(306) 948-3397,,,,,,
Prescription Works Pharmacy,,110 Main Street,,Big River,SK,S0J 0E0,Canada,(306) 469-2137,,,,,,
Bengough Drugs Ltd.,,"P.O. Box 218, 101 Main St.",,Bengough,SK,S0C 0K0,Canada,(306) 268-2002,,,,,,
Battleford Drug Mart,,"P.O. Box 628, 102 - 22nd St. West",,Battleford,SK,S0M 0E0,Canada,(306) 937-3303,,,,,,
Arcola Pharmacy Ltd.,,"P.O. Box 355, 111 Main St.",,Arcola,SK,S0C 0G0,Canada,(306) 455-2333,,,,,,
Constance Bay,,131 Constance Bay Rd,,Woodlawn,ON,K0A 3M0,Canada,(613) 832-7707,,,,,,
Ziter Pharmacy,,2462 Howard Ave,,Windsor,ON,N8X 3V6,Canada,(519) 252-2200,,,,,,
Family Health West,,1604 Tecumseh Road West,,Windsor,ON,N9B 1T8,Canada,(519) 977-0433,,,,,,
Howard Medical,,2285 Howard Ave,,Windsor,ON,N8X 3V2,Canada,(519) 256-7979,,,,,,
Clinix+,,475 Tecumseh Road East,,Windsor,ON,N8X 4W5,Canada,(519) 915-8787,,,,,,
Downtown Windsor,,100 Park Street West,,Windsor,ON,N9A 7A5,Canada,(519) 256-1600,,,,,,
Erie Health & Wellness,,101 Erie Street East,,Windsor,ON,N9A 3W9,Canada,(519) 252-0002,,,,,,
Family Health East,,6720 Hawthorne Drive,,Windsor,ON,N8T 1J9,Canada,(519) 944-4451,,,,,,
Windsor River,,671 Wyandotte Street East,,Windsor,ON,N9A 3H9,Canada,(519) 254-2226,,,,,,
Central Mall,,3691 Tecumseh Road East,,Windsor,ON,N8W 3H8,Canada,(519) 948-9333,,,,,,
Central Drug Windsor,,5415 Tecumseh Road Eas,,Windsor,ON,N8T 1C5,Canada,(519) 948-1177,,,,,,
Olde Walkerville,,1701 Wyandotte St E,,Windsor,ON,N8Y 1C9,Canada,(519) 255-9009,,,,,,
Health First (Windsor),,5565 Wyandotte St E,,Windsor,ON,N8S 4T9,Canada,(519) 974-0000,,,,,,
Novacare,,1275 Walker Road 3A,,Windsor,ON,N8Y 4X9,Canada,(519) 946-0303,,,,,,
Seaway Valley (Winchester),,507 Main St,,Winchester,ON,K0C 2K0,Canada,(613) 774-2633,,,,,,
Wellington,,274 Main Street,,Wellington,ON,K0K 3L0,Canada,(613) 399-2420,,,,,,
West Lynde,,965 Dundas Street West,,Whitby,ON,L1P 1G8,Canada,(905) 666-5388,,,,,,
Beechwood Wellness,,420 Erb Street West Unit 7,,Waterloo,ON,N2L 6H6,Canada,(519) 884-1025,,,,,,
Family Health Walpole,,785 Tecumseh Rd #16,,Walpole Island,ON,N8A 4K9,Canada,(519) 627-8868,,,,,,
B and A,,15 Roncesvalles Ave,,Toronto,ON,M6R 2K2,Canada,(416) 537-4101,,,,,,
Pharmacie Nipissing Pharmacy,,26 Principale Street East,,Verner,ON,P0H 2M0,Canada,705-581-2013,,,,,,
Trinity Drug,,25 Glen Watford Drive #22,,Toronto,ON,M1S 2B7,Canada,(416) 297-6008,,,,,,
I Care Discount,,"1577 Danforth Ave, #6",,Toronto,ON,M4C 1H7,Canada,(416) 691-0786,,,,,,
Dales (Toronto),,572 Parliament Street,,Toronto,ON,M4X 1P8,Canada,(416) 921-5700,,,,,,
Victoria Park,,1314 Victoria Park Avenue,,Toronto,ON,M4B 2L4,Canada,(416) 752-0888,,,,,,
ProHealth,,343 Coxwell Ave Unit 3,,Toronto,ON,M4L 3B5,Canada,(416) 465-7776,,,,,,
Stanbury's,,1032 Pape Avenue,,Toronto,ON,M4K 3W2,Canada,(416) 423-4661,,,,,,
Apex Compounding,,90 Eglinton Ave E,,Toronto,ON,M4P 2Y3,Canada,(416) 481-2231,,,,,,
Moss Park,,325 Queen St East,,Toronto,ON,M5A 1S9,Canada,(416) 361-5713,,,,,,
Lawrence,,2013 Lawrence Ave West #5,,Toronto,ON,M9N 0A3,Canada,(416) 235-1500,,,,,,
Coward,,165 Broadway Street,,Tillsonburg,ON,N4G 3P9,Canada,(519) 842-4081,,,,,,
Dales (Thornhill),,8200 Bayview Ave,,Thornhill,ON,L3T 2S2,Canada,(905) 881-1616,,,,,,
Mill Street,,15 Mill Street East,,Tilbury,ON,N0P 2L0,Canada,(519) 682-0033,,,,,,
Royal Oasis,,486 Advance Blvd Unit 140B,,Tecumseh,ON,N8N 5G8,Canada,(519) 727-6800,,,,,,
Bradley's,,430 Notre Dame Ave.,,Sudbury,ON,P3C 5K7,Canada,(705) 675-5693,,,,,,
Lasalle Clinic,,1813 Lasalle Blvd,,Sudbury,ON,P3A 2A3,Canada,(705) 521-1811,,,,,,
Stratford Medical Pharmacy,,444 Douro Rd,,Stratford,ON,N5A 0E6,Canada,(519) 271-5959,,,,,,
Medical,,342 Erie Street #109,,Stratford,ON,N5A 2N4,Canada,(519) 272-0888,,,,,,
Ballantrae,,3 Felcher Blvd,,Stouffville,ON,L4A 7X4,Canada,(905) 642-5555,,,,,,
Wellington Medical,,460 Wellington St #101,,St. Thomas,ON,N5R 6H9,Canada,(519) 637-9900,,,,,,
Yurek,,519 Talbot St,,St. Thomas,ON,N5P 1C3,Canada,(519) 631-3330,,,,,,
Springwater Pharmacy,,1017 Carson Rd,,Springwater,ON,L9X 0V7,Canada,705-725-0202,,,,,,
Hubbard Pharmacy Ltd.,,155 Queen Street East P.O. Box 957,,St Marys,ON,N4X 1B6,Canada,(519) 284-1380,,,,,,
Smooth Rock Falls,,133-5th Street,,Smooth Rock Falls,ON,P0L 2B0,Canada,(705) 338-4470,,,,,,
M.D.A. Discount Drugs,,"4125 Lawrence Ave., East",,Scarborough,ON,M1E 2S2,Canada,(416) 284-2432,,,,,,
Guild Clinic,,88 Dearham Wood,,Scarborough,ON,M1E 1S4,Canada,(416) 284-0284,,,,,,
Dales (Scarborough),,9A Chelwood Road,,Scarborough,ON,M1K 2K5,Canada,(416) 752-1441,,,,,,
Cedarbrae Medical,,3630 Lawrence Ave E,,Scarborough,ON,M1G 1P6,Canada,(416) 901-6380,,,,,,
Pharmacenter,,857 Milner Ave,,Scarborough,ON,M1B 5N6,Canada,(416) 287-1957,,,,,,
West Hill Medical,,4637 Kingston Road E,,Scarborough,ON,M1E 2P8,Canada,(416) 628-7881,,,,,,
Central Drug Mart (Pine),,701 Pine Street,,Sault Ste. Marie,ON,P6B 1Z1,Canada,(705) 942-7987,,,,,,
Central Drug Mart (Bay),,293 Bay Street,,Sault Ste. Marie,ON,P6A 1X3,Canada,(705) 450-1717,,,,,,
Rapids,,1150 Pontiac Drive Unit 5,,Sarnia,ON,N7S 3A7,Canada,(519) 344-0100,,,,,,
Russell,,110 Craig St P.O. BOX 40,,Russell,ON,K4R 1C7,Canada,(613) 445-5555,,,,,,
Rockland,,2768 Laurier street,,Rockland,ON,K4K 1K6,Canada,(613) 446-6008,,,,,,
Upper Yonge,,"10909 Yonge St., Unit 57",,Richmond Hill,ON,L4C 3E3,Canada,(905) 770-1016,,,,,,
Aikenhead's,,226 Raglan Street,,Renfrew,ON,K7V 1R1,Canada,(613) 432-8866,,,,,,
The Apothecary Shop,,86 Joseph Street PO Box 418,,Port Carling,ON,P0B 1J0,Canada,(705) 765-6866,,,,,,
Seaway Valley (Prescott),,254 King St W,,Prescott,ON,K0E 1T0,Canada,(613) 925-5525,,,,,,
Glenn,,496 Main Street P.O. BOX 88,,Powassan,ON,P0H 1Z0,Canada,(705) 724-2741,,,,,,
Pontypool,,646A Drum Rd,,Pontypool,ON,L0A 1K0,Canada,(705) 277-1234,,,,,,
Mulvihill (Petawawa),,3419 Petawawa Blvd.,,Petawawa,ON,K8H 1X4,Canada,(613) 687-7607,,,,,,
Plantagenet PharmaChoix,,181 Old Hwy 17,,Plantagenet,ON,K0B 1L0,Canada,(613) 673-4898,,,,,,
Mulvihill (West End),,1231 Pembroke Street West,,Pembroke,ON,K8A 5R3,Canada,(613) 735-1079,,,,,,
Mulvihill (Lorraine Wing),,201 Deacon Street,,Pembroke,ON,K8A 2J6,Canada,(613) 735-0161,,,,,,
Mulvihill (East End),,315 Pembroke Street East,,Pembroke,ON,K8A 3K2,Canada,(613) 735-6559,,,,,,
Shas,,1428 Walkley Road,,Ottawa,ON,K1V 6P5,Canada,(613) 737-4106,,,,,,
Donald St,,336 Donald St,,Ottawa,ON,K1K 1M5,Canada,(613) 567-1212,,,,,,
Bank Street,,2531 Bank Street,,Ottawa,ON,K1V 8R9,Canada,(613) 739-1212,,,,,,
Vanier,,101 - 355 Montreal Road,,Ottawa,ON,K1L 6B3,Canada,(613) 746-8102,,,,,,
AltaBank,,1405 Bank Street,,Ottawa,ON,K1H 8N1,Canada,(613) 526-4466,,,,,,
Brisson,,270 Dalhousie St,,Ottawa,ON,K1N 7E4,Canada,(613) 241-6273,,,,,,
Option,,879 Shefford Road Unit 100,,Ottawa,ON,K1J 8H9,Canada,(613) 741-7444,,,,,,
HMA Pharmacy,,2948 Baseline Road,,Ottawa,ON,K2H 8T5,Canada,(613) 228-9925,,,,,,
Eshmun,,460 W Hunt Club Road ~ Unit 101,,Ottawa,ON,K2E 1B2,Canada,(613) 737-3000,,,,,,
White Cross Dispensary,,264 Elgin St,,Ottawa,ON,K2P 1M2,Canada,(613) 233-4029,,,,,,
Smyth Medical,,1929 Russell Rd,,Ottawa,ON,K1G 4G3,Canada,(613) 521-1300,,,,,,
Somerset Drugs,,708-A Somerset St West,,Ottawa,ON,K1R 6P6,Canada,(613) 234-7011,,,,,,
Hunt Club,,7 - 2430 Bank St,,Ottawa,ON,K1V 0T7,Canada,(613) 521-7955,,,,,,
The Prescription Shop,,1125 Colonel By Drive,,Ottawa,ON,K1S 5R1,Canada,(613) 526-3666,,,,,,
Blossom Park,,2928 Bank Street,,Ottawa,ON,K1T 1N6,Canada,(613) 736-7366,,,,,,
Health Smart,,1500 Bank Street,,Ottawa,ON,K1H 7Z1,Canada,(613) 695-5561,,,,,,
Bond Street,,60 Bond Street West Bond Towers - 2nd Floor,,Oshawa,ON,L1G 1A5,Canada,(905) 579-5111,,,,,,
Savers Drug Mart,,97 King Street East,,Oshawa,ON,L1H 1B8,Canada,(905) 433-1566,,,,,,
Jeanne D'Arc Medical Arts,,1887 St. Joseph Blvd.,,Orleans,ON,K1C 1E4,Canada,(613) 518-0022,,,,,,
St. Mary Health Centre,,210 Trim Rd.,,Orleans,ON,K4A 0G4,Canada,(613) 590-7800,,,,,,
Orleans,,4275 Innes Road #110,,Orleans,ON,K1C 1T1,Canada,(613) 837-4747,,,,,,
Wilson Bathurst,,"333 Wilson Avenue, #103",,North York,ON,M3H 1T2,Canada,(416) 631-0199,,,,,,
North Gower,,2333 Church Street,,North Gower,ON,K0A 2T0,Canada,(613) 489-5000,,,,,,
Pharmacie Noelville,,20 St-David North,,Noelville,ON,P0M 2N0,Canada,(705) 898-2999,,,,,,
Victoria Medical,,1-4632 Victoria Ave,,Niagara Falls,ON,L2E 4B7,Canada,(905) 354-1115,,,,,,
Niagara Urgent Care,,5845 Ferry Street,,Niagara Falls,ON,L2G 1S8,Canada,(289) 296-3200,,,,,,
M.D Care,,"200 Davis Dr., Unit 4",,Newmarket,ON,L3Y 2N4,Canada,(905) 835-5050,,,,,,
Newburgh PharmaChoice,,2068 County Road 1 East,,Newburgh,ON,K0K 2S0,Canada,(613) 378-2220,,,,,,
Findlay's,,247 Whitewood Ave P.O. BOX 460,,New Liskeard,ON,P0J 1P0,Canada,(705) 647-8186,,,,,,
Gabriel Drugs (Centrepointe),,117 Centrepoint Road,,Nepean,ON,K2G 5X3,Canada,(613) 723-2366,,,,,,
Longfields,,613 Longfields Drive,,Nepean,ON,K2J 6J2,Canada,(613) 440-9199,,,,,,
Wallace's Drug,,27 Dundas St E,,Napanee,ON,K7R 3M3,Canada,(613) 354-3321,,,,,,
Seaway Valley (Morrisburg),,45 Main St Box 732,,Morrisburg,ON,K0C 1X0,Canada,(613) 543-2823,,,,,,
Mavis,,790 Burnhamthorpe Road West,,Mississauga,ON,L5C 4G3,Canada,(905) 803-0200,,,,,,
Fieldgate Pharmacy,,3427 Fieldgate Drive,,Mississauga,ON,L4X 2J4,Canada,(905) 625-0077,,,,,,
Clarkson,,1865 Lakeshore Rd W Unit 12,,Mississauga,ON,L5J 4P1,Canada,(905) 403-8181,,,,,,
Vibrin Drug,,"50 Bristol Rd. E, Units 2 & 3",,Mississauga,ON,L4Z 3K8,Canada,(905) 890-2233,,,,,,
Village,,8 Main Street North,,Milverton,ON,N0K 1M0,Canada,(519) 595-8300,,,,,,
Stewart Pharmacy,,1024 Hwy 9 BOX 220,,Mildmay,ON,N0G 2J0,Canada,(519) 367-5521,,,,,,
Merrickville Drug,,112 Wellington St E,,Merrickville,ON,K0G 1N0,Canada,(613) 269-4737,,,,,,
Janeway Pharmachoice,,180 Sauble Street,,Massey,ON,P0P 1P0,Canada,(705) 865-2600,,,,,,
Dales (Markham),,377 Church Street,,Markham,ON,L6B 1A1,Canada,(905) 471-1234,,,,,,
I Care Drug,,6061 Highway 7,,Markham,ON,L3P 3B2,Canada,(289) 859-4666,,,,,,
Manitouwadge,,2 Huron Walk P.O. BOX 1060,,Manitouwadge,ON,P0T 2C0,Canada,(807) 826-3888,,,,,,
FJS Wellness,,925 Wonderland Road South Unit B,,London,ON,N6K 3R5,Canada,(519) 472-4444,,,,,,
Commissioners,,5-163 Commissioners Rd West,,London,ON,N6X 1X9,Canada,(519) 438-5555,,,,,,
Jalna,,5-1286 Jalna Blvd,,London,ON,N6E 2R6,Canada,(519) 668-7771,,,,,,
London Centre,,21-1080 Adelaide Street North,,London,ON,N5Y 2N1,Canada,(519) 601-5530,,,,,,
Greenhills (London),,2335 Main Street,,London,ON,N6P 1A7,Canada,(519) 652-9066,,,,,,
Ealing,,873 Hamilton Rd,,London,ON,N5Z 1V8,Canada,(519) 451-3590,,,,,,
The Edgewater,,3 Water Street West,,Little Current,ON,P0P 1K0,Canada,705.368.3838,,,,,,
Central Drug Leamington,,38 Erie Street North,,Leamington,ON,N8H 2Z3,Canada,(519) 398-9339,,,,,,
Midtown Pharmacy,,751 King Street West,,Kitchener,ON,N2G 1E5,Canada,519-578-1112,,,,,,
Kirkland,,"38 Government Road, West",,Kirkland Lake,ON,P2N 2E2,Canada,(705) 567-3223,,,,,,
Peters,,640 King Street West,,Kingston,ON,K7M 2E5,Canada,(613) 546-5165,,,,,,
Kanata Mews,,329 March Road,,Kanata,ON,K2K 2E1,Canada,(613) 435-2111,,,,,,
Essential,,6525 Malden Road,,LaSalle,ON,N9H 1T5,Canada,(519) 966-9900,,,,,,
Bridlewood Drug Mart,,64 Stonehaven Dr,,Kanata,ON,K2M 2Y2,Canada,(613) 254-9918,,,,,,
Family Care,,190 Main Street,,Iroquois Falls,ON,P0K 1G0,Canada,(705) 232-2084,,,,,,
Gilmer Pharmacy,,41 Plaza Drive,,Iroquis,ON,K0E 1K0,Canada,(613) 652-4379,,,,,,
Young's,,136 Thames Street South,,Ingersoll,ON,N5C 2T4,Canada,(519) 425-1599,,,,,,
Excel,,36 Heritage Drive,,Ilderton,ON,N0M 2A0,Canada,(519) 660-0440,,,,,,
Pharmacie Novena,,4 Ninth Street,,Hearst,ON,P0L 1N0,Canada,(705) 372-1212,,,,,,
N.L. Gibson's Drugs,,377 Main Street,,Hamilton,ON,L8N 1J4,Canada,(905) 522-3547,,,,,,
MedSmart Pharmacy,,2732 Barton Street East,,Hamilton,ON,L8E 4M6,Canada,(905) 573-3555,,,,,,
Marchese Health Care,,316 James St N,,Hamilton,ON,L8L 1H2,Canada,(905) 528-4214,,,,,,
Rymal Gage,,"905 Rymal Road East, Unit 153",,Hamilton,ON,L8W 3M2,Canada,(905) 383-1000,,,,,,
People's (Hamilton),,Corner of Upper James and Rymal Road,,Hamilton,ON,L9B 1T7,Canada,905-574-8195,,,,,,
Guelph Discount,,20 Woodlawn Road East Unit 7,,Guelph,ON,N1H 1G7,Canada,(519) 265-8991,,,,,,
The Greely,,7163 Parkway Road Suite 1,,Greely,ON,K4P 1N3,Canada,(613) 821-9292,,,,,,
Blackburn,,2575 Innes Rd,,Gloucester,ON,K1B 3K1,Canada,(613) 830-1212,,,,,,
Professional Arts,,99 Sinclair Ave,,Georgetown,ON,L7G 5G1,Canada,(905) 873-4650,,,,,,
Kipling Heights,,2291 Kipling Ave,,Etobicoke,ON,M9W 4L6,Canada,(416) 747-2999,,,,,,
Royal Medical,,605 Royal York Road,,Etobicoke,ON,M8Y 4G5,Canada,(416) 479-0639,,,,,,
HealthPlex (Etobicoke),,2 - 452 Rathburn Blvd,,Etobicoke,ON,M9C 3S8,Canada,(416) 621-6161,,,,,,
Woodbine,,500 Rexdale Blvd Unit A2,,Etobicoke,ON,M9W 6K5,Canada,(416) 679-8711,,,,,,
Espanola Clinic Pharmacy,,801 McKinnon Drive,,Espanola,ON,P5E 1R4,Canada,(705) 862-7000,,,,,,
Elliot Lake,,267 Hillside Drive South,,Elliot Lake,ON,P5A 1N7,Canada,(705) 848-0004,,,,,,
Elgin Drugs,,14 Main Street,,Elgin,ON,K0G 1E0,Canada,(613) 359-5567,,,,,,
Medical Arts,,30 - 13th Street East,,Cornwall,ON,K6H 6V9,Canada,(613) 933-0670,,,,,,
Wallace Drug,,109-6th Avenue,,Cochrane,ON,P0L 1C0,Canada,(705) 272-4381,,,,,,
K and J,,21 Victoria Street,,Clinton,ON,N0M 1L0,Canada,(519) 482-9511,,,,,,
Clarence Creek,,1922 Labonte St.,,Clarence Creek,ON,K0A 1N0,Canada,(613) 488-2366,,,,,,
Chesterville,,21 Main St North P.O. BOX 118,,Chesterville,ON,K0C 1H0,Canada,(613) 448-2492,,,,,,
Lalonde's,,23 Young Street,,Capreol,ON,P0M 1H0,Canada,(705) 858-1231,,,,,,
Bishop Pharmacy,,1515 King Street East,,Cambridge,ON,N3H 3R6,Canada,(519) 219-8794,,,,,,
Brussels Pharmacy,,453 Turnberry Street,,Brussels,ON,N0G 1H0,Canada,(226) 889-4152,,,,,,
Lifeline PharmaChoice,,30 Glamis Road,,Cambridge,ON,N1R 7H5,Canada,(519) 267-5831,,,,,,
Brockville Medical,,100 Strowger Blvd. Suite 108,,Brockville,ON,K6V 5J9,Canada,(613) 498-1100,,,,,,
Colborne,,164 Colborne Street West Unit 2,,Brantford,ON,N3T 1L2,Canada,(519) 753-2121,,,,,,
Pharmacy on Cottrelle,,10 Cottrelle Blvd #107,,Brampton,ON,L6S 0E2,Canada,(905) 497-8288,,,,,,
Superhealth,,8917 Gore Rd #7,,Brampton,ON,L6P 2L1,Canada,(905) 794-4470,,,,,,
Nanaksar,,2 - 511 Ray Lawson Blvd,,Brampton,ON,L6Y 0N2,Canada,(905) 450-7447,,,,,,
Kings Cross,,4 - 17 Kingscross Rd,,Brampton,ON,L6T 3V5,Canada,(905) 799-1788,,,,,,
HealthPlex (Brampton),,150 West Drive,,Brampton,ON,L6T 4P9,Canada,(905) 454-7410,,,,,,
Castlemore,,13 - 2945 Sandlewood Pkwy East,,Brampton,ON,L6R 3J6,Canada,(905) 791-2550,,,,,,
Pharma Xpress,,161 Bridge Street West,,Belleville,ON,K8P 1K2,Canada,(613) 966-2222,,,,,,
Main Street PharmaChoice,,"60 Gillingham Drive, Unit 101",,Brampton,ON,L6X 0Z9,Canada,(905) 454-3008,,,,,,
Pharmacie Bourget,,3 St Pierre St,,Bourget,ON,K0A 1E0,Canada,(613) 487-3598,,,,,,
M.D. Care,,384 Yonge Street Unit 5,,Barrie,ON,L4N 4C8,Canada,(705) 728-2273,,,,,,
Little Avenue Pharmacy,,"Unit 11, 110 Little Avenue",,Barrie,ON,L4N 4K8,Canada,705-503-0606,,,,,,
Hills Clinic,,420 Talbot St West,,Aylmer,ON,N5H 1K9,Canada,(519) 765-2880,,,,,,
Hills (Downtown),,35 Talbot St East,,Aylmer,ON,N5H 1H3,Canada,(519) 765-1271,,,,,,
Visit us at www.clancysdrugs.ca,,99 John Street,,Arnprior,ON,K7S 2N4,Canada,(613) 623-5193,,,,,,
Rastin's Wilson St,,323 Wilson St. E,,Ancaster,ON,L9G 4A8,Canada,(905) 648-6343,,,,,,
People's (Ancaster),,35 Stone Church Road West Unit 5,,Ancaster,ON,L9K 1S5,Canada,(905) 648-9884,,,,,,
Health First (Amherstburg),,721 Front Road S,,Amherstburg,ON,N9V 2M4,Canada,(519) 730-0001,,,,,,
Alfred PharmaChoix,,542 St Philippe St C.P. 324,,Alfred,ON,K0B 1A0,Canada,(613) 679-1212,,,,,,
Discovery Bay,,23-570 Westney Rd S,,Ajax,ON,L1S 6V5,Canada,(905) 428-8322,,,,,,
Quadra Village Pharmacy,,"Unit 3 - 2631 Quadra Street, Victoria",,Victoria,BC,V8T 4E4,Canada,(250) 383-1188,,,,,,
STS Pain Pharmacy,,820 Cormorant Street,,Victoria,BC,V8W 1R1,Canada,(778) 433-7246,,,,,,
Quadra Maple Pharmacy,,"Unit 108, 3960 Quadra St.",,Victoria,BC,V8X 4A3,Canada,(250) 881-8819,,,,,,
Vital Health Pharmacy,,1825 Fort Street,,Victoria,BC,V8R 1J6,Canada,(778) 433-6060,,,,,,
Elements Compounding Pharmacy,,3540 Blanshard Street,,Victoria,BC,V8X 1W3,Canada,(250) 590-6777,,,,,,
View St Pharmacy,,867 View Street,,Victoria,BC,V8W 1K1,Canada,(250) 361-3773,,,,,,
Wiebe's Pharmacy,,#5 - 3100 35th Street,,Vernon,BC,V1T 9H4,Canada,(778) 475-7877,,,,,,
PharmaChoice Main,,3882 Main Street,,Vancouver,BC,V5V 3N9,Canada,604-872-3882,,,,,,
PharmaChoice 9072,,571 W 57th Ave,,Vancouver,BC,V6P 1R8,Canada,604-324-2258,,,,,,
Pharmacy,,3317 Wesbrook Mall,,Vancouver,BC,V6S 0B1,Canada,604-800-0223,,,,,,
Queen's Apothecary,,2235 Kingsway,,Vancouver,BC,V5N 2T6,Canada,(778) 379-9933,,,,,,
Medicure Pharmacy,,3615 Kingsway,,Vancouver,BC,V5R 5M1,Canada,(604) 428-6334,,,,,,
LG Pharmacy,,1519 Robson Street,,Vancouver,BC,V6G 1C3,Canada,(604) 558-2006,,,,,,
Harbourview Pharmacy,,1892 Peninsula Rd,,UCLUELET,BC,V0R 3A0,Canada,250-726-2733,,,,,,
Fraser PharmaChoice,,4207 Fraser Street,,Vancouver,BC,V5V 4G1,Canada,604-872-1151,,,,,,
Medicure Pharmacy #1,,100-6329 King George Blvd,,Surrey,BC,V3X 1G1,Canada,604-593-6924,,,,,,
Tofino Pharmacy,,360 Campbell St,,Tofino,BC,V0R 2Z0,Canada,250-725-3101,,,,,,
Medecure Pharmacy,,110-12388 88 Avenue,,Surrey,BC,V3W 3K8,Canada,778-565-7988,,,,,,
Dean Pharmacy,,102-6844 King George Blvd.,,Surrey,BC,V3W 4Z9,Canada,778-564-3326,,,,,,
Prosper Pharmacy 3,,3-12818 72nd Ave.,,Surrey,BC,V3W 2M9,Canada,(604) 543-6677,,,,,,
Bridgeview Pharmacy,,#105 - 11267 125A Street,,Surrey,BC,V3V 8C5,Canada,(778) 293-4402,,,,,,
Medicine Guru,,9180-120th St.,,Surrey,BC,V3V 4B5,Canada,(604) 585-4878,,,,,,
Prosper Pharmacy 2,,Unit 110 - 18438 64th Avenue,,Surrey,BC,V3S 1E9,Canada,604-372-3388,,,,,,
Care in Motion Pharmacy Ltd.,,"Unit 2, 9880-120th Street",,Surrey,BC,V3V 4C9,Canada,(604) 496-2225,,,,,,
Care & Cure Pharmacy,,"Unit 177, 8138-128th St.",,Surrey,BC,V3W 1R1,Canada,(604) 598-3233,,,,,,
PharmaChoice Scotch Creek,,3874 Squilax-Anglemount Road,,Scotch Creek,BC,V0E 3L0,Canada,Front - 250-955-0601,,,,,,
Salmo Valley Pharmacy,,107-4th St.,,Salmo,BC,V0G 1Z0,Canada,250-357-9444,,,,,,
Terra Nova Pharmachoice,,135-6011 No.1 Road,,Richmond,BC,V7C 1T4,Canada,604-284-3784,,,,,,
Cove Pharmacy,,672 Plaza Rd,,Quathiaski Cove,BC,V0P 1N0,Canada,250-285-2275,,,,,,
Harbourside Pharmacy,,1584 Broughton Blvd,,Port McNeill,BC,V0N 2R0,Canada,250-956-3126,,,,,,
Hardy Bay Drug Store,,#100 - 8950 Granville St.,,Port Hardy,BC,V0N 2P0,Canada,250-949-9522,,,,,,
Peoples Pharmacy North Van,,102 -1200 Lonsdale Ave,,North Vancouver,BC,V7M 3H6,Canada,604-984-0686,,,,,,
PharmaChoice #007,,2529 Shaughnessy St.,,Port Coquitlam,BC,V3C 3G1,Canada,(604) 941-2413,,,,,,
Rage's Pharmacy,,1848 Main Street,,Penticton,BC,V2A 5H3,Canada,250-493-7200,,,,,,
Lonsdale Pharmacy,,1531 Lonsdale Ave.,,North Vancouver,BC,V7M 2J2,Canada,(604) 985-1901,,,,,,
New West PharmaChoice,,#25 Eighth Avenue,,New Westminster,BC,V3L 1X6,Canada,604-525-2474,,,,,,
Heathcare Pharmacy,,866 12th Street,,New Westminster,BC,V3M 4K3,Canada,(604) 540-1325,,,,,,
Queensborough Community Pharmacy,,1028 Ewen Avenue,,New Westminster,BC,V3M 5E1,Canada,778-397-1132,,,,,,
RX Ram Pharmacy Specialists (Seven Sails),,103-1629 Townsite Road,,Nanaimo,BC,V9S 1N3,Canada,(250) 714-0703,,,,,,
RX Ram Pharmacy Specialists (Millstone),,104-1621 Dufferin Cresc.,,Nanaimo,BC,V9S 5T4,Canada,(250) 591-0144,,,,,,
Nakusp PharmaChoice,,PO Box 279,,Nakusp,BC,V0G 1R0,Canada,250-265-2228,,,,,,
Heritage Park Pharmacy,,B150- 7871 Stave Lake St.,,Mission,BC,V2V 0C5,Canada,604-289-2447,,,,,,
PharmaChoice Maple Ridge,,100-22470 Dewdney Trunk Road,,Maple Ridge,BC,V2X 5Z6,Canada,(604) 380-2551,,,,,,
Mackenzie Drugs Ltd,,700 Mackenzie Blvd,,Mackenzie,BC,V0J 2C0,Canada,250-997-5460,,,,,,
PharmaChoice Walnut Grove Pharmacy,,150-20330 88 Avenue,,Langley,BC,V1M 2Y4,Canada,604-371-1388,,,,,,
Stein Valley Pharmacy,,531 Main St,,Lytton,BC,V0K 1Z0,Canada,250-455-6685,,,,,,
Revolution Pharmacy,,"#115, Hwy 33 West",,Kelowna,BC,V1X 1X6,Canada,(250) 491-4475,,,,,,
Golden Family Pharmacy,,1104 -10th Ave. South,,Golden,BC,V0A 1H0,Canada,250-344-6821,,,,,,
Gourlay's Golden Pharmacy,,"P.O. Box 1106, 826B-9th Ave. S.",,Golden,BC,V0A 1H0,Canada,(250) 344-8600,,,,,,
Gold River Pharmacy,,375 Nimpkish Dr,,Gold River,BC,V0P 1G0,Canada,250-283-9042,,,,,,
PharmaChoice Dawson Creek,,10200 8th Street,,Dawson Creek,BC,V1J 3P8,Canada,250-782-1902,,,,,,
Courtenay Pharmacy,,2599B Cliffe Ave.,,Courtenay,BC,V9N 2L5,Canada,(250) 871-8405,,,,,,
Cascade Pharmacy,,A- 46298 Yale Rd,,"Chilliwack,",BC,V2P 2P6,Canada,(604) 795-6122,,,,,,
Express Care Pharmacy,,#25-6014 Vedder Road,,Chilliwack,BC,V2R 0H3,Canada,(604) 705-0029,,,,,,
PharmaChoice Food and Drug (Chase),,825 Shuswap Avenue,,Chase,BC,V0E 1M0,Canada,250-679-3553 Grocery,,,,,,
PharmaChoice South Slope,,5203 Rumble Street,,Burnaby,BC,V5J 2B7,Canada,604-245-5299,,,,,,
Aldergrove PharmaChoice,,120-3113 272nd Street,,Aldergrove,BC,V4W 3R9,Canada,604-625-3784,,,,,,
Seabird Pharmacy,,"P.O. Box 37, 2895 Chowat Rd.",,Agassiz,BC,V0M 1A0,Canada,(604) 491-4477,,,,,,
Prosper Pharmacy,,113-2777 Gladwin Road,,Abbotsford,BC,V2T4V1,Canada,604-853-8884,,,,,,
Newgen Pharmacy,,100-1945 McCallum Rd,,Abbostford,BC,V2S 3N4,Canada,(604) 859-2351,,,,,,
Mint Health + Drugs: Langdon,,"Unit 108, 2669 Langdon St.",,Abbostford,BC,V2T 3L3,Canada,(604) 746-7088,,,,,,
Grand Medicine Health Sciences Pharmacy,,700 William Avenue,,Winnipeg,MB,R3E 1B2,Canada,204-775-1000,,,,,,
Rossmere Pharmacy,,"Unit D, 1046 Henderson Hwy",,Winnipeg,MB,R2K 2M5,Canada,(204) 615-6050,,,,,,
Celestial Pharmacy,,842 Ellice Ave,,Winnipeg,MB,R3G 0C2,Canada,204-615-1946,,,,,,
Stafford Pharmacy MB,,395 Stafford Street,,Winnipeg,MB,R3M 2X4,Canada,204-474-2669,,,,,,
Brathwaite's Pharmacy,,1772 Ness Avenue,,Winnipeg,MB,R3J 0Y1,Canada,204-888-6093,,,,,,
Ebbeling Pharmacy,,722 Watt Street,,Winnipeg,MB,R2K 2S9,Canada,204-668-1593,,,,,,
People's Pharmacy,,1632 Portage Avenue,,Winnipeg,MB,R3J 0C6,Canada,204 788 0395,,,,,,
Higgins Pharmacy,,670 Main Street,,Winnipeg,MB,R3B 1E4,Canada,204-942-0333,,,,,,
Empire Drugs,,801 Selkirk Avenue,,Winnipeg,MB,R2W 2N5,Canada,204-586-2212,,,,,,
Patient Advocate Pharmacy,,2595 Main Street Unit 17,,Winnipeg,MB,R2V 4W3,Canada,204 338 5135,,,,,,
Health - Wellness Pharmacy,,219 Marion Street,,Winnipeg,MB,R2H 0T5,Canada,204-414-6966,,,,,,
Plessis Pharmacy,,15 - 801 Regent Avenue West,,Winnipeg,MB,R2C 3A7,Canada,204-777-1468,,,,,,
Munroe Pharmacy,,525 London Street,,Winnipeg,MB,R2K 2Z4,Canada,204-669-1267,,,,,,
Leclerc Pharmacy,,343 Tache Avenue,,Winnipeg,MB,R2H 2A5,Canada,204-233-8806,,,,,,
Pfahl's Drugs,,215-320 6th Street,,Winkler,MB,R6W 4B1,Canada,204-325-8201,,,,,,
Super Thrifty Drug Mart Virden,,333 - 7th Avenue South,,Virden,MB,R0M 2C0,Canada,204-748-1666,,,,,,
Super Thrifty Drug Mart The Pas,,"Box 930, Otineka Mall",,The Pas,MB,R9A 1P8,Canada,204-623-5150,,,,,,
Ste. Rose Super Thrifty Pharmacy,,"610 Central Avenue, Box 250",,Ste. Rose du Lac,MB,R0L 1S0,Canada,204-447-2878,,,,,,
Pharmacie St. Pierre Pharmacy,,465 Sabourin St,,St. Pierre - Jolys,MB,R0A 1V0,Canada,204-433-7481,,,,,,
Pharmacie Seine,,142 Central Avenue - Unit 170,,St. Anne,MB,R5H 1C3,Canada,204-422-8226,,,,,,
Super Thrifty Pharmacy Selkirk,,362 Eveline Street,,Selkirk,MB,R1A 1N3,Canada,204-482-3641,,,,,,
Reavie's Pharmacy,,243 Main St North,,Russell,MB,R0J 1W0,Canada,204-773-2244,,,,,,
Mitchell's Drug Store,,125 Main Street,,Roblin,MB,R0L 1P0,Canada,204-937-4424,,,,,,
Super Thrifty Drug Mart Rivers,,501 2nd Avenue,,Rivers,MB,R0K 1X0,Canada,204-328-7420,,,,,,
Harris Pharmacy,,424 Mountain Avenue,,Neepawa,MB,R0J1H0,Canada,204-476-2888,,,,,,
SuperThrifty Drug Mart Morris,,"212 Main Street, North",,Morris,MB,R0G 1K0,Canada,204-746-2542,,,,,,
Melita Super Thrifty Pharmacy,,112 Main Street,,Melita,MB,R0M1L0,Canada,204-522-3255,,,,,,
Reischek Pharmacy,,607 Burrows Road North,,McCreary,MB,R0J 1B0,Canada,204-835-2449,,,,,,
Lundar Pharmacy,,18 Main Street,,Lundar,MB,R0C 1Y0,Canada,204-762-5431,,,,,,
Pharmacie Dufresne,,10 - 1321 Dawson Road,,Lorette,MB,R0A 0Y0,Canada,204-878-4122,,,,,,
Killarney Pharmacy,,7A - 530 William Avenue,,Killarney,MB,R0K 1G0,Canada,204-523-4273,,,,,,
Grand Medicine Pharmacy,,39 Hwy 325,,Hodgson,MB,R0C 1N0,Canada,204-372-6048,,,,,,
SuperThrifty Drug Mart Hamiota,,38  4th Street South East,,Hamiota,MB,R0M 0T0,Canada,204-764-2140,,,,,,
Grandview Pharmacy,,404 Main Street,,Grandview,MB,R0L0Y0,Canada,204-546-2626,,,,,,
Glenboro Pharmacy,,512 Railway Avenue,,Glenboro,MB,R0K0X0,Canada,204-827-2841,,,,,,
Gilbert Plains Pharmacy,,26 Main Street North,,Gilbert Plains,MB,R0L0X0,Canada,204-548-2682,,,,,,
Hasselfield Drugs,,103 Broadway Street South,,Deloraine,MB,R0M 0M0,Canada,204-747-2648,,,,,,
Super Thrifty Drug Mart Dauphin,,224 Main Street North,,Dauphin,MB,R7N 1C4,Canada,204-638-3702,,,,,,
Carman Pharmacy,,34-1st Street SW,,Carman,MB,R0G 0J0,Canada,(204) 745-3620,,,,,,
Benefits RX Pharmacy,,"66 Main St. , P.O. Box 370",,Carman,MB,R0G 0J0,Canada,(204) 745-2781,,,,,,
West-Man Medical Centre Pharmacy Ltd.,,146-6th Street,,Brandon,MB,R7A 3N2,Canada,204-727-8451,,,,,,
Super Thrifty Pharmacy Richmond Centre,,1100 Richmond Avenue,,Brandon,MB,R7A 1M6,Canada,204-728-5730,,,,,,
Rosser Pharmacy,,841 Rosser Avenue,,Brandon,MB,R7A0L1,Canada,204-725-4114,,,,,,
Pharma-Medic Services Inc.,,1100 Richmond Avenue,,Brandon,MB,R7A1M6,Canada,204-727-6045,,,,,,
Super Thrifty Home Health Care Pharmacy,,"3000 Victoria Avenue, Unit A",,Brandon,MB,R7B3Y3,Canada,204-727-2483,,,,,,
Hazlewood Drugs,,323 South Railway Street,,Boissevain,MB,R0K 0E0,Canada,204-534-6569,,,,,,
Birtle Pharmacy,,808 Main Street,,Birtle,MB,R0M 0C0,Canada,204-842-5333,,,,,,
Baldur Pharmacy,,Located in the Baldur Health Centre,,Baldur,MB,R0K 0B0,Canada,204-535-2577,,,,,,
Highway 6 Pharmacy,,3 MB - 6,,Ashern,MB,R0C 0E0,Canada,(204) 768-2252,,,,,,
New World Island,,Main Street BOX 70,,Virgin Arm,NL,A0G 1P0,Canada,(709) 629-3580,,,,,,
Upper Island Cove,,PO Box 494,,Upper Island Cove,NL,A0A 4E0,Canada,(709) 589-2025,,,,,,
Twillingate,,Main Street BOX 69,,Twillingate,NL,A0G 4M0,Canada,(709) 884-2345,,,,,,
Trinity,,3 Dock Lane,,Trinity Bay,NL,A0C 2S0,Canada,(709) 464-3575,,,,,,
District,,1345 Torbay Road Suite A,,Torbay,NL,A1K 1B2,Canada,(709) 437-6641,,,,,,
Ben's Pharmacy,,103 Main Street,,Stephenville,NL,A2N 1H9,Canada,(709) 643-2012,,,,,,
St. Lawrence,,"Water Street, PO Box 307",,St. Lawrence,NL,A0E 2V0,Canada,(709) 873-2070,,,,,,
Elizabeth,,Elizabeth Towers Suite 118,,St. John's,NL,A1B 1S1,Canada,(709) 726-7822,,,,,,
Capitol Drugs,,282 LeMarchant Road,,St. John's,NL,A1E 1P7,Canada,(709) 576-4028,,,,,,
Campbell's,,39 Campbell Ave.,,St. John's,NL,A1E 2Z3,Canada,(709) 753-6858,,,,,,
Brookfield,,644 Topsail Road,,St. John's,NL,A1E 2E2,Canada,(709) 368-5607,,,,,,
Peninsula,,RR#1 P.O.BOX 130,,St. Bernards-Jacques Fontaine,NL,A0E 2T0,Canada,(709) 461-2121,,,,,,
St. Alban's,,Main Street P.O. BOX 250,,St. Alban's,NL,A0H 2E0,Canada,(709) 538-3908,,,,,,
Main St,,165 Main St P.O. BOX 459,,Springdale,NL,A0J 1T0,Canada,(709) 673-4673,,,,,,
Consumer's PharmaChoice,,Viking Mall-Goose Cove Road,,St. Anthony,NL,A0K 4S0,Canada,(709) 454-3700,,,,,,
Roddickton,,BOX 338 Main Street,,Roddickton,NL,A0K 4P0,Canada,(709) 457-2774,,,,,,
NuCare Pharmacy Home Services,,320 Torbay Road,,St John's,NL,A1A 4E1,Canada,(709) 579-3113,,,,,,
Arnold's Cove,,Main Street,,Placentia Bay,NL,A0B 1A0,Canada,(709) 463-2112,,,,,,
Port-Au-Choix,,Main Street P.O. BOX 99,,Port Au Choix,NL,A0K 4C0,Canada,(709) 861-3032,,,,,,
Green's (Placentia),,Main Street P.O. BOX 192,,Placentia,NL,A0B 2Y0,Canada,(709) 227-1050,,,,,,
Valu,,9 Elizabeth Drive,,Paradise,NL,A1L 1E4,Canada,(709) 782-8800,,,,,,
Bonne Bay,,P.O. BOX 40,,Norris Point,NL,A0K 3V0,Canada,(709) 458-2558,,,,,,
Musgravetown,,Main Street,,Musgravetown,NL,A0C 1Z0,Canada,(709) 467-2455,,,,,,
Pearl,,12 Street Davids Ave.,,Mt. Pearl,NL,A1N 2C1,Canada,(709) 364-7822,,,,,,
Medicine Cabinet,,401 Conception Bay Hwy P.O. BOX 249,,Holyrood,NL,A0A 2R0,Canada,(709) 229-2929,,,,,,
Lewisporte,,144 Main Street P.O. BOX 849,,Lewisporte,NL,A0G 3A0,Canada,(709) 535-2999,,,,,,
Green's (Green's Harbour),,Main Street P.O. BOX 422,,Green's Harbour,NL,A0B 1X0,Canada,(709) 582-3203,,,,,,
Green Bay,,PO Bx 100 Roberts Arm,,Green Bay South,NL,A0J 1R0,Canada,(709) 652-3434,,,,,,
Goulds,,422 Main Street,,Goulds,NL,A1S 1G5,Canada,(709) 747-4424,,,,,,
Glovertown,,Main Street P.O. BOX 237,,Glovertown,NL,A0G 2L0,Canada,(709) 533-6985,,,,,,
Gander,,110 Roe Ave. P.O. BOX 304,,Gander,NL,A1V 1W7,Canada,(709) 651-2003,,,,,,
Gambo,,Dark Cove Main Street,,Gambo,NL,A0G 1T0,Canada,(709) 674-5302,,,,,,
Fogo Island,,13 Centre Island Road North - P.O. BOX 100,,Fogo Island Central,NL,A0G 2B0,Canada,(709) 266-2500,,,,,,
South Coast,,20 Main Street,,Forteau,NL,A0K 2P0,Canada,(709) 931-2540,,,,,,
Consumers (Flowers Cove),,Main Street,,Flower's Cove,NL,A0K 2N0,Canada,(709) 456-2200,,,,,,
Eastport,,Main Street BOX 40,,Eastport,NL,A0G 1Z0,Canada,(709) 677-2255,,,,,,
City,,12 West Street,,Corner Brook,NL,A2H 2Z1,Canada,(709) 634-3358,,,,,,
Clarenville,,8C Shoal Harbour Drive,,Clarenville,NL,A5A 2C4,Canada,(709) 466-7887,,,,,,
Green's (Dildo/Trinity),,Main Hwy BOX 99,,Dildo,NL,A0B 1P0,Canada,(709) 582-3122,,,,,,
Cabot,,105 Manitoba Drive # 202,,Clarenville,NL,A5A 1K2,Canada,(709) 466-3236,,,,,,
Green's (CBS),,BOX 17083-842 CBS Highway,,CBS,NL,A1X 3H1,Canada,(709) 834-1420,,,,,,
Catalina,,BOX 116 Main Street,,Catalina,NL,A0C 1J0,Canada,(709) 469-3066,,,,,,
Burin Pharmacy & Compounding Wellness,,"43-45 Main Street, PO Box 519",,Burin,NL,A0E 1G0,Canada,(709) 891-1111,,,,,,
Bonavista,,Confederation Drive BOX 880,,Bonavista,NL,A0C 1B0,Canada,(709) 468-7350,,,,,,
Green's (Bay Roberts),,P.O.BOX 1478,,Bay Roberts,NL,A0A 1G0,Canada,(709) 786-2226,,,,,,
Southern Shore,,Main Hwy P.O. BOX 89,,Bay Bulls,NL,A0A 1C0,Canada,(709) 334-2528,,,,,,
Kean's,,51 Quay Road,,Badger's Quay,NL,A0G 1B0,Canada,(709) 536-3144,,,,,,
City Drug,,369 Main Street,,Yarmouth,NS,B5A 1E7,Canada,(902) 742-3579,,,,,,
Capital,,772 Main Street,,Sydney Mines,NS,B1V 2L6,Canada,(902) 736-9217,,,,,,
Poulain's,,277 Foord Street P.O. BOX 102,,Stellarton,NS,B0K 1S0,Canada,(902) 752-3261,,,,,,
Ross Anderson Pharmacy,,74 Main Street,,Springhill,NS,B0M1X0,Canada,(902) 597-8626,,,,,,
O'Brien's,,98 Water Street,,Pugwash,NS,B0K 1L0,Canada,(902) 243-2551,,,,,,
Saulnierville,,9999 Hwy#1 BOX 25,,Saulnierville,NS,B0W 2Z0,Canada,(902) 769-0893,,,,,,
Oxford Pharmacy,,5208 Main Street,,Oxford,NS,B0M 1P0,Canada,(902) 447-3700,,,,,,
Fulmore's,,18 Front Street,,Pictou,NS,B0K 1H0,Canada,(902) 485-1600,,,,,,
Highland Pharmacy,,247 New Haven Road,,Neils Harbour,NS,B0C 1N0,Canada,(902) 336-2398,,,,,,
Cobequid PharmaChoice,,225 Cobequid Road,,Lower Sackville,NS,B4C 3J7,Canada,(902) 865-3336,,,,,,
Lockeport,,25B Beech Street P.O. BOX 159,,Lockeport,NS,B0T 1L0,Canada,(902) 656-2211,,,,,,
Reynolds,,255 Main Street P.O. BOX 250,,Liverpool,NS,B0T 1K0,Canada,(902) 354-7101,,,,,,
Clinic,,70 Exhibition Street,,Kentville,NS,B4N 4K9,Canada,(902) 678-9933,,,,,,
Freeman's,,Central Ave.,,Inverness,NS,B0E 1N0,Canada,(902) 258-2400,,,,,,
Hammonds Plains,,2120 Hammonds Plains Road Unit 1,,Hammonds Plains,NS,B4B 1P3,Canada,(902) 832-0494,,,,,,
Haliburton (Guysborough),,133 Main Street,,Guysborough,NS,B0H 1N0,Canada,(902) 533-2224,,,,,,
Moffatt's (Gladstone),,2751 Gladstone Street,,Halifax,NS,B3K 4W6,Canada,(902) 406-8080,,,,,,
Ferguson's,,35 Sterling Road,,Glace Bay,NS,B1A 3X6,Canada,(902) 849-0500,,,,,,
Eskasoni PharmaChoice,,15 Medicine Trail,,Eskasoni,NS,B1W 1B3,Canada,(902) 379-1029,,,,,,
Enfield,,284 Hwy #2,,Enfield,NS,B2T 1C9,Canada,(902) 883-9432,,,,,,
Balser,,"83 Warwick Street, PO Box 1479,",,Digby,NS,B0V 1A0,Canada,(902) 245-4071,,,,,,
Waverley Road,,5-249 Waverley Road,,Dartmouth,NS,B2X 2C5,Canada,(902) 406-9779,,,,,,
The Passage,,6 Cow Bay Rd,,Eastern Passage,NS,B3G 1M4,Canada,(902) 465-3558,,,,,,
City of Lakes,,80 Portland Street,,Dartmouth,NS,B2Y 1H6,Canada,(902) 407-3500,,,,,,
Family Drug (Dartmouth),,382 Portland Street,,Dartmouth,NS,B2Y 1K8,Canada,(902) 466-7675,,,,,,
MacKay's PharmaChoice,,205 Pleasant Street,,Dartmouth,NS,B2Y 3R5,Canada,(902) 469-4309,,,,,,
Moffatt's Portland,,184 Portland Street,,Dartmouth,NS,B2Y 1J4,Canada,(902) 466-2345,,,,,,
Westphal,,85 Tacoma Drive,,Dartmouth,NS,B2W3E8,Canada,(902) 434-5585,,,,,,
Kyte's PharmaChoice,,920 Cole Harbour Road,,Dartmouth,NS,B2V 2J5,Canada,(902) 462-4187,,,,,,
Mader's,,6637 Evangeline Trail Hwy #1,,Coldbrook,NS,B4R 1B7,Canada,(902) 679-1251,,,,,,
Cheticamp,,15388 Cabot Trail Rd,,Cheticamp,NS,B0E 1H0,Canada,(902) 224-2841,,,,,,
Canso,,20 Telegraph St,,Canso,NS,B0H 1H0,Canada,(902) 366-2976,,,,,,
Chisholm's,,2710 Evangeline Trail,,Aylesford,NS,B0P 1C0,Canada,(902) 847-3465,,,,,,
Caledonia,,9849 Highway 8,,Caledonia,NS,B0T 1B0,Canada,(902) 682-2025,,,,,,
Martell's,,2392 Highway 206 - PO Box 269,,Arichat,NS,B0E 1A0,Canada,(902) 226-3177,,,,,,
Haliburton (Antigonish),,220 Main Street,,Antigonish,NS,B2G 2C2,Canada,(902) 863-6060,,,,,,
Lewis Pharmacy,,"14 F. Tribe Road, Unit 1",,Perth-Andover,NB,E7H 3R6,Canada,(506) 273-3772,,,,,,
Oromocto,,66 Broad Road,,Oromocto,NB,E2V 1C2,Canada,(506) 357-9809,,,,,,
People's Pharmacy,,"764 Route 105, PO Box 1138",,Nackawic,NB,E6G 1V5,Canada,(506) 575-9086,,,,,,
New Maryland,,636 New Maryland HWY,,New Maryland,NB,E3C 1L9,Canada,(506) 459-8787,,,,,,
Harvey,,1955 Route 3 Unit 1,,Harvey Station,NB,E6K 1K3,Canada,(506) 366-3000,,,,,,
Nevers Pharmacy,,380 Main Street Unit 7,,Hartland,NB,E7P 2N2,Canada,(506) 375-4451,,,,,,
Tri-County Healthcare,,157 Sunbury Drive,,Fredericton Junction,NB,E5L 1R5,Canada,(506) 368-3683,,,,,,
Southside,,640 Prospect Street,,Fredericton,NB,E3B 9M7,Canada,(506) 459-5698,,,,,,
Northside,,231 Canada Street,,Fredericton,NB,E3A 4A1,Canada,(506) 458-9550,,,,,,
Smith Drugs Ltd.,,8818 Main Street Unit #2,,Florenceville-Bristol,NB,E7L 3G2,Canada,(506) 278-5271,,,,,,
