store_name,store_number,address,address2,city,state,zip_code,country,phone_number,latitude,longitude,store_hours,store_type,other_fields,coming_soon
Los Angeles - Alvarado,1538,650 S. Alvarado ,Wilshire,Los Angeles,CA,90057,United States,(213) 413-9906,34.057539,-118.275644,"Mon 8am-9pm, Tue 8am-9pm, Wed 8am-9pm, Thu 8am-9pm, Fri 8am-9pm, Sat 8am-9pm, Sun 8am-9pm",,,
Los Angeles - Washington,1472,422 E. Washington Blvd,Maple,Los Angeles,CA,90019,United States,(213) 741-9995,34.0291277,-118.2606731,"Mon 8am-10pm, Tue 8am-10pm, Wed 8am-10pm, Thu 8am-10pm, Fri 8am-10pm, Sat 8am-10pm, Sun 8am-10pm",,,
Pico,1254,1516 W. Pico,Union,Los Angeles,CA,90015,United States,(213) 386-7199,34.043876,-118.275694,"Mon 9am- 8pm, Tue 9am- 8pm, Wed 9am- 8pm, Thu 9am- 8pm, Fri 9am- 8pm, Sat 9am- 8pm, Sun 9am- 8pm",,,
Los Angeles - North Broadway,1461,2606 North Broadway,Daly,Los Angeles,CA,90031,United States,(323) 226-9999,34.073292,-118.215271,"Mon 8am-10pm, Tue 8am-10pm, Wed 8am-10pm, Thu 8am-10pm, Fri 8am-10pm, Sat 8am-10pm, Sun 8am-10pm",,,
Los Angeles - North Broadway,11437,2606 North Broadway ,,Los Angeles,CA,90031,United States,(323) 226-9999,34.073292,-118.215271,"Mon 8am-10pm, Tue 8am-10pm, Wed 8am-10pm, Thu 8am-10pm, Fri 8am-10pm, Sat 8am-10pm, Sun 8am-10pm",,,
East LA,1469,3451 Whittier Blvd,Lorena,Los Angeles,CA,90023,United States,(323) 980-0999,34.027308,-118.199002,"Mon 8am-10pm, Tue 8am-10pm, Wed 8am-10pm, Thu 8am-10pm, Fri 8am-10pm, Sat 8am-10pm, Sun 8am-10pm",,,
Silverlake,1489,3612 W. Sunset blvd,Maltman,Los Angeles,CA,90026,United States,(323) 664-9901,34.0898688,-118.2774456,"Mon 8am-10pm, Tue 8am-10pm, Wed 8am-10pm, Thu 8am-10pm, Fri 8am-10pm, Sat 8am-10pm, Sun 8am-10pm",,,
Sunset,1473,5270 Sunset Blvd,Hobert,Los Angeles,CA,90027,United States,(323) 461-9997,34.097675,-118.304813,"Mon 8am-10pm, Tue 8am-10pm, Wed 8am-10pm, Thu 8am-10pm, Fri 8am-10pm, Sat 8am-10pm, Sun 8am-10pm",,,
Huntington Park,1262,6124 Pacific Blvd,Randolf,Huntington Park,CA,90255,United States,(323) 588-1559,33.984669,-118.224843,"Mon 9am- 8pm, Tue 9am- 8pm, Wed 9am- 8pm, Thu 9am- 8pm, Fri 9am- 8pm, Sat 9am- 8pm, Sun 9am- 8pm",,,
Walnut Park,1273,2566 E. Florence,Pacific,Huntington Park,CA,90255,United States,(323) 585-2999,33.973974,-118.225922,"Mon 9am- 8pm, Tue 9am- 8pm, Wed 9am- 8pm, Thu 9am- 8pm, Fri 9am- 8pm, Sat 9am- 8pm, Sun 9am- 8pm",,,
LA - Crenshaw ,2597,3060 S Crenshaw Blvd,Jefferson Blvd,Los Angeles ,CA,90018,United States,,34.027123,-118.335075,"Mon 8am-10pm, Tue 8am-10pm, Wed 8am-10pm, Thu 8am-10pm, Fri 8am-10pm, Sat 8am-10pm, Sun 8am-10pm",,,
Highland Park,1528,6235 York Blvd,Figueora,Highland Park,CA,90042,United States,(323) 256-5599,34.1153266,-118.1829852,"Mon 8am-10pm, Tue 8am-10pm, Wed 8am-10pm, Thu 8am-10pm, Fri 8am-10pm, Sat 8am-10pm, Sun 8am-10pm",,,
Maywood,1255,6161 Atlantic Blvd,Randolf,Maywood,CA,90270,United States,(323) 771-9999,33.981860,-118.186740,"Mon 9am- 8pm, Tue 9am- 8pm, Wed 9am- 8pm, Thu 9am- 8pm, Fri 9am- 8pm, Sat 9am- 8pm, Sun 9am- 8pm",,,
Alhambra,1579,2810 W. Alhambra Road,Huntington Drive,Alhambra,CA,91801,United States,(626) 281-9990,34.0978266,-118.1545894,"Mon 8am-10pm, Tue 8am-10pm, Wed 8am-10pm, Thu 8am-10pm, Fri 8am-10pm, Sat 8am-10pm, Sun 8am-10pm",,,
La Brea,1490,852 N. La Brea,Willoughby,Los Angeles,CA,90038,United States,(323) 466-1075,34.086858,-118.343686,"Mon 8am-10pm, Tue 8am-10pm, Wed 8am-10pm, Thu 8am-10pm, Fri 8am-10pm, Sat 8am-10pm, Sun 8am-10pm",,,
Montebello - Via Campo,18288,2809 Via Campo ,,Montebello,CA,90640,United States,(323) 728-0005,34.031510,-118.127819,"Mon 8am-10pm, Tue 8am-10pm, Wed 8am-10pm, Thu 8am-10pm, Fri 8am-10pm, Sat 8am-10pm, Sun 8am-10pm",,,
Fairfax,1256,601 S. Fairfax Ave,6th,Los Angeles,CA,90036,United States,(323) 936-3972,34.064711,-118.361588,"Mon 9am- 8pm, Tue 9am- 8pm, Wed 9am- 8pm, Thu 9am- 8pm, Fri 9am- 8pm, Sat 9am- 8pm, Sun 9am- 8pm",,,
Wilshire,1270,6121 Wilshire Blvd,Fairfax,Los Angeles,CA,90048,United States,(323) 939-9991,34.063483,-118.362346,"Mon 9am- 8pm, Tue 9am- 8pm, Wed 9am- 8pm, Thu 9am- 8pm, Fri 9am- 8pm, Sat 9am- 8pm, Sun 9am- 8pm",,,
Montebello,1249,1521 Beverly Blvd,16th,Montebello,CA,90640,United States,(323) 724-9900,34.018877,-118.121588,"Mon 8am - 10pm, Tue 8am - 10pm, Wed 8am - 10pm, Thu 8am - 10pm, Fri 8am - 10pm, Sat 8am - 10pm, Sun 8am - 10pm",,,
Inglewood - Crenshaw,2936,8451 Crewshaw Blvd,,Inglewood,,90305,United States,,33.961574,-118.327143,"Mon 8am-10pm, Tue 8am-10pm, Wed 8am-10pm, Thu 8am-10pm, Fri 8am-10pm, Sat 8am-10pm, Sun 8am-10pm",,,
Glendale,1464,6401 San Fernando,Sonora,Glendale,CA,91201,United States,(818) 547-9995,34.1659549,-118.28877,"Mon 8am-10pm, Tue 8am-10pm, Wed 8am-10pm, Thu 8am-10pm, Fri 8am-10pm, Sat 8am-10pm, Sun 8am-10pm",,,
Lynwood,1533,10821 Long Beach Blvd.,Martin Luther King,Lynwood,CA,90262,United States,(310) 631-9995,33.934635,-118.213731,"Mon 8am-10pm, Tue 8am-10pm, Wed 8am-10pm, Thu 8am-10pm, Fri 8am-10pm, Sat 8am-10pm, Sun 8am-10pm",,,
Inglewood,1467,3220 W. Century Blvd,Crenshaw,Inglewood,CA,90303,United States,(310) 674-9990,33.94435,-118.326941,"Mon 8am-10pm, Tue 8am-10pm, Wed 8am-10pm, Thu 8am-10pm, Fri 8am-10pm, Sat 8am-10pm, Sun 8am-10pm",,,
Ladera Heights ,1707,6921 La Tijera Blvd ,Alvern Circle,Los Angeles,CA,90045,United States,(310) 258-9490,33.975961,-118.37406,"Mon 8am-10pm, Tue 8am-10pm, Wed 8am-10pm, Thu 8am-10pm, Fri 8am-10pm, Sat 8am-10pm, Sun 8am-10pm",,,
Pasadena - Los Robles Ave,3144,442 N Los Robles Ave,,San Marino,CA,91108,United States,,34.153574,-118.140469,"Mon 7am-9pm, Tue 7am-9pm, Wed 7am-9pm, Thu 7am-9pm, Fri 7am-9pm, Sat 7am-9pm, Sun 7am-9pm",,,
Houston - Lawndale,1748,7061 Lawndale Street,75th Street,Houston,TX,77061,United States,(713) 921-9992,29.7173967,-95.2956285,"Mon 8am-10pm, Tue 8am-10pm, Wed 8am-10pm, Thu 8am-10pm, Fri 8am-10pm, Sat 8am-10pm, Sun 8am-10pm",,,
Houston - Tidwell ,1756,5550 North Freeway ,E Tidwell Rd,Houston,TX,77076,United States,(713) 692-9996,29.8467335,-95.3935159,"Mon 8am-10pm, Tue 8am-10pm, Wed 8am-10pm, Thu 8am-10pm, Fri 8am-10pm, Sat 8am-10pm, Sun 8am-10pm",,,
Houston - Stella Link,2933,9333 Stella Link Rd,,Houston,TX,77025,United States,,29.681452,-95.439836,"Mon 8am-10pm, Tue 8am-10pm, Wed 8am-10pm, Thu 8am-10pm, Fri 8am-10pm, Sat 8am-10pm, Sun 8am-10pm",,,
Houston - Bellaire,1752,5800 Bellaire Suite 1-101,Renwick,Houston,TX,77081,United States,(713) 665-5990,29.7066383,-95.4839343,"Mon 8am-10pm, Tue 8am-10pm, Wed 8am-10pm, Thu 8am-10pm, Fri 8am-10pm, Sat 8am-10pm, Sun 8am-10pm",,,
Houston - Little York,1741,10702 Easttex Freeway,Hwy 59,Houston,TX,77093,United States,(713) 691-8001,29.8690263,-95.3302104,"Mon 8am-10pm, Tue 8am-10pm, Wed 8am-10pm, Thu 8am-10pm, Fri 8am-10pm, Sat 8am-10pm, Sun 8am-10pm",,,
Houston - Westheimer,1718,7639 Westheimer,Hillcroft,Houston,TX,77063,United States,(832) 242-5099,29.7364034,-95.5038384,"Mon 8am-10pm, Tue 8am-10pm, Wed 8am-10pm, Thu 8am-10pm, Fri 8am-10pm, Sat 8am-10pm, Sun 8am-10pm",,,
Houston - Hobby,1746,8330 Broadway ,,Houston,TX,77061,United States,(713) 649-9993,29.670809,-95.2779943,"Mon 8am-10pm, Tue 8am-10pm, Wed 8am-10pm, Thu 8am-10pm, Fri 8am-10pm, Sat 8am-10pm, Sun 8am-10pm",,,
Houston - Chimney,1738,11320 Chimney Rock,Bellfort,Houston,TX,77035,United States,(713) 721-4998,29.6575591,-95.4780379,"Mon 8am-10pm, Tue 8am-10pm, Wed 8am-10pm, Thu 8am-10pm, Fri 8am-10pm, Sat 8am-10pm, Sun 8am-10pm",,,
Houston - Gessner,1727,"8700 S. Gessner, #100",Southwest Frwy,Houston,TX,77074,United States,(713) 776-2999,29.687107,-95.5295386,"Mon 8am-10pm, Tue 8am-10pm, Wed 8am-10pm, Thu 8am-10pm, Fri 8am-10pm, Sat 8am-10pm, Sun 8am-10pm",,,
Houston - Almeda,1735,10220 Almeda Genoa Rd.,Interstate 45,Houston,TX,77034,United States,(713) 941-9099,29.6266569,-95.2323574,"Mon 8am-10pm, Tue 8am-10pm, Wed 8am-10pm, Thu 8am-10pm, Fri 8am-10pm, Sat 8am-10pm, Sun 8am-10pm",,,
Houston - Wallisville,1723,5809 E. Sam Houston Pkwy,Beltway 8,Houston,TX,77049,United States,(281) 458-9199,29.8101308,-95.1635737,"Mon 8am-10pm, Tue 8am-10pm, Wed 8am-10pm, Thu 8am-10pm, Fri 8am-10pm, Sat 8am-10pm, Sun 8am-10pm",,,
Houston - Bammel,1724,13749 State Hwy 249,Bammel N. Houston,Houston,TX,77086,United States,(281) 260-9992,29.9202067,-95.4943977,"Mon 8am-10pm, Tue 8am-10pm, Wed 8am-10pm, Thu 8am-10pm, Fri 8am-10pm, Sat 8am-10pm, Sun 8am-10pm",,,
Houston - Greens ,1757,251 W Greens Rd ,Northborough Dr ,Houston,TX,77067,United States,(281) 874-5994,29.9488949,-95.4208609,"Mon 8am-10pm, Tue 8am-10pm, Wed 8am-10pm, Thu 8am-10pm, Fri 8am-10pm, Sat 8am-10pm, Sun 8am-10pm",,,
Pasadena (TX),1726,4100 Fairmont Parkway,S. Burke,Pasadena,TX,77504,United States,(281) 487-3399,29.6498876,-95.1818965,"Mon 8am-10pm, Tue 8am-10pm, Wed 8am-10pm, Thu 8am-10pm, Fri 8am-10pm, Sat 8am-10pm, Sun 8am-10pm",,,
Houston - Bissonet,1725,11873 Bissonet,Kirkwood,Houston,TX,77099,United States,(832) 328-0099,29.6751061,-95.5868541,"Mon 8am-10pm, Tue 8am-10pm, Wed 8am-10pm, Thu 8am-10pm, Fri 8am-10pm, Sat 8am-10pm, Sun 8am-10pm",,,
Houston - Westheimer,1737,14310 Westheimer Rd.,Highway 6,Houston,TX,77077,United States,(281) 497-9909,29.736472,-95.640919,"Mon 8am-10pm, Tue 8am-10pm, Wed 8am-10pm, Thu 8am-10pm, Fri 8am-10pm, Sat 8am-10pm, Sun 8am-10pm",,,
Houston - Jones,1722,10787 Jones Road,FM 1960,Houston,TX,77065,United States,(281) 517-0492,29.9299736,-95.5848989,"Mon 8am-10pm, Tue 8am-10pm, Wed 8am-10pm, Thu 8am-10pm, Fri 8am-10pm, Sat 8am-10pm, Sun 8am-10pm",,,
Houston - FM 1960,1754,4849 FM 1960 W  ,Breck Street,Houston,TX,77069,United States,(281) 895-8599,29.9852655,-95.5029615,"Mon 8am-10pm, Tue 8am-10pm, Wed 8am-10pm, Thu 8am-10pm, Fri 8am-10pm, Sat 8am-10pm, Sun 8am-10pm",,,
Houston - Hwy 6/Keith,1720,4980 N. Highway 6,Keith Harrow,Houston,TX,77084,United States,(281) 859-9599,29.850307,-95.6456115,"Mon 8am-10pm, Tue 8am-10pm, Wed 8am-10pm, Thu 8am-10pm, Fri 8am-10pm, Sat 8am-10pm, Sun 8am-10pm",,,
Sugar Land,1753,4620 Highway 6 South,Austin Pkwy,Sugar Land,TX,77478,United States,(281) 265-0899,29.5804314,-95.5848748,"Mon 8am-10pm, Tue 8am-10pm, Wed 8am-10pm, Thu 8am-10pm, Fri 8am-10pm, Sat 8am-10pm, Sun 8am-10pm",,,
Humble - FM 1960,1763,210 FM 1960  ,Hwy 59,Humble,TX,77338,United States,(281) 446-9901,30.0048999,-95.263448,"Mon 8am-10pm, Tue 8am-10pm, Wed 8am-10pm, Thu 8am-10pm, Fri 8am-10pm, Sat 8am-10pm, Sun 8am-10pm",,,
Houston - Atascocita,1721,7130 FM 1960,Atascocita Rd.,Humble,TX,77346,United States,(281) 812-9199,29.9982766,-95.169374,"Mon 8am-10pm, Tue 8am-10pm, Wed 8am-10pm, Thu 8am-10pm, Fri 8am-10pm, Sat 8am-10pm, Sun 8am-10pm",,,
Katy - Fry,1759,3111 N Fry Rd  ,Morton Rd,Katy,TX,77449,United States,(281) 599-0970,29.8163205,-95.7211449,"Mon 8am-10pm, Tue 8am-10pm, Wed 8am-10pm, Thu 8am-10pm, Fri 8am-10pm, Sat 8am-10pm, Sun 8am-10pm",,,
Katy - Mason,1719,21961 Katy Freeway,I-10 / Mason,Katy,TX,77450,United States,(281) 392-2989,29.7817426,-95.7529972,"Mon 8am-10pm, Tue 8am-10pm, Wed 8am-10pm, Thu 8am-10pm, Fri 8am-10pm, Sat 8am-10pm, Sun 8am-10pm",,,
Rosenberg,1728,2516 Avenue H,Hwy 90/Ward,Rosenberg,TX,77471,United States,(832) 595-1999,29.5583808,-95.8011442,"Mon 8am-10pm, Tue 8am-10pm, Wed 8am-10pm, Thu 8am-10pm, Fri 8am-10pm, Sat 8am-10pm, Sun 8am-10pm",,,
Phoenix - Indian School,1520,1240 E. Indian School,12th Street ,Phoenix,AZ,85014,United States,(602) 279-3499,33.4950655,-112.0549378,"Mon 8am-10pm, Tue 8am-10pm, Wed 8am-10pm, Thu 8am-10pm, Fri 8am-10pm, Sat 8am-10pm, Sun 8am-10pm",,,
Phoenix - Central Avenue,1645,6018 S. Central Ave,Southern,Phoenix,AZ,85042,United States,(602) 276-6993,33.3916336,-112.0734004,"Mon 8am-10pm, Tue 8am-10pm, Wed 8am-10pm, Thu 8am-10pm, Fri 8am-10pm, Sat 8am-10pm, Sun 8am-10pm",,,
Laveen,1705,3610 W. Baseline Rd ,W Baseline Rd,Laveen,AZ,85339,United States,(602) 237-7855,33.3790122,-112.1362835,"Mon 8am-10pm, Tue 8am-10pm, Wed 8am-10pm, Thu 8am-10pm, Fri 8am-10pm, Sat 8am-10pm, Sun 8am-10pm",,,
Phoenix - 51st Avenue,1612,5010 W Indian School Rd,51st Ave,Phoenix,AZ,85031,United States,(623) 846-9919,33.4964589,-112.1672899,"Mon 8am-10pm, Tue 8am-10pm, Wed 8am-10pm, Thu 8am-10pm, Fri 8am-10pm, Sat 8am-10pm, Sun 8am-10pm",,,
Phoenix - 12th Street,1610,7830 N. 12th Street,Northern,Phoenix,AZ,85020,United States,(602) 997-5999,33.5521356,-112.0581765,"Mon 8am-10pm, Tue 8am-10pm, Wed 8am-10pm, Thu 8am-10pm, Fri 8am-10pm, Sat 8am-10pm, Sun 8am-10pm",,,
Glendale (AZ),1574,5340 W. Glendale Ave.,54th,Glendale,AZ,85301,United States,(623) 930-1112,33.5392524,-112.1744684,"Mon 8am-10pm, Tue 8am-10pm, Wed 8am-10pm, Thu 8am-10pm, Fri 8am-10pm, Sat 8am-10pm, Sun 8am-10pm",,,
Phoenix - Thomas,11300,7620 W. Thomas Rd.,,Phoenix,AZ,85033,United States,(623) 691-9992,33.481626,-112.221758,"Mon 8am - 10pm, Tue 8am - 10pm, Wed 8am - 10pm, Thu 8am - 10pm, Fri 8am - 10pm, Sat 8am - 10pm, Sun 8am - 10pm",,,
San Diego Market ,1648,2611 Market St.,26th St,San Diego,CA,92101,United States,(619) 238-2406,32.7112919,-117.1376887,"Mon 8am-10pm, Tue 8am-10pm, Wed 8am-10pm, Thu 8am-10pm, Fri 8am-10pm, Sat 8am-10pm, Sun 8am-10pm",,,
San Diego - Imperial,1600,265 Marketplace Ave.,Imperial Avenue,San Diego,CA,92113,United States,(619) 263-3090,32.7029416,-117.0998532,"Mon 8am-10pm, Tue 8am-10pm, Wed 8am-10pm, Thu 8am-10pm, Fri 8am-10pm, Sat 8am-10pm, Sun 8am-10pm",,,
National City,1506,1320 Highland Ave,Plaza Blvd,National City,CA,91950,United States,(619) 474-6999,32.6732722,-117.0971639,"Mon 8am-10pm, Tue 8am-10pm, Wed 8am-10pm, Thu 8am-10pm, Fri 8am-10pm, Sat 8am-10pm, Sun 8am-10pm",,,
San Diego - University,1546,5931 University Ave,60th,San Diego,CA,92115,United States,(619) 229-9279,32.749858,-117.0688334,"Mon 8am-10pm, Tue 8am-10pm, Wed 8am-10pm, Thu 8am-10pm, Fri 8am-10pm, Sat 8am-10pm, Sun 8am-10pm",,,
Lemon Grove,1496,3275 Lemon Grove,Church,Lemon Grove,CA,91945,United States,(619) 589-9999,32.741451,-117.029955,"Mon 8am-10pm, Tue 8am-10pm, Wed 8am-10pm, Thu 8am-10pm, Fri 8am-10pm, Sat 8am-10pm, Sun 8am-10pm",,,
San Diego - Clairemont,1544,4140 Clairemont Mesa,Clairemont Drive,San Diego,CA,92117,United States,(858) 483-3137,32.8303572,-117.202343,"Mon 8am-10pm, Tue 8am-10pm, Wed 8am-10pm, Thu 8am-10pm, Fri 8am-10pm, Sat 8am-10pm, Sun 8am-10pm",,,
La Mesa,1552,7908 El Cajon Blvd,Baltimore,La Mesa,CA,91941,United States,(619) 697-7599,32.7700594,-117.0267652,"Mon 8am-10pm, Tue 8am-10pm, Wed 8am-10pm, Thu 8am-10pm, Fri 8am-10pm, Sat 8am-10pm, Sun 8am-10pm",,,
Chula Vista - 3rd Ave,13559,1030 3rd Ave,Moss,Chula Vista,CA,91911,United States,(619) 691-1036,32.615635,-117.071090,"Mon 8am-10pm, Tue 8am-10pm, Wed 8am-10pm, Thu 8am-10pm, Fri 8am-10pm, Sat 8am-10pm, Sun 8am-10pm",,,
San Diego,1481,1862 Palm,Saturn,San Diego,CA,92154,United States,(619) 429-8999,32.5844905,-117.0934094,"Mon 8am-10pm, Tue 8am-10pm, Wed 8am-10pm, Thu 8am-10pm, Fri 8am-10pm, Sat 8am-10pm, Sun 8am-10pm",,,
San Antonio - Basse West  ,1745,3025 West Avenue,Basse,San Antonio,TX,78201,United States,(210) 525-9499,29.4880496,-98.5260051,"Mon 8am-10pm, Tue 8am-10pm, Wed 8am-10pm, Thu 8am-10pm, Fri 8am-10pm, Sat 8am-10pm, Sun 8am-10pm",,,
San Antonio - Dellcrest,1749,1864 S. WW White,Rigsby,San Antonio,TX,78222,United States,(210) 337-3708,29.3997685,-98.4043499,"Mon 8am-10pm, Tue 8am-10pm, Wed 8am-10pm, Thu 8am-10pm, Fri 8am-10pm, Sat 8am-10pm, Sun 8am-10pm",,,
Callaghan,1751,4350 Callaghan  Road,Ingram Road,San Antonio,TX,78228,United States,(210) 431-9928,29.4674512,-98.6011508,"Mon 8am-10pm, Tue 8am-10pm, Wed 8am-10pm, Thu 8am-10pm, Fri 8am-10pm, Sat 8am-10pm, Sun 8am-10pm",,,
San Antonio - Walzem,14588,"5464 Walzem Rd, Suite 3",,San Antonio,TX,78218,United States,(210) 637-1276,29.508748,-98.383451,"Mon 8am-10pm, Tue 8am-10pm, Wed 8am-10pm, Thu 8am-10pm, Fri 8am-10pm, Sat 8am-10pm, Sun 8am-10pm",,,
San Antonio - Thousand Oaks,1744,2942 Thousand Oaks,,San Antonio,TX,78247,United States,(210) 403-0006,29.5087479,-98.3834508,"Mon 8am-10pm, Tue 8am-10pm, Wed 8am-10pm, Thu 8am-10pm, Fri 8am-10pm, Sat 8am-10pm, Sun 8am-10pm",,,
Tempe,1536,790 E. Southern,Rural,Tempe,AZ,85282,United States,(480) 894-5220,33.3936894,-111.9286947,"Mon 8am-10pm, Tue 8am-10pm, Wed 8am-10pm, Thu 8am-10pm, Fri 8am-10pm, Sat 8am-10pm, Sun 8am-10pm",,,
Scottsdale,1562,7919 E. Thomas Rd.,Hayden,Scottsdale,AZ,85251,United States,(480) 946-7999,33.4803791,-111.9102863,"Mon 8am-10pm, Tue 8am-10pm, Wed 8am-10pm, Thu 8am-10pm, Fri 8am-10pm, Sat 8am-10pm, Sun 8am-10pm",,,
Phoenix - Peoria,1534,3518 W. Peoria Avenue,35th Ave,Phoenix,AZ,85029,United States,(602) 863-9929,33.5820442,-112.1349489,"Mon 8am-10pm, Tue 8am-10pm, Wed 8am-10pm, Thu 8am-10pm, Fri 8am-10pm, Sat 8am-10pm, Sun 8am-10pm",,,
Phoenix - Bell,1564,2315 E. Bell Rd,Cave Creek,Phoenix,AZ,85022,United States,(602) 996-7999,33.6390602,-112.0321822,"Mon 8am-10pm, Tue 8am-10pm, Wed 8am-10pm, Thu 8am-10pm, Fri 8am-10pm, Sat 8am-10pm, Sun 8am-10pm",,,
Phoenix - Tatum,1592,12805 N. Tatum Blvd.,Cactus,Phoenix,AZ,85032,United States,(602) 953-0999,33.6257883,-111.9778971,"Mon 8am-10pm, Tue 8am-10pm, Wed 8am-10pm, Thu 8am-10pm, Fri 8am-10pm, Sat 8am-10pm, Sun 8am-10pm",,,
Scottsdale - Talking Stick Way,1717,8950 E Talking Stick Way,N Pavillions Blvd,Scottsdale,AZ,85250,United States,(480) 362-9293,33.538503,-111.865191,"Mon 8am-10pm, Tue 8am-10pm, Wed 8am-10pm, Thu 8am-10pm, Fri 8am-10pm, Sat 8am-10pm, Sun 8am-10pm",,,
Mesa - Country Club,1547,1120 S. Country Club Dr,Southern,Mesa,AZ,85210,United States,(480) 827-0909,33.3949613,-111.8416056,"Mon 8am-10pm, Tue 8am-10pm, Wed 8am-10pm, Thu 8am-10pm, Fri 8am-10pm, Sat 8am-10pm, Sun 8am-10pm",,,
El Cajon - Fletcher,1653,2320 Fletcher Parkway,Garfield Ave.,El Cajon,CA,92020,United States,(619) 462-2215,32.8031814,-116.9960942,"Mon 8am-10pm, Tue 8am-10pm, Wed 8am-10pm, Thu 8am-10pm, Fri 8am-10pm, Sat 8am-10pm, Sun 8am-10pm",,,
Santee - Mission Gorge Rd,3049,9571 Mission Gorge Rd,Town Center Pkwy,Santee,CA,92071,United States,,32.838628,-116.989166,"Mon 8am-10pm, Tue 8am-10pm, Wed 8am-10pm, Thu 8am-10pm, Fri 8am-10pm, Sat 8am-10pm, Sun 8am-10pm",,,
San Ysidro,1504,121 Louisiana Ave,San Ysidro,San Ysidro,CA,92173,United States,(619) 690-0999,32.5496383,-117.0382998,"Mon 8am-10pm, Tue 8am-10pm, Wed 8am-10pm, Thu 8am-10pm, Fri 8am-10pm, Sat 8am-10pm, Sun 8am-10pm",,,
Mira Mesa - Camino Ruiz,9796,10765 Camino Ruiz,,Mira Mesa,CA,92126,United States,(858) 281-8655,32.9146718,-117.1438221,"Mon 8am-10pm, Tue 8am-10pm, Wed 8am-10pm, Thu 8am-10pm, Fri 8am-10pm, Sat 8am-10pm, Sun 8am-10pm",,,
El Cajon,1486,1766 E. Main St,Greenfield,El Cajon,CA,92021,United States,(619) 590-9191,32.8145104,-116.918419,"Mon 8am-10pm, Tue 8am-10pm, Wed 8am-10pm, Thu 8am-10pm, Fri 8am-10pm, Sat 8am-10pm, Sun 8am-10pm",,,
Poway,1665,12369 Poway Rd.,Pomerado Road,Poway,CA,92064,United States,(858) 679-7490,32.950712,-117.0631052,"Mon 8am-10pm, Tue 8am-10pm, Wed 8am-10pm, Thu 8am-10pm, Fri 8am-10pm, Sat 8am-10pm, Sun 8am-10pm",,,
Encinitas,1567,145 S. El Camino Real,Encinitas,Encinitas,CA,92024,United States,(760) 632-8996,33.0435423,-117.2594375,"Mon 8am-10pm, Tue 8am-10pm, Wed 8am-10pm, Thu 8am-10pm, Fri 8am-10pm, Sat 8am-10pm, Sun 8am-10pm",,,
Ramona - Main,1712,1326 Main Street ,14th Street,Ramona,CA,92065,United States,(760) 788-9999,33.0382931,-116.8737652,"Mon 8am-10pm, Tue 8am-10pm, Wed 8am-10pm, Thu 8am-10pm, Fri 8am-10pm, Sat 8am-10pm, Sun 8am-10pm",,,
Escondido - Parkway,3043,385 North Escondido Blvd ,Parkway,Escondido,CA,92025,United States,,33.122348,-117.087411,"Mon 8am-10pm, Tue 8am-10pm, Wed 8am-10pm, Thu 8am-10pm, Fri 8am-10pm, Sat 8am-10pm, Sun 8am-10pm",,,
Escondido - Ash St,9475,415 North Ash Street,Valley Parkway,Escondido,CA,92027,United States,,33.1306825,-117.0704147,"Mon 8am-10pm, Tue 8am-10pm, Wed 8am-10pm, Thu 8am-10pm, Fri 8am-10pm, Sat 8am-10pm, Sun 8am-10pm",,,
Phoenix - 43rd Ave,1669,4240 W Bell Rd,N 43rd Ave,Phoenix,AZ,85308,United States,(602) 942-0598,33.6407851,-112.1502092,"Mon 8am-10pm, Tue 8am-10pm, Wed 8am-10pm, Thu 8am-10pm, Fri 8am-10pm, Sat 8am-10pm, Sun 8am-10pm",,,
Chandler,1565,1996 N. Alma School Rd,Warner,Chandler,AZ,85224,United States,(480) 899-8399,33.3347353,-111.8610764,"Mon 8am-10pm, Tue 8am-10pm, Wed 8am-10pm, Thu 8am-10pm, Fri 8am-10pm, Sat 8am-10pm, Sun 8am-10pm",,,
Peoria,1607,8375 W. Thunderbird ,83rd,Peoria,AZ,85381,United States,(623) 979-0599,33.6086511,-112.2390566,"Mon 7am-10pm, Tue 7am-10pm, Wed 7am-10pm, Thu 7am-10pm, Fri 7am-10pm, Sat 7am-10pm, Sun 7am-10pm",,,
Mesa - Stapley,11299,2009 N Stapley Dr,,Mesa,AZ,85203,United States,(480) 964-1494,33.450567,-111.804902,"Mon 8am - 10pm, Tue 8am - 10pm, Wed 8am - 10pm, Thu 8am - 10pm, Fri 8am - 10pm, Sat 8am - 10pm, Sun 8am - 10pm",,,
Goodyear,1617,13540 W. Van Buren St.,Central,Goodyear,AZ,85338,United States,(623) 882-3399,33.4508462,-112.3509205,"Mon 8am-10pm, Tue 8am-10pm, Wed 8am-10pm, Thu 8am-10pm, Fri 8am-10pm, Sat 8am-10pm, Sun 8am-10pm",,,
Glendale - 67th Ave,1596,20165 N. 67th Avenue,Beardsley,Glendale,AZ,85308,United States,(623) 572-5299,33.6639422,-112.2014863,"Mon 8am-10pm, Tue 8am-10pm, Wed 8am-10pm, Thu 8am-10pm, Fri 8am-10pm, Sat 8am-10pm, Sun 8am-10pm",,,
Mesa - Gilbert,3010,1045 S. Gilbert  Road,,Mesa,CA,85204,United States,,33.396492,-111.786876,"Mon 8am-10pm, Tue 8am-10pm, Wed 8am-10pm, Thu 8am-10pm, Fri 8am-10pm, Sat 8am-10pm, Sun 8am-10pm",,,
Gilbert,1656,750 N. Gilbert Road,Guadalupe,Gilbert,AZ,85233,United States,(480) 545-7999,33.363794,-111.7922204,"Mon 8am-10pm, Tue 8am-10pm, Wed 8am-10pm, Thu 8am-10pm, Fri 8am-10pm, Sat 8am-10pm, Sun 8am-10pm",,,
Mesa - Main,11298,4433 E. Main,,Mesa,AZ,85205,United States,(480) 396-2499,33.415041,-111.734509,"Mon 8am - 10pm, Tue 8am - 10pm, Wed 8am - 10pm, Thu 8am - 10pm, Fri 8am - 10pm, Sat 8am - 10pm, Sun 8am - 10pm",,,
Surprise,1560,12801 W. Bell Rd,RJ Johnson,Surprise,AZ,85374,United States,(623) 974-5929,33.6372011,-112.3369218,"Mon 8am-10pm, Tue 8am-10pm, Wed 8am-10pm, Thu 8am-10pm, Fri 8am-10pm, Sat 8am-10pm, Sun 8am-10pm",,,
Mesa - Power,1670,2070 S. Power Road ,Baseline Road,Mesa,AZ,85208,United States,(480) 985-1199,33.3782915,-111.6903894,"Mon 8am-10pm, Tue 8am-10pm, Wed 8am-10pm, Thu 8am-10pm, Fri 8am-10pm, Sat 8am-10pm, Sun 8am-10pm",,,
San Marcos,1657,155  S. Rancho Santa Fe Rd.,Grand Ave.,San Marcos,CA,92078,United States,(760) 891-0972,33.1469264,-117.1988125,"Mon 8am-10pm, Tue 8am-10pm, Wed 8am-10pm, Thu 8am-10pm, Fri 8am-10pm, Sat 8am-10pm, Sun 8am-10pm",,,
Escondido - Valley ,1692,2010 E Valley Pkwy,N Midway Drive,Escondido,CA,92027,United States,(760) 746-1849,33.1386174,-117.0512668,"Mon 8am-10pm, Tue 8am-10pm, Wed 8am-10pm, Thu 8am-10pm, Fri 8am-10pm, Sat 8am-10pm, Sun 8am-10pm",,,
Vista,1629,705 E. Vista Way,Escondido,Vista,CA,92084,United States,(760) 414-9749,33.207011,-117.235356,"Mon 8am-10pm, Tue 8am-10pm, Wed 8am-10pm, Thu 8am-10pm, Fri 8am-10pm, Sat 8am-10pm, Sun 8am-10pm",,,
Oceanside,1500,1036 Mission Ave,Horne,Oceanside,CA,92054,United States,(760) 433-9992,33.1996951,-117.3751944,"Mon 8am-10pm, Tue 8am-10pm, Wed 8am-10pm, Thu 8am-10pm, Fri 8am-10pm, Sat 8am-10pm, Sun 8am-10pm",,,
Dallas - Live Oak,1742,4500 Live Oak,Carroll,Dallas,TX,75204,United States,(214) 370-8796,32.7991713,-96.7756225,"Mon 8am-10pm, Tue 8am-10pm, Wed 8am-10pm, Thu 8am-10pm, Fri 8am-10pm, Sat 8am-10pm, Sun 8am-10pm",,,
Dallas - Bruton,1743,9009 Bruton Rd.,Priarie Creek,Dallas,TX,75217,United States,(214) 388-5858,32.749906,-96.668075,"Mon 8am-9pm, Tue 8am-9pm, Wed 8am-9pm, Thu 8am-9pm, Fri 8am-9pm, Sat 8am-9pm, Sun 8am-9pm",,,
Duncanville,1761,410 E Camp Wisdom Rd  ,Oriole Blvd,Duncanville,TX,75116,United States,(972) 283-6088,32.6622006,-96.8177754,"Mon 8am-10pm, Tue 8am-10pm, Wed 8am-10pm, Thu 8am-10pm, Fri 8am-10pm, Sat 8am-10pm, Sun 8am-10pm",,,
Garland - Centerville,1730,950 W. Centerville Rd. ,Broadmoor Dr.,Garland,TX,75041,United States,(972) 682-9991,32.8590825,-96.6448639,"Mon 8am-10pm, Tue 8am-10pm, Wed 8am-10pm, Thu 8am-10pm, Fri 8am-10pm, Sat 8am-10pm, Sun 8am-10pm",,,
Dallas - Preston,1739,13444 Preston Rd.,Alpha Road,Dallas,TX,75240,United States,(972) 386-5999,32.9313673,-96.8025558,"Mon 8am-10pm, Tue 8am-10pm, Wed 8am-10pm, Thu 8am-10pm, Fri 8am-10pm, Sat 8am-10pm, Sun 8am-10pm",,,
Mesquite,1758,3330 N Galloway Ave,N Galloway Ave,Mesquite,TX,75150,United States,(972) 681-1517,32.8098902,-96.6101762,"Mon 8am-10pm, Tue 8am-10pm, Wed 8am-10pm, Thu 8am-10pm, Fri 8am-10pm, Sat 8am-10pm, Sun 8am-10pm",,,
Garland - Buckingham,1731,1445 West Buckingham,Garland Rd.,Garland,TX,75040,United States,(972) 496-6999,32.9317057,-96.6498884,"Mon 8am-10pm, Tue 8am-10pm, Wed 8am-10pm, Thu 8am-10pm, Fri 8am-10pm, Sat 8am-10pm, Sun 8am-10pm",,,
Dallas - Frankford,1740,3632 Frankford Rd.,Marsh,Dallas,TX,75287,United States,(214) 483-3992,32.995875,-96.8546556,"Mon 8am-10pm, Tue 8am-10pm, Wed 8am-10pm, Thu 8am-10pm, Fri 8am-10pm, Sat 8am-10pm, Sun 8am-10pm",,,
Plano,1755,1110 East Parker Road,Avenue K,Plano,TX,75074,United States,(972) 422-4301,33.0361166,-96.6978849,"Mon 8am-10pm, Tue 8am-10pm, Wed 8am-10pm, Thu 8am-10pm, Fri 8am-10pm, Sat 8am-10pm, Sun 8am-10pm",,,
Colleyville,1729,3901 Colleyville Blvd.,Cheek Sparger ,Colleyville,TX,76034,United States,(817) 427-3999,32.8668861,-97.1710533,"Mon 8am-9pm, Tue 8am-9pm, Wed 8am-9pm, Thu 8am-9pm, Fri 8am-9pm, Sat 8am-9pm, Sun 8am-9pm",,,
Richland Hills,1733,6246 Rufe Snow Drive,Mid Cities Blvd.,Richland Hills,TX,76148,United States,(817) 503-2499,32.8581235,-97.2375854,"Mon 8am-10pm, Tue 8am-10pm, Wed 8am-10pm, Thu 8am-10pm, Fri 8am-10pm, Sat 8am-10pm, Sun 8am-10pm",,,
Fort Worth - Alta Mere,2480,455 Sherry Lane,Green Oaks Rd,Fort Worth,TX,76116,United States,,32.752487,-97.429408,"Mon 8am-9pm, Tue 8am-9pm, Wed 8am-9pm, Thu 8am-9pm, Fri 8am-9pm, Sat 8am-9pm, Sun 8am-9pm",,,
Fort Worth,1732,6732 Camp Bowie Blvd.,Lackland,Fort Worth,TX,76116,United States,(817) 569-9966,32.7222334,-97.4337975,"Mon 8am-9pm, Tue 8am-9pm, Wed 8am-9pm, Thu 8am-9pm, Fri 8am-9pm, Sat 8am-9pm, Sun 8am-9pm",,,
San Jose,1639,1915 W. San Carlos,Brooklyn,San Jose,CA,95128,United States,(408) 971-1501,37.3235916,-121.9291919,"Mon 8am-10pm, Tue 8am-10pm, Wed 8am-10pm, Thu 8am-10pm, Fri 8am-10pm, Sat 8am-10pm, Sun 8am-10pm",,,
Fremont,1667,41989 Fremont Blvd.,Blacow Rd.,Fremont,CA,94538,United States,(510) 353-9512,37.524409,-121.958314,"Mon 8am-10pm, Tue 8am-10pm, Wed 8am-10pm, Thu 8am-10pm, Fri 8am-10pm, Sat 8am-10pm, Sun 8am-10pm",,,
Hayward,1604,20882 Mission Blvd.,Medford,Hayward,CA,94541,United States,(510) 276-9960,37.6850809,-122.0983457,"Mon 8am-10pm, Tue 8am-10pm, Wed 8am-10pm, Thu 8am-10pm, Fri 8am-10pm, Sat 8am-10pm, Sun 8am-10pm",,,
San Leandro,1576,"699 Lewelling Blvd., #50",I-880 / Lewelling,San Leandro,CA,94579,United States,(510) 351-0999,37.6876896,-122.1375067,"Mon 8am-10pm, Tue 8am-10pm, Wed 8am-10pm, Thu 8am-10pm, Fri 8am-10pm, Sat 8am-10pm, Sun 8am-10pm",,,
Gilroy,1611,260 East 10th Street,Hwy 101,Gilroy,CA,95020,United States,(408) 848-4502,37.0001673,-121.5619227,"Mon 8am-10pm, Tue 8am-10pm, Wed 8am-10pm, Thu 8am-10pm, Fri 8am-10pm, Sat 8am-10pm, Sun 8am-10pm",,,
Tracy - Grant Line,11291,2888 W Grant Line Rd,,Tracy,CA,95304,United States,(209) 839-9619,37.752317,-121.469518,"Mon 8am - 10pm, Tue 8am - 10pm, Wed 8am - 10pm, Thu 8am - 10pm, Fri 8am - 10pm, Sat 8am - 10pm, Sun 8am - 10pm",,,
Tracy,1580,1320 W. 11th Street,Lincoln,Tracy,CA,95376,United States,(209) 839-9619,37.7392807,-121.4421065,"Mon 8am-10pm, Tue 8am-10pm, Wed 8am-10pm, Thu 8am-10pm, Fri 8am-10pm, Sat 8am-10pm, Sun 8am-10pm",,,
Berkeley,1649,1941 San Pablo Ave,University Ave,Berkeley,CA,94702,United States,(510) 704-1799,37.87,-122.2918418,"Mon 8am-10pm, Tue 8am-10pm, Wed 8am-10pm, Thu 8am-10pm, Fri 8am-10pm, Sat 8am-10pm, Sun 8am-10pm",,,
Concord,1591,4665 Clayton Road,Bailey,Concord,CA,94521,United States,(925) 674-9799,37.9626572,-121.9826239,"Mon 8am-10pm, Tue 8am-10pm, Wed 8am-10pm, Thu 8am-10pm, Fri 8am-10pm, Sat 8am-10pm, Sun 8am-10pm",,,
Concord - Willow Pass,1631,1701 A Willow Pass Rd.,Fry,Concord,CA,94520,United States,(925) 687-2996,37.9739364,-122.0414087,"Mon 8am-10pm, Tue 8am-10pm, Wed 8am-10pm, Thu 8am-10pm, Fri 8am-10pm, Sat 8am-10pm, Sun 8am-10pm",,,
Antioch,1615,2515 Somersville Road ,Somersville,Antioch,CA,94509,United States,(925) 757-8999,38.000304,-121.8386839,"Mon 8am-10pm, Tue 8am-10pm, Wed 8am-10pm, Thu 8am-10pm, Fri 8am-10pm, Sat 8am-10pm, Sun 8am-10pm",,,
Salinas,1597,102 E. Laurel Drive,Main Street,Salinas,CA,93906,United States,(831) 751-3999,36.6982514,-121.6508856,"Mon 8am-10pm, Tue 8am-10pm, Wed 8am-10pm, Thu 8am-10pm, Fri 8am-10pm, Sat 8am-10pm, Sun 8am-10pm",,,
Richmond,1655,3600 Klose Way,Blume Drive,Richmond,CA,94806,United States,(510) 262-0672,37.9825283,-122.3179684,"Mon 8am-10pm, Tue 8am-10pm, Wed 8am-10pm, Thu 8am-10pm, Fri 8am-10pm, Sat 8am-10pm, Sun 8am-10pm",,,
Pinole,1641,620 San Pablo Ave.,Del Monte Drive,Pinole,CA,94564,United States,(510) 964-9906,38.0036122,-122.3153279,"Mon 8am-10pm, Tue 8am-10pm, Wed 8am-10pm, Thu 8am-10pm, Fri 8am-10pm, Sat 8am-10pm, Sun 8am-10pm",,,
Vallejo,1618,42 Springstowne Center,Oakwood,Vallejo,CA,94591,United States,(707) 553-8509,38.1045023,-122.2158174,"Mon 8am-10pm, Tue 8am-10pm, Wed 8am-10pm, Thu 8am-10pm, Fri 8am-10pm, Sat 8am-10pm, Sun 8am-10pm",,,
Vallejo - Sonama,2935,3684 Sonoma Blvd,,Vallejo,CA,94590,United States,,38.125247,-122.253807,"Mon 8am-10pm, Tue 8am-10pm, Wed 8am-10pm, Thu 8am-10pm, Fri 8am-10pm, Sat 8am-10pm, Sun 8am-10pm",,,
Fairfield,1605,601 Beck Avenue,W. Texas,Fairfield,CA,94533,United States,(707) 399-0888,38.2481384,-122.0672488,"Mon 8am-10pm, Tue 8am-10pm, Wed 8am-10pm, Thu 8am-10pm, Fri 8am-10pm, Sat 8am-10pm, Sun 8am-10pm",,,
Rohnert Park,1693,425 Rohnert Park Expressway ,Redwood Drive,Rohnert Park,CA,94928,United States,(707) 588-8936,38.3465911,-122.7192853,"Mon 8am-10pm, Tue 8am-10pm, Wed 8am-10pm, Thu 8am-10pm, Fri 8am-10pm, Sat 8am-10pm, Sun 8am-10pm",,,
Vacaville,1585,551 Peabody Road,Marshall Road,Vacaville,CA,95687,United States,(707) 446-9994,38.3455128,-121.9723255,"Mon 8am-10pm, Tue 8am-10pm, Wed 8am-10pm, Thu 8am-10pm, Fri 8am-10pm, Sat 8am-10pm, Sun 8am-10pm",,,
Las Vegas - Charleston,1545,1155 E. Charleston Blvd,Maryland Pkwy,Las Vegas,NV,89104,United States,(702) 382-9946,36.1594853,-115.1376465,"Mon 8am-9pm, Tue 8am-9pm, Wed 8am-9pm, Thu 8am-9pm, Fri 8am-9pm, Sat 8am-9pm, Sun 8am-9pm",,,
Las Vegas - Decatur,1587,1200 S. Decatur ,Charleston,Las Vegas,NV,89102,United States,(702) 259-9949,36.1572563,-115.2072081,"Mon 8am-10pm, Tue 8am-10pm, Wed 8am-10pm, Thu 8am-10pm, Fri 8am-10pm, Sat 8am-10pm, Sun 8am-10pm",,,
Las Vegas,1499,1325 E. Flamingo ,Maryland Pkwy,Las Vegas,NV,89119,United States,(702) 794-0097 ,36.11391,-115.1360762,"Mon 8am-10pm, Tue 8am-10pm, Wed 8am-10pm, Thu 8am-10pm, Fri 8am-10pm, Sat 8am-10pm, Sun 8am-10pm",,,
Las Vegas - Cheyenne,1715,3258 N Las Vegas Blvd ,E Cheynne Ave,Las Vegas,NV,89115,United States,(702) 643-2044,36.2165774,-115.0951144,"Mon 8am-9pm, Tue 8am-9pm, Wed 8am-9pm, Thu 8am-9pm, Fri 8am-9pm, Sat 8am-9pm, Sun 8am-9pm",,,
Las Vegas - Nellis,1509,45 North Nellis Blvd,Charleston,Las Vegas,NV,89110,United States,(702) 459-1599,36.1606265,-115.0636512,"Mon 8am-10pm, Tue 8am-10pm, Wed 8am-10pm, Thu 8am-10pm, Fri 8am-10pm, Sat 8am-10pm, Sun 8am-10pm",,,
Las Vegas - Craig,1521,"1435 W. Craig Rd., Ste 3",Martin Luther King,North Las Vegas,NV,89032,United States,(702) 642-8299,36.237893,-115.160812,"Mon 8am-10pm, Tue 8am-10pm, Wed 8am-10pm, Thu 8am-10pm, Fri 8am-10pm, Sat 8am-10pm, Sun 8am-10pm",,,
Las Vegas - Ocotillo,1654,2419 E. Tropicana ,Eastern Ave.,Las Vegas,NV,89121,United States,(702) 736-9916,36.0987103,-115.1182634,"Mon 8am-9pm, Tue 8am-9pm, Wed 8am-9pm, Thu 8am-9pm, Fri 8am-9pm, Sat 8am-9pm, Sun 8am-9pm",,,
Las Vegas - Rancho,1675,3141 N Rancho Drive,W Cheyenne Ave,Las Vegas,NV,89130,United States,(702) 456-1132,36.2161289,-115.2132106,"Mon 8am-9pm, Tue 8am-9pm, Wed 8am-9pm, Thu 8am-9pm, Fri 8am-9pm, Sat 8am-9pm, Sun 8am-9pm",,,
Las Vegas - Tropicana,1535,4910 Tropicana Ave,Nellis,Las Vegas,NV,89121,United States,(702) 456-9949,36.1009462,-115.0656509,"Mon 8am-10pm, Tue 8am-10pm, Wed 8am-10pm, Thu 8am-10pm, Fri 8am-10pm, Sat 8am-10pm, Sun 8am-10pm",,,
Las Vegas - Lakemead,1558,7470 W. Lakemead Blvd,Buffalo,Las Vegas,NV,89128,United States,(702) 869-3299,36.1974434,-115.256989,"Mon 8am-10pm, Tue 8am-10pm, Wed 8am-10pm, Thu 8am-10pm, Fri 8am-10pm, Sat 8am-10pm, Sun 8am-10pm",,,
Las Vegas - Spring Mt.,1524,7239 Spring Mountain,Tenaya,Las Vegas,NV,89147,United States,(702) 368-2499,36.1251472,-115.2499639,"Mon 8am-10pm, Tue 8am-10pm, Wed 8am-10pm, Thu 8am-10pm, Fri 8am-10pm, Sat 8am-10pm, Sun 8am-10pm",,,
Las Vegas - Eastern,3005,7380 S. Eastern Ave. ,,Las Vegas,NV,89123,United States,,36.055965,-115.116353,"Mon 8am-10pm, Tue 8am-10pm, Wed 8am-10pm, Thu 8am-10pm, Fri 8am-10pm, Sat 8am-10pm, Sun 8am-10pm",,,
Las Vegas - Blue Diamond,1706,3835 Blue Diamond Rd.,S Valley View Blvd,Las Vegas,NV,89139,United States,(702) 451-0399,36.0393858,-115.1923854,"Mon 8am-10pm, Tue 8am-10pm, Wed 8am-10pm, Thu 8am-10pm, Fri 8am-10pm, Sat 8am-10pm, Sun 8am-10pm",,,
Henderson - Marks,1568,520 Marks St. #C,Sunset,Henderson,NV,89014,United States,(702) 898-9928,36.0601766,-115.0350875,"Mon 8am-10pm, Tue 8am-10pm, Wed 8am-10pm, Thu 8am-10pm, Fri 8am-10pm, Sat 8am-10pm, Sun 8am-10pm",,,
Las Vegas - Beltway,1599,4920 S. Fort Apache Rd.,Beltway,Las Vegas,NV,89148,United States,(702) 876-6699,36.0992448,-115.2960489,"Mon 8am-10pm, Tue 8am-10pm, Wed 8am-10pm, Thu 8am-10pm, Fri 8am-10pm, Sat 8am-10pm, Sun 8am-10pm",,,
Las Vegas - Eastern,1549,9230 S. Eastern Ave,Serene,Henderson,NV,89052,United States,(702) 617-1989,35.9889226,-115.1010407,"Mon 8am-10pm, Tue 8am-10pm, Wed 8am-10pm, Thu 8am-10pm, Fri 8am-10pm, Sat 8am-10pm, Sun 8am-10pm",,,
Henderson - Boulder,1682,716 S Boulder Hwy ,Major Avenue,Henderson,NV,89015,United States,702) 558-9919,36.0305881,-114.9696836,"Mon 8am-10pm, Tue 8am-10pm, Wed 8am-10pm, Thu 8am-10pm, Fri 8am-10pm, Sat 8am-10pm, Sun 8am-10pm",,,
Boulder City - Buchanan,2710,800 Buchanan Blvd,Great Basin Hwy,Boulder City,nv,89005,United States,,35.972766,-114.846895,"Mon 8am-10pm, Tue 8am-10pm, Wed 8am-10pm, Thu 8am-10pm, Fri 8am-10pm, Sat 8am-10pm, Sun 8am-10pm",,,
Tucson - Oracle ,1660,4144 N. Oracle Road,Limberlost Roads,Tucson,AZ,85705,United States,(520) 887-3509,32.2824081,-110.9770377,"Mon 8am-10pm, Tue 8am-10pm, Wed 8am-10pm, Thu 8am-10pm, Fri 8am-10pm, Sat 8am-10pm, Sun 8am-10pm",,,
Tucson - Golf Links,1595,7125 E. Golf Links Road,Kolb,Tucson,AZ,85730,United States,(520) 296-8999,32.1920711,-110.8402562,"Mon 8am-10pm, Tue 8am-10pm, Wed 8am-10pm, Thu 8am-10pm, Fri 8am-10pm, Sat 8am-10pm, Sun 8am-10pm",,,
Tucson - Valencia,1594,1675 W. Valencia Blvd.,Midvale,Tucson,AZ,85746,United States,(520) 889-7999,32.1336975,-110.9989717,"Mon 8am-10pm, Tue 8am-10pm, Wed 8am-10pm, Thu 8am-10pm, Fri 8am-10pm, Sat 8am-10pm, Sun 8am-10pm",,,
Tucson - Marana,1609,4160 W. Ina Rd.,Old Father,Tucson,AZ,85741,United States,(520) 579-1699,32.3384594,-111.0543134,"Mon 8am-10pm, Tue 8am-10pm, Wed 8am-10pm, Thu 8am-10pm, Fri 8am-10pm, Sat 8am-10pm, Sun 8am-10pm",,,
Sahuarita,1628,750 W. Calle Arroyo Sur,Nogales,Sahuarita,AZ,85614,United States,(520) 648-0276,31.913088,-110.981027,"Mon 8am-10pm, Tue 8am-10pm, Wed 8am-10pm, Thu 8am-10pm, Fri 8am-10pm, Sat 8am-10pm, Sun 8am-10pm",,,
Fresno - McKinley,1621,1520 N. First Street,E. McKinley Ave,Fresno,CA,93703,United States,(559) 268-1989,36.7636836,-119.771537,"Mon 8am-10pm, Tue 8am-10pm, Wed 8am-10pm, Thu 8am-10pm, Fri 8am-10pm, Sat 8am-10pm, Sun 8am-10pm",,,
Fresno - Kings Canyon,1593,4979 Kings Canyon Blvd,Willow,Fresno,CA,93727,United States,(559) 456-0990,36.7375294,-119.7287478,"Mon 8am-10pm, Tue 8am-10pm, Wed 8am-10pm, Thu 8am-10pm, Fri 8am-10pm, Sat 8am-10pm, Sun 8am-10pm",,,
Fresno - West Ave,1640,3110 N. West Avenue,Shields,Fresno,CA,93705,United States,(559) 225-0999,36.7784442,-119.8264718,"Mon 8am-10pm, Tue 8am-10pm, Wed 8am-10pm, Thu 8am-10pm, Fri 8am-10pm, Sat 8am-10pm, Sun 8am-10pm",,,
Clovis,1540,770 W. Shaw ,Willow,Clovis,CA,93612,United States,(559) 299-8149,36.8070198,-119.7257396,"Mon 8am-10pm, Tue 8am-10pm, Wed 8am-10pm, Thu 8am-10pm, Fri 8am-10pm, Sat 8am-10pm, Sun 8am-10pm",,,
Fresno,1555,6036 N. First Street,Bullard,Fresno,CA,93710,United States,(559) 438-8599,36.8236752,-119.7705544,"Mon 8am-10pm, Tue 8am-10pm, Wed 8am-10pm, Thu 8am-10pm, Fri 8am-10pm, Sat 8am-10pm, Sun 8am-10pm",,,
Fresno - West Shaw,1672,4170 West Shaw,N Brawley Avenue,Fresno,CA,93722,United States,(559) 277-2549,36.8091298,-119.8665357,"Mon 8am-10pm, Tue 8am-10pm, Wed 8am-10pm, Thu 8am-10pm, Fri 8am-10pm, Sat 8am-10pm, Sun 8am-10pm",,,
Sanger - Jenson ,1685,2680 Jensen Ave ,Bethel Ave,Sanger,CA,93657,United States,(559) 875-7026,36.707301,-119.576011,"Mon 8am-10pm, Tue 8am-10pm, Wed 8am-10pm, Thu 8am-10pm, Fri 8am-10pm, Sat 8am-10pm, Sun 8am-10pm",,,
Madera,11450,1333 Country Club Drive,,Madera,CA,93638,United States,(559) 673-9999,36.978327,-120.072089,"Mon 8am-10pm, Tue 8am-10pm, Wed 8am-10pm, Thu 8am-10pm, Fri 8am-10pm, Sat 8am-10pm, Sun 8am-10pm",,,
Madera,1584,1333 Country Club Drive,Sherwood Way,Madera,CA,93638,United States,(559) 673-9999,36.9783275,-120.0720889,"Mon 8am-10pm, Tue 8am-10pm, Wed 8am-10pm, Thu 8am-10pm, Fri 8am-10pm, Sat 8am-10pm, Sun 8am-10pm",,,
Hanford,1650,550 N 11th Ave,W Ivy St.,Hanford,CA,93230,United States,(559) 587-9742,36.329869,-119.656282,"Mon 8am-10pm, Tue 8am-10pm, Wed 8am-10pm, Thu 8am-10pm, Fri 8am-10pm, Sat 8am-10pm, Sun 8am-10pm",,,
Visalia,1556,2701 S. Mooney Blvd,Witendale,Visalia,CA,93277,United States,(559) 627-1699,36.3066157,-119.3151438,"Mon 8am-10pm, Tue 8am-10pm, Wed 8am-10pm, Thu 8am-10pm, Fri 8am-10pm, Sat 8am-10pm, Sun 8am-10pm",,,
Tulare,1643,1035 E. Prosperity Avenue,Hillman,Tulare,CA,93274,United States,(559) 686-9990,36.2242365,-119.3314803,"Mon 8am-10pm, Tue 8am-10pm, Wed 8am-10pm, Thu 8am-10pm, Fri 8am-10pm, Sat 8am-10pm, Sun 8am-10pm",,,
Sacramento - Northgate,1578,2351 Northgate Blvd.,El Camino,Sacramento,CA,95833,United States,(916) 564-9954,38.6091462,-121.477022,"Mon 8am-10pm, Tue 8am-10pm, Wed 8am-10pm, Thu 8am-10pm, Fri 8am-10pm, Sat 8am-10pm, Sun 8am-10pm",,,
Sacramento - El Camino,1571,2224 El Camino Ave.,Howe,Sacramento,CA,95821,United States,(916) 614-9999,38.6099006,-121.4136787,"Mon 8am-10pm, Tue 8am-10pm, Wed 8am-10pm, Thu 8am-10pm, Fri 8am-10pm, Sat 8am-10pm, Sun 8am-10pm",,,
Sacramento - Stockton,1623,5930 Stockton Blvd.,McMahon Dr.,Sacramento,CA,95824,United States,(916) 393-1784,38.5184018,-121.4410586,"Mon 8am-10pm, Tue 8am-10pm, Wed 8am-10pm, Thu 8am-10pm, Fri 8am-10pm, Sat 8am-10pm, Sun 8am-10pm",,,
Sacramento - Folsom,1598,8387 Folsom Blvd.,Julliard Dr.,Sacramento,CA,95826,United States,(916) 386-9990,38.548757,-121.3953762,"Mon 8am-10pm, Tue 8am-10pm, Wed 8am-10pm, Thu 8am-10pm, Fri 8am-10pm, Sat 8am-10pm, Sun 8am-10pm",,,
Sacramento - Florin,1687,4440 Florin Rd,Franklin Blvd,Sacramento,CA,95823,United States,(916) 393-2203,38.4959993,-121.4544596,"Mon 8am-10pm, Tue 8am-10pm, Wed 8am-10pm, Thu 8am-10pm, Fri 8am-10pm, Sat 8am-10pm, Sun 8am-10pm",,,
Carmichael,1572,6431 Fair Oaks Blvd.,Marconi,Carmichael,CA,95608,United States,(916) 488-5281,38.6179986,-121.3300896,"Mon 8am-10pm, Tue 8am-10pm, Wed 8am-10pm, Thu 8am-10pm, Fri 8am-10pm, Sat 8am-10pm, Sun 8am-10pm",,,
Sacramento - Auburn,1625,4909 Auburn Blvd.,College Oak Dr.,Sacramento,CA,95841,United States,(916) 334-4412,38.6598865,-121.3495798,"Mon 8am-10pm, Tue 8am-10pm, Wed 8am-10pm, Thu 8am-10pm, Fri 8am-10pm, Sat 8am-10pm, Sun 8am-10pm",,,
Sacramento - Elkhorn,1566,4319 Elkhorn Blvd.,Walerga,Sacramento,CA,95842,United States,(916) 344-4999,38.695548,-121.3625453,"Mon 8am-10pm, Tue 8am-10pm, Wed 8am-10pm, Thu 8am-10pm, Fri 8am-10pm, Sat 8am-10pm, Sun 8am-10pm",,,
Rancho Cordova,1559,2868 Zinfandel Drive,Folsom,Rancho Cordova,CA,95670,United States,(916) 858-1499 ,38.5941563,-121.2890548,"Mon 8am-10pm, Tue 8am-10pm, Wed 8am-10pm, Thu 8am-10pm, Fri 8am-10pm, Sat 8am-10pm, Sun 8am-10pm",,,
Citrus Heights - Greenback,11449,7424 Greenback Lane,,Citrus Heights,CA,95610,United States,(916) 727-1999,38.677668,-121.291552,"Mon 8am-10pm, Tue 8am-10pm, Wed 8am-10pm, Thu 8am-10pm, Fri 8am-10pm, Sat 8am-10pm, Sun 8am-10pm",,,
Roseville ,1673,1617 Douglas Blvd ,Santa Clara Drive,Roseville,CA,95661,United States,(916) 797-8999,38.7454042,-121.2642528,"Mon 8am-10pm, Tue 8am-10pm, Wed 8am-10pm, Thu 8am-10pm, Fri 8am-10pm, Sat 8am-10pm, Sun 8am-10pm",,,
Orangevale,1619,9415 Madison Avenue,Main,Orangevale,CA,95662,United States,(916) 990-0760,38.673947,-121.201517,"Mon 8am-10pm, Tue 8am-10pm, Wed 8am-10pm, Thu 8am-10pm, Fri 8am-10pm, Sat 8am-10pm, Sun 8am-10pm",,,
Roseville - Fairway ,1714,10261 Fairway Dr   ,Pleasant Grove Blvd,Roseville,CA,95678,United States,(916) 797-9999,38.787635,-121.281626,"Mon 8am-10pm, Tue 8am-10pm, Wed 8am-10pm, Thu 8am-10pm, Fri 8am-10pm, Sat 8am-10pm, Sun 8am-10pm",,,
Folsom - Riley,10440,1012 Riley St,Glenn Dr. ,Folsom,CA,95630,United States,,38.6695202,-121.1685036,"Mon 8am-10pm, Tue 8am-10pm, Wed 8am-10pm, Thu 8am-10pm, Fri 8am-10pm, Sat 8am-10pm, Sun 8am-10pm",,,
Lodi,1557,300 W. Kettleman Lane,Hutchins,Lodi,CA,95240,United States,(209) 339-9103,38.1141394,-121.277224,"Mon 8am-10pm, Tue 8am-10pm, Wed 8am-10pm, Thu 8am-10pm, Fri 8am-10pm, Sat 8am-10pm, Sun 8am-10pm",,,
Yuba City ,1666,830 Colusa Ave.,Stafford,Yuba City,CA,95991,United States,(530) 673-3869,39.1410041,-121.6281639,"Mon 8am-10pm, Tue 8am-10pm, Wed 8am-10pm, Thu 8am-10pm, Fri 8am-10pm, Sat 8am-10pm, Sun 8am-10pm",,,
Stockton,1573,1120 E. Hammer Lane,Tam O Shantern,Stockton,CA,95210,United States,(209) 956-4992,38.0193633,-121.2978501,"Mon 8am-10pm, Tue 8am-10pm, Wed 8am-10pm, Thu 8am-10pm, Fri 8am-10pm, Sat 8am-10pm, Sun 8am-10pm",,,
Stockton - Hammer Lane,11451,1120 E. Hammer Lane,,Stockton,CA,95210,United States,(209) 956-4992,38.019363,-121.297850,"Mon 8am-10pm, Tue 8am-10pm, Wed 8am-10pm, Thu 8am-10pm, Fri 8am-10pm, Sat 8am-10pm, Sun 8am-10pm",,,
Stockton - March Lane,1636,1449 W. March Lane,N. Pershing Ave.,Stockton,CA,95207,United States,(209) 478-2133,37.9897336,-121.3233144,"Mon 8am-10pm, Tue 8am-10pm, Wed 8am-10pm, Thu 8am-10pm, Fri 8am-10pm, Sat 8am-10pm, Sun 8am-10pm",,,
Long Beach - 20th,11426,2012 Long Beach Blvd,,Long Beach,,90806,United States,(562) 424-1247,33.794411,-118.188592,"Mon 8am-10pm, Tue 8am-10pm, Wed 8am-10pm, Thu 8am-10pm, Fri 8am-10pm, Sat 8am-10pm, Sun 8am-10pm",,,
Signal Hill - Willow ,1690,1851 Willow St  ,Gardena Ave,Long Beach,CA,90755,United States,(562) 424-1247,33.8044932,-118.1693451,"Mon 8am-10pm, Tue 8am-10pm, Wed 8am-10pm, Thu 8am-10pm, Fri 8am-10pm, Sat 8am-10pm, Sun 8am-10pm",,,
Long Beach - Willow,11431,1851 Willow St,,Long Beach,CA,90755,United States,(562) 424-1247,33.805206,-118.169039,"Mon 8am-10pm, Tue 8am-10pm, Wed 8am-10pm, Thu 8am-10pm, Fri 8am-10pm, Sat 8am-10pm, Sun 8am-10pm",,,
Wilmington,1646,401 W Anaheim St,Avalon,Wilmington,CA,90744,United States,(310) 952-9900,33.7799089,-118.2672652,"Mon 8am-10pm, Tue 8am-10pm, Wed 8am-10pm, Thu 8am-10pm, Fri 8am-10pm, Sat 8am-10pm, Sun 8am-10pm",,,
Long Beach - Orange St,1569,1190 E. Carson St,Orange Ave,Long Beach,CA,90807,United States,(562) 988-9167,33.8318799,-118.1769221,"Mon 8am-10pm, Tue 8am-10pm, Wed 8am-10pm, Thu 8am-10pm, Fri 8am-10pm, Sat 8am-10pm, Sun 8am-10pm",,,
San Pedro,1455,938 S. Gaffey,9th,San Pedro,CA,90731,United States,(310) 547-9999,33.7353894,-118.2920644,"Mon 8am-10pm, Tue 8am-10pm, Wed 8am-10pm, Thu 8am-10pm, Fri 8am-10pm, Sat 8am-10pm, Sun 8am-10pm",,,
Harbor City,1458,955 W. Sepulveda,Vermont,Torrance,CA,90502,United States,(310) 539-9099,33.8106441,-118.2913245,"Mon 8am-10pm, Tue 8am-10pm, Wed 8am-10pm, Thu 8am-10pm, Fri 8am-10pm, Sat 8am-10pm, Sun 8am-10pm",,,
Lakewood,1468,4929 Woodruff Ave,Del Amo,Lakewood,CA,90713,United States,(562) 804-7991,33.8475589,-118.117052,"Mon 8am-10pm, Tue 8am-10pm, Wed 8am-10pm, Thu 8am-10pm, Fri 8am-10pm, Sat 8am-10pm, Sun 8am-10pm",,,
Carson - University ,1709,619 E University Dr ,S Avalon Blvd,Carson,CA,90746,United States,(310) 532-0423,33.8582412,-118.2646118,"Mon 8am-10pm, Tue 8am-10pm, Wed 8am-10pm, Thu 8am-10pm, Fri 8am-10pm, Sat 8am-10pm, Sun 8am-10pm",,,
Lomita,1659,2159-2167 Pacific Coas Hwy,Narbonne Ave.,Lomita,CA,90717,United States,(310) 257-8017,33.7903567,-118.3190656,"Mon 8am-10pm, Tue 8am-10pm, Wed 8am-10pm, Thu 8am-10pm, Fri 8am-10pm, Sat 8am-10pm, Sun 8am-10pm",,,
Hawaiian Gardens,1456,12125 Carson Blvd,Norwalk,Hawaiian Gardens,CA,90716,United States,(562) 420-9900,33.8321712,-118.0733719,"Mon 8am-10pm, Tue 8am-10pm, Wed 8am-10pm, Thu 8am-10pm, Fri 8am-10pm, Sat 8am-10pm, Sun 8am-10pm",,,
Compton,1588,1320 East Alondra,Long Beach,Compton,CA,90221,United States,(310) 669-9999,33.8886085,-118.2082894,"Mon 8am-10pm, Tue 8am-10pm, Wed 8am-10pm, Thu 8am-10pm, Fri 8am-10pm, Sat 8am-10pm, Sun 8am-10pm",,,
Paramount - Downey,2602,15727 Downey Ave,Alondra Blvd,Paramount,CA,90723,United States,,33.890149,-118.151398,"Mon 8am-10pm, Tue 8am-10pm, Wed 8am-10pm, Thu 8am-10pm, Fri 8am-10pm, Sat 8am-10pm, Sun 8am-10pm",,,
Artesia,1668,11732 South St.,Pioneer Blvd.,Artesia,CA,90701,United States,(562) 865-0291,33.857864,-118.08364,"Mon 8am-10pm, Tue 8am-10pm, Wed 8am-10pm, Thu 8am-10pm, Fri 8am-10pm, Sat 8am-10pm, Sun 8am-10pm",,,
Torrance - 182nd St,1637,1824 W. 182nd St.,Western,Torrance,CA,90504,United States,(310) 515-7629,33.8645752,-118.3100422,"Mon 8am-10pm, Tue 8am-10pm, Wed 8am-10pm, Thu 8am-10pm, Fri 8am-10pm, Sat 8am-10pm, Sun 8am-10pm",,,
Garden Grove - Valley View,1543,12431 Valley View St,Lampson,Garden Grove,CA,92845,United States,(714) 890-5990,33.7816785,-118.0308477,"Mon 8am-10pm, Tue 8am-10pm, Wed 8am-10pm, Thu 8am-10pm, Fri 8am-10pm, Sat 8am-10pm, Sun 8am-10pm",,,
Cypress - Walker St,3047,9937 Walker St.,Ball Rd.,Cypress,CA,90630,United States,,33.818125,-118.037860,"Mon 8am-10pm, Tue 8am-10pm, Wed 8am-10pm, Thu 8am-10pm, Fri 8am-10pm, Sat 8am-10pm, Sun 8am-10pm",,,
Bellflower,1554,14317 Clark Avenue,Rosecrans,Bellflower,CA,90706,United States,(562) 804-5199,33.903374,-118.1352548,"Mon 8am-10pm, Tue 8am-10pm, Wed 8am-10pm, Thu 8am-10pm, Fri 8am-10pm, Sat 8am-10pm, Sun 8am-10pm",,,
Huntington Beach - Springdale,1459,15962 Springdale  ,Edinger,Huntington Beach,CA,92649,United States,(714) 379-0902,33.7307532,-118.0225998,"Mon 8am-10pm, Tue 8am-10pm, Wed 8am-10pm, Thu 8am-10pm, Fri 8am-10pm, Sat 8am-10pm, Sun 8am-10pm",,,
Gardena,1590,15505 S. Normandie Ave,Redondo Beach,Gardena,CA,90247,United States,(310) 354-9991,33.8897307,-118.299342,"Mon 8am-10pm, Tue 8am-10pm, Wed 8am-10pm, Thu 8am-10pm, Fri 8am-10pm, Sat 8am-10pm, Sun 8am-10pm",,,
Westminster - Golden West,1689,14731 Goldenwest St    ,Sowell Ave,Westminster,CA,92683,United States,(714) 891-4157,33.748064,-118.007723,"Mon 8am-10pm, Tue 8am-10pm, Wed 8am-10pm, Thu 8am-10pm, Fri 8am-10pm, Sat 8am-10pm, Sun 8am-10pm",,,
Norwalk,1261,14029 Pioneer Blvd,Rosecrans,Norwalk,CA,90650,United States,(562) 929-9984,33.903523,-118.083338,"Mon 9am- 8pm, Tue 9am- 8pm, Wed 9am- 8pm, Thu 9am- 8pm, Fri 9am- 8pm, Sat 9am- 8pm, Sun 9am- 8pm",,,
Anaheim - W. Lincoln,1460,3420 W. Lincoln,Knott,Anaheim,CA,92801,United States,(714) 995-3999,33.8311613,-118.0091206,"Mon 8am-10pm, Tue 8am-10pm, Wed 8am-10pm, Thu 8am-10pm, Fri 8am-10pm, Sat 8am-10pm, Sun 8am-10pm",,,
South Bay,1475,5130 190th Street,Anza,Torrance,CA,90504,United States,(310) 793-6911,33.8581905,-118.3655465,"Mon 8am-10pm, Tue 8am-10pm, Wed 8am-10pm, Thu 8am-10pm, Fri 8am-10pm, Sat 8am-10pm, Sun 8am-10pm",,,
Apache Junction,1606,3003 W. Apache Trail ,Meridian,Apache Junction,AZ,85120,United States,(480) 983-9915,33.415061,-111.5633849,"Mon 8am-10pm, Tue 8am-10pm, Wed 8am-10pm, Thu 8am-10pm, Fri 8am-10pm, Sat 8am-10pm, Sun 8am-10pm",,,
Maricopa,1701,44515 W. Edison Rd,Edison Rd,Maricopa,AZ,85138,United States,(520) 568-0079,33.0651644,-112.0462474,"Mon 8am-10pm, Tue 8am-10pm, Wed 8am-10pm, Thu 8am-10pm, Fri 8am-10pm, Sat 8am-10pm, Sun 8am-10pm",,,
Bakersfield - Ming,1531,4200 Ming Ave,New Stine,Bakersfield,CA,93309,United States,(661) 836-6699,35.3407267,-119.0493854,"Mon 8am-10pm, Tue 8am-10pm, Wed 8am-10pm, Thu 8am-10pm, Fri 8am-10pm, Sat 8am-10pm, Sun 8am-10pm",,,
Bakersfield - Oildale,1633,1121 Olive Drive,Roberts Lane,Bakersfield,CA,93308,United States,(661) 399-9943,35.4114341,-119.044425,"Mon 8am-10pm, Tue 8am-10pm, Wed 8am-10pm, Thu 8am-10pm, Fri 8am-10pm, Sat 8am-10pm, Sun 8am-10pm",,,
Bakersfield - Mt. Vernon,1532,2682 Mt. Vernon Ave,Hwy. 78,Bakersfield,CA,93306,United States,(661) 872-9299,35.396151,-118.968883,"Mon 8am-10pm, Tue 8am-10pm, Wed 8am-10pm, Thu 8am-10pm, Fri 8am-10pm, Sat 8am-10pm, Sun 8am-10pm",,,
Bakersfield - White Lane,1548,1501 White Lane,South H,Bakersfield,CA,93307,United States,(661) 397-7999,35.316504,-119.019441,"Mon 8am-10pm, Tue 8am-10pm, Wed 8am-10pm, Thu 8am-10pm, Fri 8am-10pm, Sat 8am-10pm, Sun 8am-10pm",,,
Bakersfield - Centennial ,2601,8200 Centennial Plaza ,,Bakersfield ,CA,93312,United States,,35.401971,-119.093868,"Mon 8am-10pm, Tue 8am-10pm, Wed 8am-10pm, Thu 8am-10pm, Fri 8am-10pm, Sat 8am-10pm, Sun 8am-10pm",,,
Wasco,2568,1304 California 46,,wasco,ca,93280,United States,,35.602288,-119.341689,"Mon 8am-10pm, Tue 8am-10pm, Wed 8am-10pm, Thu 8am-10pm, Fri 8am-10pm, Sat 8am-10pm, Sun 8am-10pm",,,
Delano,1674,626 Cecil Avenue,Glenwood Avenue,Delano,CA,93215,United States,(661) 721-9690,35.775432,-119.250687,"Mon 8am-10pm, Tue 8am-10pm, Wed 8am-10pm, Thu 8am-10pm, Fri 8am-10pm, Sat 8am-10pm, Sun 8am-10pm",,,
Porterville,1561,825 W. Henderson Ave,Porter,Porterville,CA,93257,United States,(559) 789-9912,36.0793857,-119.0358768,"Mon 8am-10pm, Tue 8am-10pm, Wed 8am-10pm, Thu 8am-10pm, Fri 8am-10pm, Sat 8am-10pm, Sun 8am-10pm",,,
Anaheim,1505,2270 E. Lincoln Ave,St. College Blvd,Anaheim,CA,92806,United States,(714) 491-8999,33.8391422,-117.8847054,"Mon 8am-10pm, Tue 8am-10pm, Wed 8am-10pm, Thu 8am-10pm, Fri 8am-10pm, Sat 8am-10pm, Sun 8am-10pm",,,
Anaheim - Euclid,3012,910 S. Euclid Street ,,Anaheim ,CA,92802,United States,,33.820231,-117.940575,"Mon 8am-9pm, Tue 8am-9pm, Wed 8am-9pm, Thu 8am-9pm, Fri 8am-9pm, Sat 8am-9pm, Sun 8am-9pm",,,
Fullerton - Chapman,11292,2450 E Chapman Ave,,Fullerton,CA,92831,United States,(714) 525-9992,33.873160,-117.887849,"Mon 8am - 10pm, Tue 8am - 10pm, Wed 8am - 10pm, Thu 8am - 10pm, Fri 8am - 10pm, Sat 8am - 10pm, Sun 8am - 10pm",,,
Fullerton,1463,1845 N. Orangethorpe,Brookhurst,Fullerton,CA,92833,United States,(714) 449-9969,33.8600272,-117.961871,"Mon 8am-10pm, Tue 8am-10pm, Wed 8am-10pm, Thu 8am-10pm, Fri 8am-10pm, Sat 8am-10pm, Sun 8am-10pm",,,
Garden Grove - Magnolia,1704,11072 Magnolia St  ,Katella,Garden Grove,CA,92841,United States,(714) 636-3066,33.801898,-117.974632,"Mon 8am-10pm, Tue 8am-10pm, Wed 8am-10pm, Thu 8am-10pm, Fri 8am-10pm, Sat 8am-10pm, Sun 8am-10pm",,,
Brea - Imperial,11293,820 E. Imperial Hwy,,Brea,CA,92821,United States,(714) 529-4793,33.912669,-117.892757,"Mon 8am - 10pm, Tue 8am - 10pm, Wed 8am - 10pm, Thu 8am - 10pm, Fri 8am - 10pm, Sat 8am - 10pm, Sun 8am - 10pm",,,
Placentia,1525,1260 E. Yorba Linda,Rose,Placentia,CA,92670,United States,(714) 993-6699,33.8883539,-117.8402845,"Mon 8am-10pm, Tue 8am-10pm, Wed 8am-10pm, Thu 8am-10pm, Fri 8am-10pm, Sat 8am-10pm, Sun 8am-10pm",,,
Garden Grove - Westminster,1272,9920 Westminster,Brookhurst,Garden Grove,CA,92844,United States,(714) 539-5999,33.758387,-117.955540,"Mon 8am- 10pm, Tue 8am- 10pm, Wed 8am- 10pm, Thu 8am- 10pm, Fri 8am- 10pm, Sat 8am- 10pm, Sun 8am- 10pm",,,
Santa Ana,1268,1514 N. Main St,17th,Santa Ana,CA,92701,United States,(714) 541-7909,33.758327,-117.867941,"Mon 9am- 8pm, Tue 9am- 8pm, Wed 9am- 8pm, Thu 9am- 8pm, Fri 9am- 8pm, Sat 9am- 8pm, Sun 9am- 8pm",,,
Orange - Tustin,1680,789 South Tustin Street,22 Fwy,Orange ,CA,92866,United States,(714) 289-9992,33.7756382,-117.8351206,"Mon 8am-10pm, Tue 8am-10pm, Wed 8am-10pm, Thu 8am-10pm, Fri 8am-10pm, Sat 8am-10pm, Sun 8am-10pm",,,
Brea,1608,1261 W. Central Ave.,Puente,Brea,CA,92821,United States,(562) 690-3992,33.9326012,-117.916948,"Mon 8am-10pm, Tue 8am-10pm, Wed 8am-10pm, Thu 8am-10pm, Fri 8am-10pm, Sat 8am-10pm, Sun 8am-10pm",,,
Tustin - Newport Ave,3044,13721 Newport Ave,,Tustin,CA,92780,United States,,33.742076,-117.820157,"Mon 8am-10pm, Tue 8am-10pm, Wed 8am-10pm, Thu 8am-10pm, Fri 8am-10pm, Sat 8am-10pm, Sun 8am-10pm",,,
Santa Ana - Bristol,1484,2311 S. Bristol St,Warner,Santa Ana,CA,92704,United States,(714) 966-1919,33.7153747,-117.8840739,"Mon 8am-10pm, Tue 8am-10pm, Wed 8am-10pm, Thu 8am-10pm, Fri 8am-10pm, Sat 8am-10pm, Sun 8am-10pm",,,
La Mirada,1266,14540 E. Leffingwell,Telegraph,La Mirada,CA,90638,United States,(562) 946-2918,33.924014,-118.021718,"Mon 9am- 8pm, Tue 9am- 8pm, Wed 9am- 8pm, Thu 9am- 8pm, Fri 9am- 8pm, Sat 9am- 8pm, Sun 9am- 8pm",,,
Hunt. Beach - Beach,1482,16672 Beach Blvd,Terry Dr,Huntington Beach,CA,92647,United States,(714) 843-5874,33.7202138,-117.987588,"Mon 8am-10pm, Tue 8am-10pm, Wed 8am-10pm, Thu 8am-10pm, Fri 8am-10pm, Sat 8am-10pm, Sun 8am-10pm",,,
Tustin - Red Hill ,3008,14551 Red Hill Ave,,Tustin  ,CA,92780,United States,,33.728076,-117.822784,"Mon 8am-10pm, Tue 8am-10pm, Wed 8am-10pm, Thu 8am-10pm, Fri 8am-10pm, Sat 8am-10pm, Sun 8am-10pm",,,
Whittier - Scott,1483,15345 Whittier Blvd,Scott,Whittier,CA,90603,United States,(562) 947-9759,33.946916,-117.998817,"Mon 8am-10pm, Tue 8am-10pm, Wed 8am-10pm, Thu 8am-10pm, Fri 8am-10pm, Sat 8am-10pm, Sun 8am-10pm",,,
Huntington Beach,1502,19050 Brookhurst,Garfield,Huntington Beach,CA,92646,United States,(714) 593-9939,33.6858654,-117.9529066,"Mon 8am-10pm, Tue 8am-10pm, Wed 8am-10pm, Thu 8am-10pm, Fri 8am-10pm, Sat 8am-10pm, Sun 8am-10pm",,,
Costa Mesa,1570,2180 Harbor Blvd,Victoria,Costa Mesa,CA,92627,United States,(949) 645-8994,33.6535633,-117.9184528,"Mon 8am-10pm, Tue 8am-10pm, Wed 8am-10pm, Thu 8am-10pm, Fri 8am-10pm, Sat 8am-10pm, Sun 8am-10pm",,,
Lake Forest - Muirlands,2479,22631 Lake Forest Dr,Muirlands Blvd,Lake Forest ,CA,92630,United States,,33.634728,-117.711037,"Mon 8am-10pm, Tue 8am-10pm, Wed 8am-10pm, Thu 8am-10pm, Fri 8am-10pm, Sat 8am-10pm, Sun 8am-10pm",,,
Foothill Ranch ,1671,26542 Towne Centre Drive,Marketplace,Foothill Ranch,CA,92610,United States,(949) 837-1478,33.6795595,-117.6679473,"Mon 8am-10pm, Tue 8am-10pm, Wed 8am-10pm, Thu 8am-10pm, Fri 8am-10pm, Sat 8am-10pm, Sun 8am-10pm",,,
Lake Forest,1589,23829 El Toro Rd.,Rockfield,Lake Forest,CA,92630,United States,(949) 597-0999,33.6167971,-117.706244,"Mon 8am-10pm, Tue 8am-10pm, Wed 8am-10pm, Thu 8am-10pm, Fri 8am-10pm, Sat 8am-10pm, Sun 8am-10pm",,,
Riverside,1508,3477 Arlington Ave,99 Frwy/McMahon,Riverside,CA,92506,United States,(951) 248-9170,33.9469594,-117.3867391,"Mon 8am-10pm, Tue 8am-10pm, Wed 8am-10pm, Thu 8am-10pm, Fri 8am-10pm, Sat 8am-10pm, Sun 8am-10pm",,,
Riverside - Van Buren ,1713,6230 Van Buren Blvd,Arlington Avenue,Riverside,CA,92503,United States,(951) 359-9990,33.9444535,-117.4540198,"Mon 8am-10pm, Tue 8am-10pm, Wed 8am-10pm, Thu 8am-10pm, Fri 8am-10pm, Sat 8am-10pm, Sun 8am-10pm",,,
Riverside - Magnolia,1537,9915 Magnolia Ave,Harrison,Riverside,CA,92503,United States,(951) 343-2293,33.9169685,-117.455093,"Mon 8am-10pm, Tue 8am-10pm, Wed 8am-10pm, Thu 8am-10pm, Fri 8am-10pm, Sat 8am-10pm, Sun 8am-10pm",,,
Riverside Limonite,1647,8900 Limonite Avenue,Van Buren,Riverside,CA,92509,United States,(951) 681-5199,33.9746254,-117.4777352,"Mon 8am-10pm, Tue 8am-10pm, Wed 8am-10pm, Thu 8am-10pm, Fri 8am-10pm, Sat 8am-10pm, Sun 8am-10pm",,,
Riverside - Magnolia,11295,11160 Magnolia Ave,,Riverside,CA,92505,United States,(951) 343-2293,33.902006,-117.477031,"Mon 8am - 10pm, Tue 8am - 10pm, Wed 8am - 10pm, Thu 8am - 10pm, Fri 8am - 10pm, Sat 8am - 10pm, Sun 8am - 10pm",,,
Moreno Valley - Day St,1664,12530 Day St.,Campus Parkway,Riverside,CA,92553,United States,(951) 653-1999,33.938309,-117.2780184,"Mon 8am-10pm, Tue 8am-10pm, Wed 8am-10pm, Thu 8am-10pm, Fri 8am-10pm, Sat 8am-10pm, Sun 8am-10pm",,,
Moreno Valley - Cottonwood,11294,22985 Cottonwood Ave,,Moreno Valley,CA,92553,United States,(951) 656-6190,33.923763,-117.261752,"Mon 8am - 10pm, Tue 8am - 10pm, Wed 8am - 10pm, Thu 8am - 10pm, Fri 8am - 10pm, Sat 8am - 10pm, Sun 8am - 10pm",,,
Colton,1626,1080 S. Mount Vernon Ave,E. Santo Antonio Dr,Colton,CA,92324,United States,(909) 433-0740,34.0513187,-117.3067488,"Mon 8am-10pm, Tue 8am-10pm, Wed 8am-10pm, Thu 8am-10pm, Fri 8am-10pm, Sat 8am-10pm, Sun 8am-10pm",,,
Corona - McKinley ,1710,450 N McKinley St ,91 Fwy,Corona,CA,92879,United States,(951) 279-9990,33.888171,-117.522626,"Mon 8am-10pm, Tue 8am-10pm, Wed 8am-10pm, Thu 8am-10pm, Fri 8am-10pm, Sat 8am-10pm, Sun 8am-10pm",,,
Moreno Valley - Ironwood,2598,23920 Ironwood Ave.,Heacock St.,Moreno Valley,CA,92557,United States,,33.946989,-117.244665,"Mon 8am-10pm, Tue 8am-10pm, Wed 8am-10pm, Thu 8am-10pm, Fri 8am-10pm, Sat 8am-10pm, Sun 8am-10pm",,,
Fontana,1494,9255 Sierra Ave,Randall Ave,Fontana,CA,92335,United States,(909) 349-0099,34.0862693,-117.4351434,"Mon 8am-10pm, Tue 8am-10pm, Wed 8am-10pm, Thu 8am-10pm, Fri 8am-10pm, Sat 8am-10pm, Sun 8am-10pm",,,
Moreno Valley,1492,24899 Alessandro Blvd,Perris Blvd,Moreno Valley,CA,92553,United States,(951) 485-6499,33.9159989,-117.2276317,"Mon 8am-10pm, Tue 8am-10pm, Wed 8am-10pm, Thu 8am-10pm, Fri 8am-10pm, Sat 8am-10pm, Sun 8am-10pm",,,
Colton - La Cadena,1683,1481 N La Cadena Dr    ,E Citrus Street,Colton,CA,92324,United States,(909) 370-2299,34.084534,-117.31506,"Mon 8am-10pm, Tue 8am-10pm, Wed 8am-10pm, Thu 8am-10pm, Fri 8am-10pm, Sat 8am-10pm, Sun 8am-10pm",,,
Rialto,1526,1321 W. Foothill Blvd,Cedar,Rialto,CA,92376,United States,(909) 875-9919,34.1066701,-117.3970283,"Mon 8am-10pm, Tue 8am-10pm, Wed 8am-10pm, Thu 8am-10pm, Fri 8am-10pm, Sat 8am-10pm, Sun 8am-10pm",,,
San Bernardino,1477,975-A South E Street,Orange Show Rd,San Bernardino,CA,92408,United States,(909) 888-4930,34.0834332,-117.2927894,"Mon 8am-10pm, Tue 8am-10pm, Wed 8am-10pm, Thu 8am-10pm, Fri 8am-10pm, Sat 8am-10pm, Sun 8am-10pm",,,
Corona,1485,725 S. Main St,Sixth,Corona,CA,92882,United States,(951) 898-9399,33.8740836,-117.5656875,"Mon 8am-10pm, Tue 8am-10pm, Wed 8am-10pm, Thu 8am-10pm, Fri 8am-10pm, Sat 8am-10pm, Sun 8am-10pm",,,
Rialto - Baseline Rd.,1622,212 W. Baseline Rd.,N. Riverside Ave,Rialto,CA,92376,United States,(909) 421-1909,34.1213751,-117.3679693,"Mon 8am-10pm, Tue 8am-10pm, Wed 8am-10pm, Thu 8am-10pm, Fri 8am-10pm, Sat 8am-10pm, Sun 8am-10pm",,,
San Bernardino - 4th St,11297,648 W 4th St,,San Bernardino,CA,92410,United States,(909) 388-6437,34.107453,-117.297384,"Mon 8am - 10pm, Tue 8am - 10pm, Wed 8am - 10pm, Thu 8am - 10pm, Fri 8am - 10pm, Sat 8am - 10pm, Sun 8am - 10pm",,,
Redlands,1577,1678 W. Redlands Blvd.,Iowa,Redlands,CA,92373,United States,(909) 798-4299,34.0636472,-117.2121253,"Mon 8am-10pm, Tue 8am-10pm, Wed 8am-10pm, Thu 8am-10pm, Fri 8am-10pm, Sat 8am-10pm, Sun 8am-10pm",,,
San Bernardino - Waterman,1691,1003 N Waterman Ave ,E 9th Street,San Bernardino,CA,92410,United States,(909) 386-0142,34.1183903,-117.2773276,"Mon 8am-10pm, Tue 8am-10pm, Wed 8am-10pm, Thu 8am-10pm, Fri 8am-10pm, Sat 8am-10pm, Sun 8am-10pm",,,
Ontario - Grove ,2603,2522 S Grove Ave,E Walnut St,Ontario ,CA,91761,United States,,34.027757,-117.629747,"Mon 8am-10pm, Tue 8am-10pm, Wed 8am-10pm, Thu 8am-10pm, Fri 8am-10pm, Sat 8am-10pm, Sun 8am-10pm",,,
Rancho Cucamonga - Foothill,1699,10848 Foothill Blvd ,Spruce Ave,Rancho Cucamonga,CA,91730,United States,(909) 987-4285,34.107693,-117.5680812,"Mon 8am-10pm, Tue 8am-10pm, Wed 8am-10pm, Thu 8am-10pm, Fri 8am-10pm, Sat 8am-10pm, Sun 8am-10pm",,,
San Bernardino - Rio,1695,2028 E Highland Ave,Sterling Ave,San Bernardino,CA,92404,United States,(909) 425-1912,34.1370303,-117.2423841,"Mon 8am-10pm, Tue 8am-10pm, Wed 8am-10pm, Thu 8am-10pm, Fri 8am-10pm, Sat 8am-10pm, Sun 8am-10pm",,,
Rancho Cucamonga,1514,9640 Baseline Rd,Archibald Ave,Rancho Cucamonga,CA,91701,United States,(909) 980-1744,34.1215504,-117.5959889,"Mon 8am-10pm, Tue 8am-10pm, Wed 8am-10pm, Thu 8am-10pm, Fri 8am-10pm, Sat 8am-10pm, Sun 8am-10pm",,,
Ontario,1474,430 N. Mountain ,D,Ontario,CA,91761,United States,(909) 984-4925,34.067757,-117.669393,"Mon 8am-10pm, Tue 8am-10pm, Wed 8am-10pm, Thu 8am-10pm, Fri 8am-10pm, Sat 8am-10pm, Sun 8am-10pm",,,
Modesto - McHenry,1661,2205 McHenry,Bowen Ave.,Modesto,CA,95350,United States,(209) 577-2763,37.6752335,-120.9953497,"Mon 8am-10pm, Tue 8am-10pm, Wed 8am-10pm, Thu 8am-10pm, Fri 8am-10pm, Sat 8am-10pm, Sun 8am-10pm",,,
Modesto - Hatch,1563,1450 E. Hatch Rd,99 fwy,Modesto,CA,95351,United States,(209) 531-9909,37.6092241,-120.9715182,"Mon 8am-10pm, Tue 8am-10pm, Wed 8am-10pm, Thu 8am-10pm, Fri 8am-10pm, Sat 8am-10pm, Sun 8am-10pm",,,
Turlock,1582,701 N. Golden State Blvd.,Golden State,Turlock,CA,95380,United States,(209) 632-6996,37.4992221,-120.8516166,"Mon 8am-10pm, Tue 8am-10pm, Wed 8am-10pm, Thu 8am-10pm, Fri 8am-10pm, Sat 8am-10pm, Sun 8am-10pm",,,
Casa Grande,1716,1683 E. Florence Blvd ,N Arizona Road,Casa Grande,AZ,85122,United States,(520) 876-9281,32.8782248,-111.7147068,"Mon 8am-10pm, Tue 8am-10pm, Wed 8am-10pm, Thu 8am-10pm, Fri 8am-10pm, Sat 8am-10pm, Sun 8am-10pm",,,
Reno - Virginia ,1684,5695 S Virginia St ,Meadowood Mall Rd,Reno,NV,89502,United States,(775) 825-2437,39.4734244,-119.7881843,"Mon 8am-10pm, Tue 8am-10pm, Wed 8am-10pm, Thu 8am-10pm, Fri 8am-10pm, Sat 8am-10pm, Sun 8am-10pm",,,
Sparks - Prater Way ,1686,580 E Prater Way,N McCarraan Blvd ,Sparks,NV,89431,United States,(775) 331-3890,39.5419021,-119.7370478,"Mon 8am-10pm, Tue 8am-10pm, Wed 8am-10pm, Thu 8am-10pm, Fri 8am-10pm, Sat 8am-10pm, Sun 8am-10pm",,,
Carson City - William,2600,2100 E William St,Hwy 395,Carson City,NV,89706,United States,,39.173736,-119.744758,"Mon 8am-10pm, Tue 8am-10pm, Wed 8am-10pm, Thu 8am-10pm, Fri 8am-10pm, Sat 8am-10pm, Sun 8am-10pm",,,
Yucaipa,1575,12013 5th Street,Yucaipa Blvd.,Yucaipa,CA,92399,United States,(909) 797-9089,34.0356024,-117.0553772,"Mon 8am-10pm, Tue 8am-10pm, Wed 8am-10pm, Thu 8am-10pm, Fri 8am-10pm, Sat 8am-10pm, Sun 8am-10pm",,,
Upland,1511,229 E. Foothill Rd,2nd Ave,Upland,CA,91786,United States,(909) 946-5999,34.1082246,-117.6479922,"Mon 8am-10pm, Tue 8am-10pm, Wed 8am-10pm, Thu 8am-10pm, Fri 8am-10pm, Sat 8am-10pm, Sun 8am-10pm",,,
Atwater,1652,1870 Bellevue Road,N Winton Way,Atwater,CA,95301,United States,(209) 358-7019,37.3594109,-120.6129951,"Mon 8am-10pm, Tue 8am-10pm, Wed 8am-10pm, Thu 8am-10pm, Fri 8am-10pm, Sat 8am-10pm, Sun 8am-10pm",,,
Merced,1553,1111 W Olive Dr,R Street,Merced,CA,95348,United States,(209) 385-9912,37.3204516,-120.487807,"Mon 8am-10pm, Tue 8am-10pm, Wed 8am-10pm, Thu 8am-10pm, Fri 8am-10pm, Sat 8am-10pm, Sun 8am-10pm",,,
Los Baos,12893,1209 W Pacheco Blvd,,Los Baos,CA,93635,United States,209-826-1052,37.056665,-120.871173,"Mon 8am-10pm, Tue 8am-10pm, Wed 8am-10pm, Thu 8am-10pm, Fri 8am-10pm, Sat 8am-10pm, Sun 8am-10pm",,,
Sonora - Mono Way,3046,740 Mono Way,Greenley Rd,Sonora,CA,95370,United States,,37.974733,-120.369647,"Mon 8am-10pm, Tue 8am-10pm, Wed 8am-10pm, Thu 8am-10pm, Fri 8am-10pm, Sat 8am-10pm, Sun 8am-10pm",,,
Port Hueneme,1491,2551 N. Ventura Rd,Channel Islands,Port Hueneme,CA,93041,United States,(805) 984-8998,34.1769004,-119.1962777,"Mon 8am-10pm, Tue 8am-10pm, Wed 8am-10pm, Thu 8am-10pm, Fri 8am-10pm, Sat 8am-10pm, Sun 8am-10pm",,,
Oxnard,1522,1855 E. Ventura Blvd,101 fwy/Rose,Oxnard,CA,93030,United States,(805) 983-0699,34.2264542,-119.1522696,"Mon 8am-10pm, Tue 8am-10pm, Wed 8am-10pm, Thu 8am-10pm, Fri 8am-10pm, Sat 8am-10pm, Sun 8am-10pm",,,
Oxnard - Rose,1711,4917 S Rose Ave  ,E Pleasant Valley Rd,Oxnard,CA,93033,United States,(805) 986-4560,34.1555443,-119.1596952,"Mon 8am-10pm, Tue 8am-10pm, Wed 8am-10pm, Thu 8am-10pm, Fri 8am-10pm, Sat 8am-10pm, Sun 8am-10pm",,,
Ventura - Victoria,1601,1425 South Victoria,Raltsom,Ventura,CA,93003,United States,(805) 642-4071,34.2619599,-119.2118492,"Mon 8am-10pm, Tue 8am-10pm, Wed 8am-10pm, Thu 8am-10pm, Fri 8am-10pm, Sat 8am-10pm, Sun 8am-10pm",,,
Ventura,1527,2709 E. Main Street,Loma Vista,Ventura,CA,93003,United States,(805) 641-3999,34.274296,-119.260112,"Mon 8am-10pm, Tue 8am-10pm, Wed 8am-10pm, Thu 8am-10pm, Fri 8am-10pm, Sat 8am-10pm, Sun 8am-10pm",,,
Camarillo,1517,301 Arneil Rd,Ponderosa,Camarillo,CA,93010,United States,(805) 383-9671,34.2197558,-119.0408652,"Mon 8am-10pm, Tue 8am-10pm, Wed 8am-10pm, Thu 8am-10pm, Fri 8am-10pm, Sat 8am-10pm, Sun 8am-10pm",,,
Thousand Oaks,1694,950 E Avenida de los Arboles,Avenida de los Plantas,Thousand Oaks,CA ,91360,United States,(805) 492-4499,34.2150696,-118.8618743,"Mon 8am-10pm, Tue 8am-10pm, Wed 8am-10pm, Thu 8am-10pm, Fri 8am-10pm, Sat 8am-10pm, Sun 8am-10pm",,,
Simi Valley - Los Angeles Ave,1602,1293B Los Angeles Ave,First,Simi Valley,CA,93065,United States,(805) 955-9989,34.2718045,-118.7749972,"Mon 8am-10pm, Tue 8am-10pm, Wed 8am-10pm, Thu 8am-10pm, Fri 8am-10pm, Sat 8am-10pm, Sun 8am-10pm",,,
Simi Valley,1519,2292-96 Tapo St,Cochren,Simi Valley,CA,93063,United States,(805) 955-0099,34.2774904,-118.7078038,"Mon 8am-10pm, Tue 8am-10pm, Wed 8am-10pm, Thu 8am-10pm, Fri 8am-10pm, Sat 8am-10pm, Sun 8am-10pm",,,
Santa Barbara ,1678,424 State Street,E Haley St ,Santa Barbara,CA,93010,United States,(805) 965-4299,34.4165823,-119.6947755,"Mon 8am-10pm, Tue 8am-10pm, Wed 8am-10pm, Thu 8am-10pm, Fri 8am-10pm, Sat 8am-10pm, Sun 8am-10pm",,,
Canoga Park,1265,20914 Sherman Way,De Soto,Canoga Park,CA,91303,United States,(818) 713-9316,34.200659,-118.589103,"Mon 9am- 8pm, Tue 9am- 8pm, Wed 9am- 8pm, Thu 9am- 8pm, Fri 9am- 8pm, Sat 9am- 8pm, Sun 9am- 8pm",,,
Canoga Park - DeSoto,2934,6820 DeSoto Ave,,Canoga Park,CA,91303,United States,,34.220271,-118.588544,"Mon 8am-10pm, Tue 8am-10pm, Wed 8am-10pm, Thu 8am-10pm, Fri 8am-10pm, Sat 8am-10pm, Sun 8am-10pm",,,
Woodland Hills,1493,19836 Ventura Blvd,Corbin Ave,Woodland Hills,CA,91364,United States,(818) 999-5979,34.1715976,-118.5650604,"Mon 8am-10pm, Tue 8am-10pm, Wed 8am-10pm, Thu 8am-10pm, Fri 8am-10pm, Sat 8am-10pm, Sun 8am-10pm",,,
Northridge - Tampa,11439,8750 Tampa Ave,,Northridge,CA,91324,United States,(818) 773-7243,34.229650,-118.552724,"Mon 8am-10pm, Tue 8am-10pm, Wed 8am-10pm, Thu 8am-10pm, Fri 8am-10pm, Sat 8am-10pm, Sun 8am-10pm",,,
Northridge,1510,8966 Reseda Blvd,Nordoff,Northridge,CA,91324,United States,(818) 700-2599,34.2339144,-118.5354027,"Mon 8am-10pm, Tue 8am-10pm, Wed 8am-10pm, Thu 8am-10pm, Fri 8am-10pm, Sat 8am-10pm, Sun 8am-10pm",,,
Reseda,1457,18215 Sherman Way,Reseda,Reseda,CA,91335,United States,(818) 996-9867,34.2019899,-118.530027,"Mon 8am-10pm, Tue 8am-10pm, Wed 8am-10pm, Thu 8am-10pm, Fri 8am-10pm, Sat 8am-10pm, Sun 8am-10pm",,,
Valencia,11448,23300 Valencia Blvd,,Valencia,CA,91355,United States,(661) 222-7660,34.408605,-118.574930,"Mon 8am-10pm, Tue 8am-10pm, Wed 8am-10pm, Thu 8am-10pm, Fri 8am-10pm, Sat 8am-10pm, Sun 8am-10pm",,,
Newhall,1470,24200 West Lyons,Wiley Canyon,Newhall,CA,91321,United States,(661) 284-1999,34.3779596,-118.5588225,"Mon 8am-10pm, Tue 8am-10pm, Wed 8am-10pm, Thu 8am-10pm, Fri 8am-10pm, Sat 8am-10pm, Sun 8am-10pm",,,
Granada Hills,1465,17034 Chatsworth,Balboa,Granada Hills,CA,91344,United States,(818) 368-1799,34.2647703,-118.5034981,"Mon 8am-10pm, Tue 8am-10pm, Wed 8am-10pm, Thu 8am-10pm, Fri 8am-10pm, Sat 8am-10pm, Sun 8am-10pm",,,
North Hills,1614,8723 Sepulveda Blvd.,Parthenia,North Hills,CA,91343,United States,(818) 895-7839,34.2291362,-118.4687468,"Mon 8am-9pm, Tue 8am-9pm, Wed 8am-9pm, Thu 8am-9pm, Fri 8am-9pm, Sat 8am-9pm, Sun 8am-9pm",,,
Van Nuys,1487,6755 Van Nuys Blvd,Van Owen,Van Nuys,CA,91405,United States,(818) 904-9996,34.193672,-118.449265,"Mon 8am-9pm, Tue 8am-9pm, Wed 8am-9pm, Thu 8am-9pm, Fri 8am-9pm, Sat 8am-9pm, Sun 8am-9pm",,,
Arleta - Woodman,1271,8625 Woodman Ave,Chase,Pacoima,CA,91331,United States,(818) 891-9991,34.226990,-118.434306,"Mon 9am- 8pm, Tue 9am- 8pm, Wed 9am- 8pm, Thu 9am- 8pm, Fri 9am- 8pm, Sat 9am- 8pm, Sun 9am- 8pm",,,
Venice,12103,201 Lincoln Blvd.,Rose,Venice,CA,90291,United States,(310) 396-2811,34.001504,-118.470175,"Mon 8am-10pm, Tue 8am-10pm, Wed 8am-10pm, Thu 8am-10pm, Fri 8am-10pm, Sat 8am-10pm, Sun 8am-10pm",,,
Santa Monica,1264,2801 Pico Blvd,28th,Santa Monica,CA,90405,United States,(310) 449-6939,34.024597,-118.460383,"Mon 9am- 8pm, Tue 9am- 8pm, Wed 9am- 8pm, Thu 9am- 8pm, Fri 9am- 8pm, Sat 9am- 8pm, Sun 9am- 8pm",,,
Sylmar - Gladstone,3009,13237 Gladstone Ave,,Sylmar ,CA,91342,United States,,34.311923,-118.429316,"Mon 8am-10pm, Tue 8am-10pm, Wed 8am-10pm, Thu 8am-10pm, Fri 8am-10pm, Sat 8am-10pm, Sun 8am-10pm",,,
Montclair,1550,5200 Moreno,Central,Montclair,CA,91763,United States,(909) 625-9098,34.088663,-117.6917594,"Mon 8am-10pm, Tue 8am-10pm, Wed 8am-10pm, Thu 8am-10pm, Fri 8am-10pm, Sat 8am-10pm, Sun 8am-10pm",,,
Chino - Central,1551,12170 Central Ave,Philadelphia,Chino,CA,91710,United States,(909) 364-1899,34.0323756,-117.6908341,"Mon 8am-10pm, Tue 8am-10pm, Wed 8am-10pm, Thu 8am-10pm, Fri 8am-10pm, Sat 8am-10pm, Sun 8am-10pm",,,
Menifee,1703,26100 Newport Rd,Murrieta Road,Menifee,CA,92586,United States,(951) 679-9646,33.6861258,-117.205207,"Mon 8am-10pm, Tue 8am-10pm, Wed 8am-10pm, Thu 8am-10pm, Fri 8am-10pm, Sat 8am-10pm, Sun 8am-10pm",,,
Lake Elsinore,1620,18286 Collier Avenue,Central,Lake Elsinore,CA,92530,United States,(951) 245-4809,33.6918858,-117.3420842,"Mon 8am-10pm, Tue 8am-10pm, Wed 8am-10pm, Thu 8am-10pm, Fri 8am-10pm, Sat 8am-10pm, Sun 8am-10pm",,,
Hemet,1512,3385 W. Florida Ave,Sanderson Ave,Hemet,CA,92545,United States,(951) 765-1074,33.7456262,-117.0079408,"Mon 8am-10pm, Tue 8am-10pm, Wed 8am-10pm, Thu 8am-10pm, Fri 8am-10pm, Sat 8am-10pm, Sun 8am-10pm",,,
Burbank,1515,2407 W. Victory Blvd,N. Buena Vista,Burbank,CA,91506,United States,(818) 841-1199,34.1848724,-118.3374923,"Mon 8am-10pm, Tue 8am-10pm, Wed 8am-10pm, Thu 8am-10pm, Fri 8am-10pm, Sat 8am-10pm, Sun 8am-10pm",,,
North Hollywood - Lankershim,1269,4304 Lankershim,Moorpark,North Hollywood,CA,91602,United States,(818) 980-9123,34.148519,-118.364432,"Mon 9am- 8pm, Tue 9am- 8pm, Wed 9am- 8pm, Thu 9am- 8pm, Fri 9am- 8pm, Sat 9am- 8pm, Sun 9am- 8pm",,,
North Hollywood - Victory,1616,10911 Victory Blvd.,Vineland,North Hollywood,CA,91606,United States,(818) 505-9104,34.1871071,-118.3687327,"Mon 8am-10pm, Tue 8am-10pm, Wed 8am-10pm, Thu 8am-10pm, Fri 8am-10pm, Sat 8am-10pm, Sun 8am-10pm",,,
Pasadena - Colorado,1503,1720 E. Colorado Blvd,Merideth,Pasadena,CA,91106,United States,(626) 356-2499,34.145635,-118.115001,"Mon 7am-9pm, Tue 7am-9pm, Wed 7am-9pm, Thu 7am-9pm, Fri 7am-9pm, Sat 7am-9pm, Sun 7am-9pm",,,
North Hollywood - Laurel Canyon ,1663,6639 Laurel Canyon Blvd.,Kittridge,North Hollywood,CA,91606,United States,(818) 765-2071,34.191384,-118.397438,"Mon 8am-10pm, Tue 8am-10pm, Wed 8am-10pm, Thu 8am-10pm, Fri 8am-10pm, Sat 8am-10pm, Sun 8am-10pm",,,
North Hollywood - Sherman Way,1471,12711 Sherman Way,Bellaire,North Hollywood,CA,91605,United States,(818) 764-9991,34.2023639,-118.4097533,"Mon 8am-10pm, Tue 8am-10pm, Wed 8am-10pm, Thu 8am-10pm, Fri 8am-10pm, Sat 8am-10pm, Sun 8am-10pm",,,
Sun Valley,2566,8437 Laurel Canyon blvd,,Sun Valley,CA,91352,United States,,34.223611,-118.396414,"Mon 8am-10pm, Tue 8am-10pm, Wed 8am-10pm, Thu 8am-10pm, Fri 8am-10pm, Sat 8am-10pm, Sun 8am-10pm",,,
Harlingen,1750,701 N. 13th Street,Hwy 77,Harlingen,TX,78550,United States,(956) 412-9992,26.1993328,-97.6839497,"Mon 8am-10pm, Tue 8am-10pm, Wed 8am-10pm, Thu 8am-10pm, Fri 8am-10pm, Sat 8am-10pm, Sun 8am-10pm",,,
San Clemente,1581,55 Via Pico Plaza,5 fwy ,San Clemente,CA,92672,United States,(949) 498-9089,33.4360469,-117.6198964,"Mon 8am-10pm, Tue 8am-10pm, Wed 8am-10pm, Thu 8am-10pm, Fri 8am-10pm, Sat 8am-10pm, Sun 8am-10pm",,,
Temecula ,1676,40355 Winchester Road ,Margarita Rd  ,Temecula,CA,92591,United States,(951) 296-1999,33.5331765,-117.1516141,"Mon 8am-10pm, Tue 8am-10pm, Wed 8am-10pm, Thu 8am-10pm, Fri 8am-10pm, Sat 8am-10pm, Sun 8am-10pm",,,
Murrieta,1530,25270 Madison,Murietta Hot Springs,Murrieta,CA,92562,United States,(951) 698-9971,33.5556687,-117.1962309,"Mon 8am-10pm, Tue 8am-10pm, Wed 8am-10pm, Thu 8am-10pm, Fri 8am-10pm, Sat 8am-10pm, Sun 8am-10pm",,,
Pomona - East Arrow,1613,628 East Arrow Hwy,Towne,Pomona,CA,91767,United States,(909) 624-9996,34.0887052,-117.7375356,"Mon 8am-10pm, Tue 8am-10pm, Wed 8am-10pm, Thu 8am-10pm, Fri 8am-10pm, Sat 8am-10pm, Sun 8am-10pm",,,
Pomona,1488,606 E. Holt Ave,Paloma Drive,Pomona,CA,91767,United States,(909) 620-9947,34.0619749,-117.739032,"Mon 8am-10pm, Tue 8am-10pm, Wed 8am-10pm, Thu 8am-10pm, Fri 8am-10pm, Sat 8am-10pm, Sun 8am-10pm",,,
La Verne,1630,1504 Foothill Blvd.,Wheeler,La Verne,CA,91750,United States,(909) 539-2848,34.1157971,-117.7746702,"Mon 8am-10pm, Tue 8am-10pm, Wed 8am-10pm, Thu 8am-10pm, Fri 8am-10pm, Sat 8am-10pm, Sun 8am-10pm",,,
Chino Hills,1501,4050 Chino Hills Pkwy.,Pipeline,Chino,CA,91709,United States,(909) 393-7720,33.9826264,-117.7164945,"Mon 8am-10pm, Tue 8am-10pm, Wed 8am-10pm, Thu 8am-10pm, Fri 8am-10pm, Sat 8am-10pm, Sun 8am-10pm",,,
San Dimas - Arrow Hwy ,1681,602 W Arrow Hwy,S Eucla Avenue,San Dimas,CA,91733,United States,(909) 305-8919,34.1039557,-117.8193039,"Mon 8am-10pm, Tue 8am-10pm, Wed 8am-10pm, Thu 8am-10pm, Fri 8am-10pm, Sat 8am-10pm, Sun 8am-10pm",,,
Glendora - Barranca,11436,1788 South Barranca Ave,,Glendora,CA,91740,United States,(626) 332-5096,34.107463,-117.880610,"Mon 8am-10pm, Tue 8am-10pm, Wed 8am-10pm, Thu 8am-10pm, Fri 8am-10pm, Sat 8am-10pm, Sun 8am-10pm",,,
Azusa,1495,307 N. Citrus,Alosta,Azusa,CA,91702,United States,(626) 633-0990,34.1269374,-117.8914299,"Mon 8am-10pm, Tue 8am-10pm, Wed 8am-10pm, Thu 8am-10pm, Fri 8am-10pm, Sat 8am-10pm, Sun 8am-10pm",,,
Rowland Heights,1516,19033 E. Colima Rd,Nogales,Rowland Heights,CA,91748,United States,(626) 839-0499,33.9883115,-117.8883709,"Mon 8am-10pm, Tue 8am-10pm, Wed 8am-10pm, Thu 8am-10pm, Fri 8am-10pm, Sat 8am-10pm, Sun 8am-10pm",,,
Covina - Azusa ,1679,543 N Azusa Ave,San Bernardino ,Covina,CA,91722,United States,(626) 339-9999,34.0899438,-117.9091008,"Mon 8am-10pm, Tue 8am-10pm, Wed 8am-10pm, Thu 8am-10pm, Fri 8am-10pm, Sat 8am-10pm, Sun 8am-10pm",,,
West Covina,12372,1516 Amar Rd.,,West Covina,CA,91792,United States,(626) 810-1569,34.031337,-117.914899,"Mon 8am-10pm, Tue 8am-10pm, Wed 8am-10pm, Thu 8am-10pm, Fri 8am-10pm, Sat 8am-10pm, Sun 8am-10pm",,,
Lancaster,1479,44601 Valley Central Way,Lancaster Blvd,Lancaster,CA,93534,United States,(661) 942-4929,34.6924489,-118.1735039,"Mon 8am-10pm, Tue 8am-10pm, Wed 8am-10pm, Thu 8am-10pm, Fri 8am-10pm, Sat 8am-10pm, Sun 8am-10pm",,,
Lancaster - Avenue J,11446,1030 E. Avenue J,,Lancaster,CA,93535,United States,(661) 945-0989,34.687941,-118.111496,"Mon 8am-10pm, Tue 8am-10pm, Wed 8am-10pm, Thu 8am-10pm, Fri 8am-10pm, Sat 8am-10pm, Sun 8am-10pm",,,
Palmdale,1513,442 W. Ave. ?P?,5th Street West,Palmdale,CA,93551,United States,(661) 273-9437,34.6016779,-118.1368406,"Mon 8am-10pm, Tue 8am-10pm, Wed 8am-10pm, Thu 8am-10pm, Fri 8am-10pm, Sat 8am-10pm, Sun 8am-10pm",,,
Palmdale - 20th,11447,38360-B 20th St E,,Palmdale,CA,93550,United States,(661) 538-1857,34.578996,-118.091832,"Mon 8am-10pm, Tue 8am-10pm, Wed 8am-10pm, Thu 8am-10pm, Fri 8am-10pm, Sat 8am-10pm, Sun 8am-10pm",,,
Duarte,1677,1327 E. Huntington Dr.,Buena Vista ,Duarte,CA,91010,United States,(626) 599-2028,34.1396942,-117.9762963,"Mon 8am-10pm, Tue 8am-10pm, Wed 8am-10pm, Thu 8am-10pm, Fri 8am-10pm, Sat 8am-10pm, Sun 8am-10pm",,,
Arcadia,1478,140 E. Duarte Rd,2nd Ave,Arcadia,CA,91006,United States,(626) 294-1999,34.129618,-118.025783,"Mon 8am-10pm, Tue 8am-10pm, Wed 8am-10pm, Thu 8am-10pm, Fri 8am-10pm, Sat 8am-10pm, Sun 8am-10pm",,,
Temple City,1259,9565 Las Tunas,Temple City,Temple City,CA,91780,United States,(626) 285-6888,34.106881,-118.061609,"Mon 9am- 8pm, Tue 9am- 8pm, Wed 9am- 8pm, Thu 9am- 8pm, Fri 9am- 8pm, Sat 9am- 8pm, Sun 9am- 8pm",,,
Covina,1507,321 N. Vincent Ave,San Bernandino Rd,Covina,CA,91722,United States,(626) 962-5699,34.0885119,-117.9265107,"Mon 8am-10pm, Tue 8am-10pm, Wed 8am-10pm, Thu 8am-10pm, Fri 8am-10pm, Sat 8am-10pm, Sun 8am-10pm",,,
La Puente,1466,1617 Hacienda Blvd,Francisquito,La Puente,CA,91744,United States,(626) 918-6699,34.0494003,-117.9472075,"Mon 8am-10pm, Tue 8am-10pm, Wed 8am-10pm, Thu 8am-10pm, Fri 8am-10pm, Sat 8am-10pm, Sun 8am-10pm",,,
Baldwin Park,1480,14151 Ramona Blvd,Baldwin Park Blvd,Baldwin Park,CA,91706,United States,(626) 962-4299,34.0866968,-117.9651798,"Mon 8am-10pm, Tue 8am-10pm, Wed 8am-10pm, Thu 8am-10pm, Fri 8am-10pm, Sat 8am-10pm, Sun 8am-10pm",,,
Hacienda Heights,1586,1120 Hacienda Blvd.,Gale,Hacienda Heights,CA,91745,United States,(626) 855-1699,34.0096794,-117.9623288,"Mon 8am-10pm, Tue 8am-10pm, Wed 8am-10pm, Thu 8am-10pm, Fri 8am-10pm, Sat 8am-10pm, Sun 8am-10pm",,,
Redondo Beach,1658,2701 Manhattan Beach Blvd.,McBain Ave.,Redondo Beach,CA,90278,United States,(310) 536-9221,33.888633,-118.362464,"Mon 8am-10pm, Tue 8am-10pm, Wed 8am-10pm, Thu 8am-10pm, Fri 8am-10pm, Sat 8am-10pm, Sun 8am-10pm",,,
Hawthorne,1252,13023 Hawthorne ,133rd,Hawthorne ,CA,90250,United States,(714) 537-9900,33.914072,-118.353113,"Mon 8am- 10pm, Tue 8am- 10pm, Wed 8am- 10pm, Thu 8am- 10pm, Fri 8am- 10pm, Sat 8am- 10pm, Sun 8am- 10pm",,,
Hawthorne - 118th St,1257,11811 Hawthorne ,118th,Hawthorne,CA,90250,United States,(310) 679-6994,33.927065,-118.353829,"Mon 9am- 8pm, Tue 9am- 8pm, Wed 9am- 8pm, Thu 9am- 8pm, Fri 9am- 8pm, Sat 9am- 8pm, Sun 9am- 8pm",,,
Inglewood - Imperial,1698,2762 Imperial Hwy ,Crenshaw Blvd,Inglewood,CA,90303,United States,(323) 777-2419,33.930893,-118.3244131,"Mon 8am-10pm, Tue 8am-10pm, Wed 8am-10pm, Thu 8am-10pm, Fri 8am-10pm, Sat 8am-10pm, Sun 8am-10pm",,,
El Segundo ,1708,300 Richmond St ,W Grand Avenue,El Segundo,CA,90245,United States,(310) 335-6093,33.9190622,-118.4171541,"Mon 8am-10pm, Tue 8am-10pm, Wed 8am-10pm, Thu 8am-10pm, Fri 8am-10pm, Sat 8am-10pm, Sun 8am-10pm",,,
El Monte,1462,11114 Ramona,Valley,El Monte,CA,91731,United States,(626) 279-7999,34.0728186,-118.0303824,"Mon 8am-10pm, Tue 8am-10pm, Wed 8am-10pm, Thu 8am-10pm, Fri 8am-10pm, Sat 8am-10pm, Sun 8am-10pm",,,
South El Monte - Durfee,3048,2037 Durfee Ave,Rush St.,South El Monte,CA,91733,United States,,34.046303,-118.029480,"Mon 8am-10pm, Tue 8am-10pm, Wed 8am-10pm, Thu 8am-10pm, Fri 8am-10pm, Sat 8am-10pm, Sun 8am-10pm",,,
Pico Rivera,1260,9535 Whittier Blvd,Gregg Rd,Pico Rivera,CA,90660,United States,(562) 692-9992,33.997827,-118.074643,"Mon 9am- 8pm, Tue 9am- 8pm, Wed 9am- 8pm, Thu 9am- 8pm, Fri 9am- 8pm, Sat 9am- 8pm, Sun 9am- 8pm",,,
Waco - Bosque,1762,"5912 Bosque Blvd, Ste 323 ",N Valley Mills Dr,Waco,TX,76710,United States,(254) 399-6933,31.5309521,-97.1968503,"Mon 8am-10pm, Tue 8am-10pm, Wed 8am-10pm, Thu 8am-10pm, Fri 8am-10pm, Sat 8am-10pm, Sun 8am-10pm",,,
Norwalk - NW,3013,12301 Norwalk Blvd ,,Norwalk,CA,90650,United States,,33.919819,-118.073452,"Mon 8am-10pm, Tue 8am-10pm, Wed 8am-10pm, Thu 8am-10pm, Fri 8am-10pm, Sat 8am-10pm, Sun 8am-10pm",,,
Norwalk - Firestone,11276,110055-11057 Firestone Blvd,,Norwalk,CA,90650,United States,(562) 929-9984,33.910427,-118.077558,"Mon 8am-10pm, Tue 8am-10pm, Wed 8am-10pm, Thu 8am-10pm, Fri 8am-10pm, Sat 8am-10pm, Sun 8am-10pm",,,
McAllen,1760,2246 W Nolana Ave ,N 23rd St,McAllen,TX,78504,United States,(956) 664-9991,26.241558,-98.2382779,"Mon 8am-10pm, Tue 8am-10pm, Wed 8am-10pm, Thu 8am-10pm, Fri 8am-10pm, Sat 8am-10pm, Sun 8am-10pm",,,
West LA - Pico,3011,11040 W. Pico Blvd,,Los Angeles,CA,90064,United States,,34.037508,-118.433329,"Mon 8am-10pm, Tue 8am-10pm, Wed 8am-10pm, Thu 8am-10pm, Fri 8am-10pm, Sat 8am-10pm, Sun 8am-10pm",,,
Apple Valley - Hwy 18,13952,20220 Hwy 18,Airport Way,Apple Valley,CA,92307,United States,(760) 242-0488,34.528920,-117.221695,"Mon 8am-10pm, Tue 8am-10pm, Wed 8am-10pm, Thu 8am-10pm, Fri 8am-10pm, Sat 8am-10pm, Sun 8am-10pm",,,
Victorville - Amargosa,1539,12480 Amargosa,I-15,Victorville,CA,92392,United States,(760) 243-9616,34.4779702,-117.3426419,"Mon 8am-10pm, Tue 8am-10pm, Wed 8am-10pm, Thu 8am-10pm, Fri 8am-10pm, Sat 8am-10pm, Sun 8am-10pm",,,
Apple Valley,1632,19201 Bear Valley Road,Apple Valley,Apple Valley,CA,92308,United States,(760) 961-1879,34.468545,-117.2436223,"Mon 8am-10pm, Tue 8am-10pm, Wed 8am-10pm, Thu 8am-10pm, Fri 8am-10pm, Sat 8am-10pm, Sun 8am-10pm",,,
Hesperia - Main ,1696,17255 Main St ,G St,Hesperia,CA,92345,United States,(760) 948-4306,34.4183537,-117.2872245,"Mon 8am-10pm, Tue 8am-10pm, Wed 8am-10pm, Thu 8am-10pm, Fri 8am-10pm, Sat 8am-10pm, Sun 8am-10pm",,,
Hesperia  ,1644,"14073 Main St., Suite 108",Topaz,Hesperia,CA,92345,United States,(760) 244-4409,34.4261463,-117.356646,"Mon 8am-10pm, Tue 8am-10pm, Wed 8am-10pm, Thu 8am-10pm, Fri 8am-10pm, Sat 8am-10pm, Sun 8am-10pm",,,
Victorville,1498,14670 Seventh St,La Paz,Victorville,CA,92392,United States,(760) 962-9993,34.4667136,-117.4434308,"Mon 8am-10pm, Tue 8am-10pm, Wed 8am-10pm, Thu 8am-10pm, Fri 8am-10pm, Sat 8am-10pm, Sun 8am-10pm",,,
Barstow,1651,1308 E. Main St.,S. Yucca Ave.,Barstow,CA,TBD,United States,(760) 256-3190,34.8949258,-117.0072595,"Mon 8am-10pm, Tue 8am-10pm, Wed 8am-10pm, Thu 8am-10pm, Fri 8am-10pm, Sat 8am-10pm, Sun 8am-10pm",,,
Santa Fe Springs,1697,11452 Telegraph Rd ,Orr & Day Rd,Santa Fe Springs,CA,90670,United States,(562) 864-4209,33.9479921,-118.0891294,"Mon 8am-10pm, Tue 8am-10pm, Wed 8am-10pm, Thu 8am-10pm, Fri 8am-10pm, Sat 8am-10pm, Sun 8am-10pm",,,
Downey,1476,11916 Paramount Blvd,Stewart & Grey,Downey,CA,90241,United States,(562) 923-9882,33.9341255,-118.1437235,"Mon 8am-10pm, Tue 8am-10pm, Wed 8am-10pm, Thu 8am-10pm, Fri 8am-10pm, Sat 8am-10pm, Sun 8am-10pm",,,
Culver City,1518,12717-41 W. Washington,Los Angeles,Los Angeles,CA,90066,United States,(310) 577-8998,33.9969851,-118.4352584,"Mon 8am-10pm, Tue 8am-10pm, Wed 8am-10pm, Thu 8am-10pm, Fri 8am-10pm, Sat 8am-10pm, Sun 8am-10pm",,,
Santa Maria,1542,312 E. Betteravia,Miller,Santa Maria,CA,93454,United States,(805) 614-9193,34.9224831,-120.431133,"Mon 8am-10pm, Tue 8am-10pm, Wed 8am-10pm, Thu 8am-10pm, Fri 8am-10pm, Sat 8am-10pm, Sun 8am-10pm",,,
Lompoc,1541,1309 N. H Street,Central,Lompoc,CA,93436,United States,(805) 740-1998,34.659016,-120.4592677,"Mon 8am-10pm, Tue 8am-10pm, Wed 8am-10pm, Thu 8am-10pm, Fri 8am-10pm, Sat 8am-10pm, Sun 8am-10pm",,,
San Luis Obispo - Madonna,3045,1308 Madonna Rd,Los Osos Valley Rd,San Luis Obispo,CA,93405,United States,,35.257245, -120.689567,"Mon 8am-10pm, Tue 8am-10pm, Wed 8am-10pm, Thu 8am-10pm, Fri 8am-10pm, Sat 8am-10pm, Sun 8am-10pm",,,
Atascadero - El Camino Real,1688,7101 El Camino Real,Mercedes Ave,Atascadero,CA,93422,United States,(805) 462-9990,35.4865759,-120.663042,"Mon 8am-10pm, Tue 8am-10pm, Wed 8am-10pm, Thu 8am-10pm, Fri 8am-10pm, Sat 8am-10pm, Sun 8am-10pm",,,
Bryan  ,1747,"2104 S. Texas Avenue, Suite 200",Post Office Street,Bryan,TX,77802,United States,(979) 823-4919,30.6478312,-96.3605516,"Mon 8am-10pm, Tue 8am-10pm, Wed 8am-10pm, Thu 8am-10pm, Fri 8am-10pm, Sat 8am-10pm, Sun 8am-10pm",,,
Yuma - 4th Ave,1627,1701 S. 4th Ave.,17th Street,Yuma,AZ,85364,United States,(928) 376-0999,32.69639,-114.6236486,"Mon 8am-10pm, Tue 8am-10pm, Wed 8am-10pm, Thu 8am-10pm, Fri 8am-10pm, Sat 8am-10pm, Sun 8am-10pm",,,
Yuma - Fortuna ,1700,11274 S Fortuna Rd,Interstate 8,Yuma,AZ,85367,United States,(928) 305-9999,32.6664641,-114.4447883,"Mon 8am-10pm, Tue 8am-10pm, Wed 8am-10pm, Thu 8am-10pm, Fri 8am-10pm, Sat 8am-10pm, Sun 8am-10pm",,,
Redding,1583,2611 Hilltop Drive,Hilltop,Redding,CA,96002,United States,(530) 222-9999,40.5696849,-122.3574151,"Mon 8am-10pm, Tue 8am-10pm, Wed 8am-10pm, Thu 8am-10pm, Fri 8am-10pm, Sat 8am-10pm, Sun 8am-10pm",,,
Chico,19356,2156 Pillsbury Rd,,Chico,CA,95926,United States,(530) 895-1398,39.758323,-121.845894,"Mon 8am-10pm, Tue 8am-10pm, Wed 8am-10pm, Thu 8am-10pm, Fri 8am-10pm, Sat 8am-10pm, Sun 8am-10pm",,,
Coachella,1634,50249 Harrison St,Leoco Ln,Coachella,CA,92236,United States,(760) 398-9015,33.6825995,-116.1823245,"Mon 8am-10pm, Tue 8am-10pm, Wed 8am-10pm, Thu 8am-10pm, Fri 8am-10pm, Sat 8am-10pm, Sun 8am-10pm",,,
La Quinta,1523,79840 Hwy. 111,Jefferson,La Quinta,CA,92253,United States,(760) 863-0992,33.707471,-116.2701424,"Mon 8am-10pm, Tue 8am-10pm, Wed 8am-10pm, Thu 8am-10pm, Fri 8am-10pm, Sat 8am-10pm, Sun 8am-10pm",,,
Palm Desert - Monterey,11435,34660 Monterey Ave,,Palm Desert ,CA,92211,United States,(760) 328-2719,33.796169,-116.387508,"Mon 8am-10pm, Tue 8am-10pm, Wed 8am-10pm, Thu 8am-10pm, Fri 8am-10pm, Sat 8am-10pm, Sun 8am-10pm",,,
Palm Desert,1603,72845 A & B Highway 111,Monterey,Palm Desert,CA,92260,United States,(760) 341-9499,33.7804142,-116.4668151,"Mon 8am-10pm, Tue 8am-10pm, Wed 8am-10pm, Thu 8am-10pm, Fri 8am-10pm, Sat 8am-10pm, Sun 8am-10pm",,,
Cathedral City,1635,31033 Date Palm Dr,McCallum Way,Cathedral City,CA,92234,United States,(760) 202-9991,33.8223627,-116.4597858,"Mon 8am-10pm, Tue 8am-10pm, Wed 8am-10pm, Thu 8am-10pm, Fri 8am-10pm, Sat 8am-10pm, Sun 8am-10pm",,,
Palm Springs,17978,102 S. Sunrise Way,,Palm Springs,CA,92262,United States,(760) 322-0043,33.822431,-116.527288,"Mon 8am-10pm, Tue 8am-10pm, Wed 8am-10pm, Thu 8am-10pm, Fri 8am-10pm, Sat 8am-10pm, Sun 8am-10pm",,,
Yucca Valley - 29 Palms,3007,57980 29 Palms Hwy,,Yucca Valley ,CA,92284,United States,,34.129611,-116.399584,"Mon 8am-10pm, Tue 8am-10pm, Wed 8am-10pm, Thu 8am-10pm, Fri 8am-10pm, Sat 8am-10pm, Sun 8am-10pm",,,
Conroe,1736,1420 Loop 336,I-45,Conroe,TX,77304,United States,(936) 494-3999,30.3340028,-95.4823724,"Mon 8am-9pm, Tue 8am-9pm, Wed 8am-9pm, Thu 8am-9pm, Fri 8am-9pm, Sat 8am-9pm, Sun 8am-9pm",,,
Lake Havasu City,1662,1795 Kiowa Blvd,Highway 95,Lake Havasu,AZ,86403,United States,(928) 505-3099,34.504226,-114.351195,"Mon 8am-10pm, Tue 8am-10pm, Wed 8am-10pm, Thu 8am-10pm, Fri 8am-10pm, Sat 8am-10pm, Sun 8am-10pm",,,
Needles - Broadway,2567,1010 E Broadway st,Ice Plant Rd,Needles,CA,92363,United States,,34.79708,-114.63754,"Mon 8am-9pm, Tue 8am-9pm, Wed 8am-9pm, Thu 8am-9pm, Fri 8am-9pm, Sat 8am-9pm, Sun 8am-9pm",,,
Bullhead City - Highway 95,11301,3699 Highway 95,,Bullhead City,AZ,86442,United States,(928) 704-0099,35.052895,-114.591834,"Mon 8am - 10pm, Tue 8am - 10pm, Wed 8am - 10pm, Thu 8am - 10pm, Fri 8am - 10pm, Sat 8am - 10pm, Sun 8am - 10pm",,,
El Centro,11423,2101 Imperial Blvd,,El Centro,,92243,United States,(760) 352-6199,32.813066,-115.567382,"Mon 8am-10pm, Tue 8am-10pm, Wed 8am-10pm, Thu 8am-10pm, Fri 8am-10pm, Sat 8am-10pm, Sun 8am-10pm",,,
El Centro - Danenberg,2605,524 E. Danenberg Dr,Dogwood rd,El Centro,CA,92243,United States,,32.766885,-115.533196,"Mon 8am-10pm, Tue 8am-10pm, Wed 8am-10pm, Thu 8am-10pm, Fri 8am-10pm, Sat 8am-10pm, Sun 8am-10pm",,,
Calexico,1624,401 E. 2nd Street,Heber,Calexico,CA,92231,United States,(760) 768-1308,32.666974,-115.4931374,"Mon 8am-10pm, Tue 8am-10pm, Wed 8am-10pm, Thu 8am-10pm, Fri 8am-10pm, Sat 8am-10pm, Sun 8am-10pm",,,
Kingman,1702,3140 Stockton Hill Rd ,I-40,Kingman,AZ,86401,United States,(928) 718-7199,35.2139127,-114.0351126,"Mon 8am-10pm, Tue 8am-10pm, Wed 8am-10pm, Thu 8am-10pm, Fri 8am-10pm, Sat 8am-10pm, Sun 8am-10pm",,,
