store_name,store_number,address,address2,city,state,zip_code,country,phone_number,latitude,longitude,store_hours,store_type,other_fields,coming_soon
Beaches,2412,2191 Queen Street East,,Toronto,Ontario,M4E 1E5,CA,416.686.1430,43.6705652,-79.2971189,"Mon 9 AM - 8 PM, Tue 9 AM - 8 PM, Wed 9 AM - 8 PM, Thu 9 AM - 8 PM, Fri 9 AM - 5 PM, Sat 9 AM - 4 PM, Sun Closed",,,
Waterloo Eastbridge,7519,370 Eastbridge Blvd,Unit #8,Waterloo,Ontario,N2K 4P1,CA,519.746.9000,43.50427,-80.509106,"Mon 9 AM - 8 PM, Tue 9 AM - 8 PM, Wed 9 AM - 8 PM, Thu 9 AM - 8 PM, Fri 9 AM - 3 PM, Sat 9 AM - 12 PM, Sun Closed",,,
Oakville North East,2401,380 Dundas Street East,,Oakville,Ontario,L6H 6Z9,CA,905.616.9444,43.4899233,-79.7172214,"Mon 9 AM - 8 PM, Tue 9 AM - 8 PM, Wed 9 AM - 8 PM, Thu 9 AM - 8 PM, Fri 9 AM - 5 PM, Sat Closed, Sun Closed",,,
Thornhill,2409,110-7700 Bathurst Street,,Thornhill,Ontario,L4J 7Y3,CA,905.707.1417,43.8097999,-79.4518495,"Mon 1 PM - 8 PM, Tue 1 PM - 8 PM, Wed 1 PM - 8 PM, Thu 1 PM - 8 PM, Fri By Appointment, Sat 9 AM - 4 PM, Sun By Appointment",,,
Winnipeg,2450,3025 Ness Avenue,Unit J,Winnipeg,Manitoba,R2Y 2J2,CA,204.944.0898,49.8880058,-97.2792939,"Mon 9 AM - 8 PM, Tue 9 AM - 8 PM, Wed 9 AM - 8 PM, Thu 9 AM - 8 PM, Fri 9 AM - 5 PM, Sat 9 AM - 4 PM, Sun Available By Appointment",,,
Forest Hill,2410,481 Eglinton Ave West,Suite 200,Toronto,Ontario,M5N 1A7,CA,416.367.4455,43.7036129,-79.4127299,"Mon 11 AM - 8 PM, Tue 11 AM - 8 PM, Wed 11 AM - 8 PM, Thu 11 AM - 8 PM, Fri 11 AM - 6 PM, Sat 9 AM - 3 PM, Sun Closed",,,
Rosedale,2411,44 St Clair Ave E. 2nd Floor,,Rosedale,Ontario,M4T 1M9,CA,416.710.1858,43.688625,-79.3920063,"Mon 9 AM - 8 PM, Tue 9 AM - 8 PM, Wed 9 AM - 8 PM, Thu 9 AM - 8 PM, Fri 9 AM - 6 PM, Sat 9 AM - 3 PM, Sun Closed",,,
Oakville North,2400,1131 Nottinghill Gate,Suite 14,Oakville,Ontario,L6M 1K5,CA,905.469.1929,43.4398889,-79.718899,"Mon 9 AM - 8 PM, Tue 9 AM - 8 PM, Wed 9 AM - 8 PM, Thu 9 AM - 8 PM, Fri 9 AM - 5 PM, Sat 9 AM - 4 PM, Sun Closed",,,
Orangeville,2403,215 Centennial Rd. Unit #9,Westside Market Village,Orangeville,Ontario,L9W 5K9,CA,519.215.2531,43.9047087,-80.1152428,"Mon 12 PM - 8 PM, Tue 12 PM - 8 PM, Wed 12 PM - 8 PM, Thu 12 PM - 8 PM, Fri 9 AM - 3 PM, Sat Closed, Sun Closed",,,
Oakville South,2402,"511 Maple Grove Drive, Suite 2",Maple Grove Village,Oakville,Ontario,L6J 6X8,CA,905.849.4027,43.4802433,-79.6567058,"Mon 9 AM - 8 PM, Tue 9 AM - 8 PM, Wed 9 AM - 8 PM, Thu 9 AM - 8 PM, Fri 9 AM - 5 PM, Sat 9 AM - 1 PM, Sun Closed",,,
Nepean,2405,1370 Clyde Avenue,,Ottawa,Ontario,K2G 3H8,CA,613.226.6022,45.359885,-75.7396703,"Mon 10 AM - 8 PM, Tue 10 AM - 8 PM, Wed 10 AM - 8 PM, Thu 10 AM - 8 PM, Fri By Appt., Sat 9 AM - 2 PM, Sun Closed",,,
Barrhaven,2404,204-3171 Strandherd Drive,,Ottawa,Ontario,K2J 5N1,CA,613.823.1300,45.2750962,-75.7209004,"Mon 10 AM - 8 PM, Tue 10 AM - 8 PM, Wed 10 AM - 8 PM, Thu 10 AM - 8 PM, Fri 10 AM - 4 PM, Sat 10 AM - 2 PM, Sun Closed",,,
Orléans,2406,3619 Innes Rd.,,Ottawa,Ontario,K1C 1T1,CA,613.841.7321,45.4499828,-75.5192268,"Mon 8:30 AM - 5 PM, Tue 8:30 AM - 8 PM, Wed 8:30 AM - 5 PM, Thu 8:30 AM - 8 PM, Fri 8 AM - 1 PM, Sat Closed, Sun Closed",,,
Scarborough Bluffs,2413,103 Guildwood Parkway,Guildwood Village Shopping Centre,Scarborough,Ontario,M1E 1P1,CA,647.352.6224,43.7471338,-79.2006246,"Mon 9 AM - 8 PM, Tue 9 AM - 8 PM, Wed 9 AM - 8 PM, Thu 9 AM - 8 PM, Fri 9 AM - 5 PM, Sat 9 AM - 4 PM, Sun Closed",,,
Burnaby,8622,111-6125 Sussex Avenue,,Burnaby,British Columbia,V5H 4G1,CA,604.565.5877,49.2290232,-122.9991386,"Mon 10 AM - 8 PM, Tue 10 AM - 8 PM, Wed 10 AM - 8 PM, Thu 10 AM - 8 PM, Fri 10 AM - 5:30PM, Sat 10 AM - 3 PM, Sun Closed",,,
Beaumont,10109,5021B-52 Avenue,,Beaumont,Alberta,T4X 1E5,CA,780.929.1626,53.354081,-113.416965,"Mon 9 AM - 8 PM, Tue 9 AM - 8 PM, Wed 9 AM - 8 PM, Thu 9 AM - 8 PM, Fri 9 AM - 2 PM, Sat 9 AM - 12 PM, Sun Closed",,,
Vancouver Kitsilano,7469,306-2083 Alma Street,,Vancouver,British Columbia,V6R 4N6,CA,604.563.2000,49.268110,-123.186128,"Mon 9 AM - 8 PM, Tue 9 AM - 8 PM, Wed 9 AM - 8 PM, Thu 9 AM - 8 PM, Fri 9 AM - 5 PM, Sat 9 AM - 4 PM, Sun Closed",,,
Bolton,2349,7-1 Queensgate Blvd,,Bolton,Ontario,L7E 2X7,CA,905.857.2803,43.8697946,-79.7223558,"Mon 9 AM - 8 PM, Tue 9 AM - 8 PM, Wed 9 AM - 8 PM, Thu 9 AM - 8 PM, Fri 9 AM - 5 PM, Sat 9 AM - 4 PM, Sun Closed",,,
Barrie,2348,331 Bayfield Street,,Barrie,Ontario,L4M 3C2,CA,705.727.9090,44.4025151,-79.7007536,"Mon 9 AM - 8 PM, Tue 9 AM - 8 PM, Wed 9 AM - 8 PM, Thu 9 AM - 8 PM, Fri By appointment, Sat 9 AM - 12 PM, Sun Closed",,,
Ancaster,2345,1172 Wilson St.W.,Unit 7,Ancaster,Ontario,L9G 3K9,CA,905.304.4440,43.1968446,-80.0204327,"Mon 9 AM - 8 PM, Tue 9 AM - 8 PM, Wed 9 AM - 8 PM, Thu 9 AM - 8 PM, Fri 9 AM - 4 PM, Sat 10 AM - 2 PM, Sun Closed",,,
Aurora,2346,129 Pedersen Drive,Unit 3,Aurora,Ontario,L4G 0E3,CA,905.503.0678,44.0184158,-79.4476687,"Mon 12 PM - 8 PM, Tue 12 PM - 8 PM, Wed 12 PM - 8 PM, Thu 12 PM - 8 PM, Fri 9 AM - 1 PM, Sat 9 AM - 1 PM, Sun Closed",,,
Barrie South,2347,431 Huronia Road,Unit 11,Barrie,Ontario,L4N 9B3,CA,705.792.9600,44.351086,-79.6636824,"Mon 11 AM - 8 PM, Tue 11 AM - 8 PM, Wed 11 AM - 8 PM, Thu 11 AM - 8 PM, Fri By Appointment Only, Sat 9 AM - 2 PM, Sun Closed",,,
Calgary South,2434,12445 Lake Fraser Drive SE,Bay 500,Calgary,Alberta,T2J 7A4,CA,403.278.1786,50.943286,-114.0683066,"Mon 9 AM - 8 PM, Tue 9 AM - 8 PM, Wed 9 AM - 8 PM, Thu 9 AM - 8 PM, Fri 9 AM - 5 PM, Sat 9 AM - 4 PM, Sun Closed",,,
Calgary West,2435,6404 Old Banff Coach Road SW,,Calgary,Alberta,T3H 2H3,CA,403.246.4631,51.0601628,-114.1800678,"Mon 9 AM - 8 PM, Tue 9 AM - 8 PM, Wed 9 AM - 8 PM, Thu 9 AM - 8 PM, Fri 9 AM - 5 PM, Sat 9 AM - 4 PM, Sun Closed",,,
Ajax,2344,475 Westney Road North,Ajax Market Place,Ajax,Ontario,L1T 3H4,CA,905.683.6660,43.8684141,-79.0391506,"Mon 9:30AM - 8 PM, Tue 9:30AM - 8 PM, Wed 9:30AM - 8 PM, Thu 9:30AM - 8 PM, Fri 9:30AM - 1 PM, Sat 9 AM - 1 PM, Sun Closed",,,
Edmonton West,2436,"#250, 6655 178 Street",MarketPlace at Callingwood,Edmonton,Alberta,T5T 4J5,CA,780.433.0078,53.5011949,-113.6306003,"Mon 9 AM - 8 PM, Tue 9 AM - 8 PM, Wed 9 AM - 8 PM, Thu 9 AM - 8 PM, Fri 9 AM - 7 PM, Sat 9 AM - 2 PM, Sun Closed",,,
Grande Prairie,2437,101-10055 120 Ave,,Grande Prairie,Alberta,T8V 8H8,CA,780.830.0570,55.1880972,-118.7994885,"Mon 9 AM - 8 PM, Tue 9 AM - 8 PM, Wed 9 AM - 8 PM, Thu 9 AM - 8 PM, Fri 10 AM - 4 PM, Sat By Appointment, Sun Closed",,,
Calgary Crowfoot,2433,"201-6 Crowfoot Circle, NW",,Calgary,Alberta,T3G 2T3,CA,403.262.6335,51.123429,-114.202777,"Mon 9 AM - 8 PM, Tue 9 AM - 8 PM, Wed 9 AM - 8 PM, Thu 9 AM - 8 PM, Fri 9 AM - 5 PM, Sat 9 AM - 4 PM, Sun Closed",,,
Saskatoon,2430,115-3501 8th Street East,,Saskatoon,Saskatchewan,S7H 0W5,CA,306.668.2223,52.1151108,-106.5963524,"Mon 9:30 AM - 8 PM, Tue 9:30 AM - 8 PM, Wed 9:30 AM - 8 PM, Thu 9:30 AM - 8 PM, Fri 4 PM - 7 PM, Sat 9 AM - 12 PM, Sun Closed",,,
Regina,2431,203-2595 Quance Street East,,Regina,Saskatchewan,S4V 2Y8,CA,306.790.2000,50.443455,-104.546837,"Mon 9 AM - 8 PM, Tue 9 AM - 8 PM, Wed 9 AM - 8 PM, Thu 9 AM - 8 PM, Fri 9 AM - 6 PM, Sat 9 AM - 1 PM, Sun Closed",,,
St. Albert,2439,107 - 1 Hebert Road,(We've moved!),St. Albert,Alberta,T8N 2E7,CA,780.460.6709,53.6206569,-113.6437697,"Mon 9 AM - 8 PM, Tue 9 AM - 8 PM, Wed 9 AM - 8 PM, Thu 9 AM - 8 PM, Fri 9 AM - 4 PM, Sat By Appointment, Sun Closed",,,
Sherwood Park,2438,#112A-101 Granada Boulevard,,Sherwood Park,Alberta,T8A 4W2,CA,780.417.3066,53.5290354,-113.290455,"Mon 9 AM - 8 PM, Tue 9 AM - 8 PM, Wed 9 AM - 8 PM, Thu 9 AM - 8 PM, Fri By appointment, Sat 9 AM - 2 PM, Sun Closed",,,
Burlington,2355,2180 Mountain Grove Avenue,,Burlington,Ontario,L7P 2J3,CA,905.332.1212,43.3673186,-79.8265103,"Mon 9 AM - 8 PM, Tue 9 AM - 8 PM, Wed 9 AM - 8 PM, Thu 9 AM - 8 PM, Fri 9 AM - 5 PM, Sat 9 AM - 4 PM, Sun Closed",,,
Brooklin,2354,1012-5969 Baldwin Street South,,Brooklin,Ontario,L1M 2J7,CA,905.655.9500,43.9525157,-78.9622252,"Mon 9:30 AM - 8 PM, Tue 9:30 AM - 8 PM, Wed 9:30 AM - 8 PM, Thu 9:30 AM - 8 PM, Fri 9:30 AM - 1 PM, Sat 9 AM - 12 PM, Sun Closed",,,
Burlington South,2357,5014 New Street,,Burlington,Ontario,L7L 1V1,CA,905.632.8444,43.3682036,-79.7525582,"Mon 9 AM - 8 PM, Tue 9 AM - 8 PM, Wed 9 AM - 8 PM, Thu 9 AM - 8 PM, Fri 9 AM - 5 PM, Sat 9 AM - 4 PM, Sun Closed",,,
Brampton South,2351,304-7700 Hurontario Street,,Brampton,Ontario,L6Y 4M3,CA,905.457.5094,43.658931,-79.726903,"Mon 9 AM - 8 PM, Tue 9 AM - 8 PM, Wed 9 AM - 8 PM, Thu 9 AM - 8 PM, Fri 9 AM - 5 PM, Sat 9 AM - 4 PM, Sun Closed",,,
Cambridge,2356,800 Franklin Boulevard,,Cambridge,Ontario,N1R 7Z1,CA,519.624.8762,43.379797,-80.2995146,"Mon 10 AM - 8 PM, Tue 10 AM - 8 PM, Wed 10 AM - 8 PM, Thu 10 AM - 8 PM, Fri 10 AM - 12:30 PM, Sat 9 AM - 12:30 PM, Sun Closed",,,
Brampton North,2350,28-380 Bovaird Dr.,Conestoga Square,Brampton,Ontario,L6Z 2S7,CA,905.846.1660,43.7146042,-79.7797966,"Mon 9 AM - 8 PM, Tue 9 AM - 8 PM, Wed 9 AM - 8 PM, Thu 9 AM - 8 PM, Fri 9 AM - 5 PM, Sat 9 AM - 5 PM, Sun Closed",,,
Brampton Fletchers Meadow,2353,9-17 Worthington Avenue,Fletcher's Meadow Plaza,Brampton,Ontario,L7A 2Y7,CA,905.495.2727,43.6814132,-79.8160478,"Mon 9 AM - 8 PM, Tue 9 AM - 8 PM, Wed 9 AM - 8 PM, Thu 9 AM - 8 PM, Fri 9 AM - 5 PM, Sat 9 AM - 4 PM, Sun Closed",,,
Pickering,2408,1105 Finch Avenue,,Pickering,Ontario,L1V 1J7,CA,905.420.3141,43.8434014,-79.1040344,"Mon 9:30AM - 8 PM, Tue 9:30AM - 8 PM, Wed 9:30AM - 8 PM, Thu 9:30AM - 8 PM, Fri 9:30AM - 12 PM, Sat 9 AM - 12 PM, Sun Closed",,,
Brampton Springdale,2352,55 Mountainash Rd.,"Unit # 25, Springdale Plaza",Brampton,Ontario,L6R 1W4,CA,905.799.9662,43.7592616,-79.7309851,"Mon 9 AM - 8 PM, Tue 9 AM - 8 PM, Wed 9 AM - 8 PM, Thu 9 AM - 8 PM, Fri 9 AM - 5 PM, Sat 9 AM - 4 PM, Sun Closed",,,
Courtice,2359,1414 King Street East,Unit #6,Courtice,Ontario,L1E 3B4,CA,905.723.6999,43.9076519,-78.8123167,"Mon 10 AM - 8 PM, Tue 10 AM - 8 PM, Wed 10 AM - 8 PM, Thu 10 AM - 8 PM, Fri By Appointment, Sat 9 AM - 1 PM, Sun Closed",,,
Collingwood,2358,336 Hume St.,,Collingwood,Ontario,L9Y 1W3,CA,705.445.6022,44.4973567,-80.206355,"Mon 12 PM - 8 PM, Tue 12 PM - 8 PM, Wed 12 PM - 8 PM, Thu 12 PM - 8 PM, Fri 9 AM - 3 PM, Sat 9 AM - 12 PM, Sun Closed",,,
Mississauga East,2391,925 Rathburn Road East,Tomken Shopping Centre,Mississauga,Ontario,L4W 4C3,CA,905.306.7380,43.6148513,-79.6176309,"Mon 9 AM - 8 PM, Tue 9 AM - 8 PM, Wed 9 AM - 8 PM, Thu 9 AM - 8 PM, Fri 9 AM - 5 PM, Sat 9 AM - 4 PM, Sun Closed",,,
Edmonton South,4604,3840 Gateway Boulevard,,Edmonton,Alberta,T6J 7A9,CA,780.988.3186,53.4372255,-113.4947119,"Mon 9:30 AM - 8 PM, Tue 9:30 AM - 8 PM, Wed 9:30 AM - 8 PM, Thu 9:30 AM - 8 PM, Fri 9:30 AM - 6:30 PM, Sat 9 AM - 1 PM, Sun Closed",,,
Montreal NDG,2426,4260 rue Girouard,Suite 102,Montreal,Quebec,H4A 3C9,CA,514.481.4441,45.4766532,-73.6213973,"Mon 9:30AM-7:30PM, Tue 9:30AM-8:00PM, Wed 9:30AM-7:30PM, Thu 9:30AM-8:00PM, Fri 9:30AM-5:00PM, Sat 9 AM - 1 PM, Sun Closed",,,
Mississauga Central,2390,204-640 Eglinton Avenue West,,Mississauga,Ontario,L5R 3V2,CA,905.502.0699,43.5936402,-79.6675146,"Mon 12 PM - 8 PM, Tue 12 PM - 8 PM, Wed 12 PM - 8 PM, Thu 12 PM - 8 PM, Fri 9 AM - 5 PM, Sat 9 AM - 1 PM, Sun By appointment",,,
Brossard,2424,6185 boulevard Taschereau,Local 110,Brossard,Quebec,J4Z 1A6,CA,450.443.1933,,,"Mon 9 AM - 7:30 PM, Tue 9 AM - 8 PM, Wed 9 AM - 7:30 PM, Thu 9 AM - 8 PM, Fri 9 AM - 4 PM, Sat 9 AM - 3 PM, Sun Closed",,,
Montreal DDO,2425,3701 boul. St. Jean Suite B,Blue Haven Shopping Village,Dollard des Ormeaux,Quebec,H9G 1X2,CA,514.696.0606,45.4719592,-73.8333659,"Mon 9:30AM - 7:30PM, Tue 9:30AM - 8:00PM, Wed 9:30AM - 7:30PM, Thu 9:30AM - 8:00PM, Fri By appointment, Sat 9 AM - 1 PM, Sun Closed",,,
Laval Chomedey,2423,250-3310 100 ave.,,Laval,Quebec,H7T 0J7,CA,579.640.1600,45.5583626,-73.79124569999999,"Mon 9AM - 8 PM, Tue 9AM - 8 PM, Wed 9AM - 8 PM, Thu 9AM - 8 PM, Fri 9 AM - 6 PM, Sat 9 AM - 1 PM, Sun Closed",,,
"Montreal, St. Laurent",2427,6225 boul. Henri-Bourassa Ouest,,"St. Laurent,",Quebec,H4R 1C7,CA,514.333.4988,45.5134706,-73.7206642,"Mon 9 AM - 8 PM, Tue 9 AM - 8 PM, Wed 9 AM - 8 PM, Thu 9 AM - 8 PM, Fri 9 AM - 5 PM, Sat 9 AM - 4 PM, Sun Closed",,,
Whitby,2421,105-3050 Garden Street,,Whitby,Ontario,L1R 2G7,CA,905.668.6800,43.9016932,-78.942197,"Mon 10 AM - 8 PM, Tue 9 AM - 8 PM, Wed 10 AM - 8 PM, Thu 9 AM - 8 PM, Fri By appointment, Sat 9 AM - 1 PM, Sun Closed",,,
Woodbridge,2422,130-4550 Highway 7,,Woodbridge,Ontario,L4L 4Y7,CA,905.850.2909,43.7838603,-79.5747644,"Mon 12 PM - 8 PM, Tue 12 PM - 8 PM, Wed 12 PM - 8 PM, Thu 12 PM - 8 PM, Fri 9 AM - 5 PM, Sat 9 AM - 1 PM, Sun By appointment",,,
Danforth,2420,784 Broadview Ave.,,Toronto,Ontario,M4K 2P7,CA,416.849.1476,43.6770106,-79.3589256,"Mon 9 AM - 8 PM, Tue 9 AM - 8 PM, Wed 9 AM - 8 PM, Thu 9 AM - 8 PM, Fri 9 AM - 5 PM, Sat 9 AM - 4 PM, Sun Closed",,,
Vaudreuil,2428,939 boulevard de la Cité-des-Jeunes,,Vaudreuil-Dorion,Quebec,J7V 0H2,CA,450.510.LIRE (5473),45.3887786,-74.0477786,"Mon 9 AM - 8 PM, Tue 9 AM - 8 PM, Wed 9 AM - 8 PM, Thu 9 AM - 8 PM, Fri 9 AM - 5 PM, Sat 9 AM - 1 PM, Sun Closed",,,
Don Mills,2360,51 Underhill Drive,"Unit 1, Donwood Plaza",Don Mills,Ontario,M3A 2J8,CA,416.391.1838,43.7452189,-79.3259559,"Mon 10 AM - 8 PM, Tue 10 AM - 8 PM, Wed 10 AM - 8 PM, Thu 10 AM - 8 PM, Fri 10 AM - 6 PM, Sat 9:30 AM - 3 PM, Sun Closed",,,
Georgetown,2363,7-324 Guelph Street,Halton Gate Plaza,Georgetown,Ontario,L7G 4B5,CA,905.877.3163,43.648903,-79.890167,"Mon 10 AM - 8 PM, Tue 10 AM - 8 PM, Wed 9 AM - 8 PM, Thu 9 AM - 8 PM, Fri 4 PM - 8 PM, Sat 9 AM - 12 PM, Sun Closed",,,
Guelph,2364,204-511 Edinburgh Road South,,Guelph,Ontario,N1G 4S5,CA,519.826.5365,43.5190762,-80.2329326,"Mon 9 AM - 8 PM, Tue 9 AM - 8 PM, Wed 10 AM - 8 PM, Thu 9 AM - 8 PM, Fri By Appointment, Sat 9 AM - 12 PM, Sun Closed",,,
Etobicoke Royal York,2361,4195 Dundas Street West,,Etobicoke,Ontario,M8X 1Y4,CA,416.234.1054,43.6602482,-79.5108616,"Mon 8:15 AM - 8 PM, Tue 8:15 AM - 8 PM, Wed 8:15 AM - 8 PM, Thu 8:15 AM - 8 PM, Fri 8:15AM-5:30PM, Sat 9:15AM-12:30PM, Sun Closed",,,
Etobicoke West,2362,290 The West Mall,Suite 9,Etobicoke,Ontario,M9C 1C6,CA,416.622.1800,43.6346483,-79.5625664,"Mon 9 AM - 8 PM, Tue 9 AM - 8 PM, Wed 9 AM - 8 PM, Thu 9 AM - 8 PM, Fri 9 AM - 5 PM, Sat 9 AM - 4 PM, Sun Closed",,,
Hamilton,2365,930 Upper Paradise Road,,Hamilton,Ontario,L9B 2N1,CA,905.318.6363,43.2183704,-79.9185132,"Mon 12 AM - 8 PM, Tue 9 AM - 8 PM, Wed 12 AM - 8 PM, Thu 9 AM - 8 PM, Fri 9 AM - 12 PM, Sat 9 AM - 12 PM, Sun Closed",,,
Stoney Creek,2366,520 Highway #8,,Stoney Creek,Ontario,L8G 1G6,CA,905.664.9449,43.2156963,-79.7132025,"Mon 9 AM - 8 PM, Tue 9 AM - 8 PM, Wed 9 AM - 8 PM, Thu 9 AM - 8 PM, Fri 9 AM - 5 PM, Sat 9 AM - 4 PM, Sun Closed",,,
Waterdown,2367,4-80 Hamilton Street North,Cedar's Plaza,Waterdown,Ontario,L8B 0G8,CA,905.690.7994,43.3331084,-79.8984672,"Mon 9 AM - 8 PM, Tue 9 AM - 8 PM, Wed 9 AM - 8 PM, Thu 9 AM - 8 PM, Fri 9 AM - 5 PM, Sat 9 AM - 12 PM, Sun Closed",,,
Kingston,2369,793 Blackburn Mews,,Kingston,Ontario,K7P 2N6,CA,613.384.7323,44.2507895,-76.5710021,"Mon 9 AM - 8 PM, Tue 9 AM - 8 PM, Wed 9 AM - 8 PM, Thu 9 AM - 8 PM, Fri 9 AM - 5 PM, Sat 9 AM - 4 PM, Sun Closed",,,
Bowmanville,7983,200 King Street East,Unit #2,Bowmanville,Ontario,L1C 1P3,CA,905.419.2428,43.9107738,-78.6789665,"Mon 9 AM - 8 PM, Tue 9 AM - 8 PM, Wed 9 AM - 8 PM, Thu 9 AM - 8 PM, Fri By appointment, Sat 9 AM - 3 PM, Sun Closed",,,
Mississauga Meadowvale,2393,204-6750 Winston Church Boulevard,,Mississauga,Ontario,L5N 4C4,CA,905.824.6680,43.5829776,-79.7650351,"Mon 12 PM - 8 PM, Tue 12 PM - 8 PM, Wed 12 PM - 8 PM, Thu 12 PM - 8 PM, Fri 9 AM - 5 PM, Sat 9 AM - 1 PM, Sun By appointment",,,
Halifax,2455,6270 Quinpool Road,,Halifax,Nova Scotia,B3L 1A3,CA,902.423.4484,44.6452544,-63.5978386,"Mon 9 AM - 8 PM, Tue 9 AM - 8 PM, Wed 9 AM - 8 PM, Thu 9 AM - 8 PM, Fri 9 AM - 5 PM, Sat 9 AM - 4 PM, Sun Closed",,,
Bayview Woods,7491,207-5915 Leslie Street,,North York,Ontario,M2H 1J8,CA,416.498.4040,43.798366,-79.369805,"Mon 9 AM - 8 PM, Tue 9 AM - 8 PM, Wed 9 AM - 8 PM, Thu 9 AM - 8 PM, Fri 9 AM - 5 PM, Sat 9 AM - 4 PM, Sun Closed",,,
Waterloo,2373,10 Fischer-Hallman Road,,Waterloo,Ontario,N2L 2X3,CA,519.725.3577,43.4525018,-80.553605,"Mon 9 AM - 8 PM, Tue 9 AM - 8 PM, Wed 9 AM - 8 PM, Thu 9 AM - 8 PM, Fri 9 AM - 5 PM, Sat 9 AM - 4 PM, Sun Closed",,,
Hammonds Plains,2456,21 Glen Arbour Way,Willowbrae Childcare Academy,Hammonds Plains,Nova Scotia,B4B 0L8,CA,902.423.4484,44.7272867,-63.7453378,"Mon 9 AM - 8 PM, Tue 9 AM - 8 PM, Wed 9 AM - 8 PM, Thu 9 AM - 8 PM, Fri 9 AM - 5 PM, Sat 9 AM - 4 PM, Sun Closed",,,
Bedford,2454,540 Southgate Drive,Suite 203,Bedford,Nova Scotia,B4A 0C9,CA,902.405.4116,44.7038301,-63.6792525,"Mon 9 AM - 8 PM, Tue 9 AM - 8 PM, Wed 9 AM - 8 PM, Thu 9 AM - 8 PM, Fri 9 AM - 5 PM, Sat 9 AM - 4 PM, Sun Closed",,,
Kitchener,2372,1425 Weber Street East,,Kitchener,Ontario,N2A 3A7,CA,519.896.7281,43.431971,-80.439163,"Mon 9 AM - 8 PM, Tue 9 AM - 8 PM, Wed 9 AM - 8 PM, Thu 9 AM - 8 PM, Fri 9 AM - 5 PM, Sat 9 AM - 4 PM, Sun Closed",,,
Kingston East,2371,10-235 Gore Road,,Kingston,Ontario,K7L 5H6,CA,613.549.7327,44.259494,-76.456258,"Mon 9 AM - 8 PM, Tue 9 AM - 8 PM, Wed 9 AM - 8 PM, Thu 9 AM - 8 PM, Fri 9 AM - 5 PM, Sat 9 AM - 4 PM, Sun Closed",,,
London North,2377,580 Fanshawe Park Road East,Unit 3,London,Ontario,N5X 1L1,CA,519.645.0651,43.0342951,-81.2567336,"Mon 9 AM - 8 PM, Tue 9 AM - 8 PM, Wed 9 AM - 8 PM, Thu 9 AM - 8 PM, Fri 9 AM - 3 PM, Sat 9 AM - 12 PM, Sun Closed",,,
LaSalle,2374,5844 Malden Road,Unit 24A Town Centre Plaza,LaSalle,Ontario,N9H 1S4,CA,519.966.0682,42.2482081,-83.0605968,"Mon 9 AM - 7 PM, Tue 9 AM - 7 PM, Wed 9 AM - 7 PM, Thu 9 AM - 7 PM, Fri 9 AM - 5 PM, Sat By appointment, Sun Closed",,,
Leaside,2375,1820 D Bayview Ave,,Leaside,Ontario,M4G 4G7,CA,416.489.0511,43.7126934,-79.3773947,"Mon 9 AM - 8 PM, Tue 9 AM - 8 PM, Wed 9 AM - 8 PM, Thu 9 AM - 8 PM, Fri 9 AM - 6 PM, Sat 8:30 AM - 3 PM, Sun 9 AM - 1 PM",,,
Maple,2378,2937 Major Mackenzie Drive,,Maple,Ontario,L6A 3N9,CA,905.417.3322,43.8497007,-79.5352026,"Mon 12 PM - 8 PM, Tue 12 PM - 8 PM, Wed 12 PM - 8 PM, Thu 12 PM - 8 PM, Fri 9 AM - 5 PM, Sat 9 AM - 1 PM, Sun By appointment",,,
High Park,2370,406 Pacific Ave,Unit B,High Park,Ontario,M6P 2R4,CA,416.762.4447,43.6658585,-79.4688117,"Mon 9 AM - 8 PM, Tue 9 AM - 8 PM, Wed 9 AM - 8 PM, Thu 9 AM - 8 PM, Fri 9 AM - 5 PM, Sat 9 AM - 4 PM, Sun Closed",,,
London Byron,2376,208-1240 Commissioners Rd West,,London,Ontario,N6K 1C7,CA,519.472.3321,42.9591963,-81.3312834,"Mon 9 AM - 8 PM, Tue 9 AM - 8 PM, Wed 9 AM - 8 PM, Thu 9 AM - 8 PM, Fri 9 AM - 5 PM, Sat 10 AM - 12 PM, Sun Closed",,,
Don Valley,7597,2810 Victoria Park Ave #110,,North York,Ontario,M2J 4A9,CA,416.502.9628,43.788562,-79.330468,"Mon 9 AM - 8 PM, Tue 9 AM - 8 PM, Wed 9 AM - 8 PM, Thu 9 AM - 8 PM, Fri 9 AM - 5 PM, Sat 9 AM - 4 PM, Sun Closed",,,
Scarborough Central,8283,33 Lapsley Rd,,Scarborough,Ontario,M1B 1K1,CA,647.800.4787,43.7958284,-79.227377,"Mon 9 AM - 8 PM, Tue 9 AM - 8 PM, Wed 9 AM - 8 PM, Thu 9 AM - 8 PM, Fri 9 AM - 12 PM, Sat 9 AM - 3 PM, Sun Closed",,,
Richmond Hill North,2379,209A-10720 Yonge Street,,Richmond Hill,Ontario,L4C 3C9,CA,905.737.5650,43.8894257,-79.4415319,"Mon 9 AM - 8 PM, Tue 9 AM - 8 PM, Wed 9 AM - 8 PM, Thu 9 AM - 8 PM, Fri 9 AM - 3 PM, Sat 9 AM - 1 PM, Sun Closed",,,
West Vancouver,2448,1760 Marine Drive,Suite 202,West Vancouver,British Columbia,V7V 1J4,CA,604.922.5566,49.3286183,-123.1621449,"Mon 9 AM - 8 PM, Tue 9 AM - 8 PM, Wed 9 AM - 8 PM, Thu 9 AM - 8 PM, Fri 9 AM - 6 PM, Sat By appointment, Sun Closed",,,
Vancouver Kerrisdale,2446,2115 W. 38th Ave.,,Vancouver,British Columbia,V6M 1R8,CA,604.266.6000,49.2374441,-123.156026,"Mon 9 AM - 8 PM, Tue 9 AM - 8 PM, Wed 9 AM - 8 PM, Thu 9 AM - 8 PM, Fri 9 AM - 5 PM, Sat 9 AM - 4 PM, Sun Closed",,,
Paris,10707,1084 Rest Acres Road,Unit #13,Paris,Ontario,N3L 0B5,CA,519.209.8099,43.17903,-80.38504,"Mon 12 PM - 8 PM, Tue 12 PM - 8 PM, Wed 12 PM - 8 PM, Thu 12 PM - 8 PM, Fri 12 PM - 8 PM, Sat 9 AM - 12 PM, Sun Closed",,,
Victoria,2447,203-1595 McKenzie Ave.,,Victoria,British Columbia,V8N 1A4,CA,250.477.5550,48.4685644,-123.3328318,"Mon 10 AM - 7 PM, Tue 9:30 AM - 8 PM, Wed 10 AM - 7 PM, Thu 9:30 AM - 8 PM, Fri 10 AM - 6 PM, Sat 10 AM - 5 PM, Sun Closed",,,
Richmond,2444,200-7380 Westminster Highway,,Richmond,British Columbia,V6X 1A1,CA,604.233.5566,49.1700724,-123.1414756,"Mon 9 AM - 8 PM, Tue 9 AM - 8 PM, Wed 9 AM - 8 PM, Thu 9 AM - 8 PM, Fri 9 AM - 5 PM, Sat 9 AM - 4 PM, Sun Closed",,,
North Vancouver,2443,101-1975 Lonsdale Avenue,,North Vancouver,British Columbia,V7M 2K3,CA,604.990.8850,49.3268907,-123.0723757,"Mon 12 PM - 7 PM, Tue 12 PM - 7 PM, Wed 12 PM - 7 PM, Thu 12 PM - 7 PM, Fri 12 PM - 7 PM, Sat 10 AM - 4 PM, Sun Closed",,,
Coquitlam,2441,206-1194 Lansdowne Drive,,Coquitlam,British Columbia,V3E 1J7,CA,604.464.3090,49.2839294,-122.8093779,"Mon 9 AM - 8 PM, Tue 9 AM - 8 PM, Wed 9 AM - 8 PM, Thu 9 AM - 8 PM, Fri 9 AM - 5 PM, Sat 9 AM - 4 PM, Sun Closed",,,
South Surrey,2442,#205-15149 Hwy 10,Panorama Shopping Village,Surrey,British Columbia,V3S 9A5,CA,604.575.1494,49.104802,-122.803761,"Mon 9 AM - 8 PM, Tue 9 AM - 8 PM, Wed 9 AM - 8 PM, Thu 9 AM - 8 PM, Fri 9 AM - 5 PM, Sat 9 AM - 4 PM, Sun Closed",,,
Edmonton Windermere,17256,<span style=,6259 Andrews Loop SW,Edmonton,Alberta,T6W 3G9,CA,587.524.6060,53.428954,-113.588142,"Mon 9AM - 8 PM, Tue 9AM - 8 PM, Wed 9AM - 8 PM, Thu 9AM - 8 PM, Fri 9AM - 7 PM, Sat 9AM - 4 PM, Sun Closed",,,
Vancouver Oakridge,17257,Opening Soon<br>,5516 Cambie Street,Vancouver,British Columbia,V5Z 3Y5,CA,604.559.5557,49.234751,-123.115667,,,,
Erin Mills,2389,3185 Unity Drive,2nd Floor,Mississauga,Ontario,L5L 4L5,CA,905.369.6610,43.5365613,-79.7099918,"Mon 12 PM - 8 PM, Tue 12 PM - 8 PM, Wed 12 PM - 8 PM, Thu 12 PM - 8 PM, Fri 9 AM - 5 PM, Sat 9 AM - 1 PM, Sun By appointment",,,
Unionville,2384,9-8601 Warden Ave,,Unionville,Ontario,L3R 0B5,CA,905.513.8186,43.8578652,-79.3321652,"Mon 10 AM - 8 PM, Tue 10 AM - 8 PM, Wed 10 AM - 8 PM, Thu 10 AM - 8 PM, Fri 9 AM - 3 PM, Sat 9 AM - 3 PM, Sun Closed",,,
Milton,2387,741-743 Main Street East,,Milton,Ontario,L9T 3Z3,CA,905.693.9978,43.5240172,-79.8714489,"Mon 8:30AM - 8 PM, Tue 8:30AM - 8 PM, Wed 8:30AM - 8 PM, Thu 8:30AM - 8 PM, Fri 8:30AM - 6 PM, Sat 9 AM - 1 PM, Sun Closed",,,
Richmond Hill South,2385,9011 Leslie Street,Suite 201,Richmond Hill,Ontario,L4B 3B6,CA,905.709.4545,43.846012,-79.3826142,"Mon 9 AM - 8 PM, Tue 9 AM - 8 PM, Wed 9 AM - 8 PM, Thu 9 AM - 8 PM, Fri 9 AM - 5 PM, Sat 9 AM - 4 PM, Sun Closed",,,
Niagara Falls,2395,6837 Thorold Stone Road,,Niagara Falls,Ontario,L2J 1B2,CA,905.353.8500,43.1150673,-79.1108786,"Mon 12 AM - 8 PM, Tue 12 AM - 8 PM, Wed 12 AM - 8 PM, Thu 12 AM - 8 PM, Fri 9 AM - 5 PM, Sat 9 AM - 12 PM, Sun Closed",,,
Markham South  Scarborough,2383,213-5005 Steeles Ave East,,Toronto,Ontario,M1V 5K1,CA,905.201.8372,43.828043,-79.2875191,"Mon 11 AM - 9 PM, Tue 11 AM - 9 PM, Wed 11 AM - 9 PM, Thu 11 AM - 9 PM, Fri 11 AM - 4 PM, Sat 10 AM - 2 PM, Sun Closed",,,
Richmond Hill West,2380,9325 Yonge Street,Unit 15,Richmond Hill,Ontario,L4C 0A8,CA,905.292.3501,43.8542007,-79.4326184,"Mon 9 AM - 8 PM, Tue 9 AM - 8 PM, Wed 9 AM - 8 PM, Thu 9 AM - 8 PM, Fri 9 AM - 5 PM, Sat 9 AM - 4 PM, Sun Closed",,,
North Bay,2396,1-343 Airport Rd.,,North Bay,Ontario,P1B 8W8,CA,705.472.0972,46.3357838,-79.4589795,"Mon 9 AM - 8 PM, Tue 9 AM - 8 PM, Wed 9 AM - 8 PM, Thu 9 AM - 8 PM, Fri 9 AM - 5 PM, Sat 9 AM - 4 PM, Sun Closed",,,
Kitchener South,8131,1193 Fischer-Hallman Road,Unit 350,Kitchener,Ontario,N2R 0H3,CA,519.744.7860,43.4038276,-80.4973328,"Mon 11 AM - 9 PM, Tue 11 AM - 9 PM, Wed 11 AM - 9 PM, Thu 11 AM - 9 PM, Fri 11 AM - 9 PM, Sat By Appointment Only, Sun By Appointment Only",,,
Newmarket,2394,16925 Yonge Street,Unit 20,Newmarket,Ontario,L3Y 5Y1,CA,905.954.1100,44.041095,-79.476127,"Mon 10 AM - 8 PM, Tue 10 AM - 8 PM, Wed 10 AM - 8 PM, Thu 10 AM - 8 PM, Fri 10 AM - 3 PM, Sat 9 AM - 12 PM, Sun Closed",,,
Markham Boxgrove,2381,86 Copper Creek Drive,"Unit 3, Markham Boxgrove Plaza",Markham,Ontario,L6B 0P2,CA,905.471.0133,43.8671448,-79.2286032,"Mon 10 AM - 8 PM, Tue 10 AM - 8 PM, Wed 10 AM - 8 PM, Thu 10 AM - 8 PM, Fri By appointment, Sat 9 AM - 3 PM, Sun Closed",,,
Markham East,2382,2-9275 Highway 48,,Markham,Ontario,L6E 1A1,CA,905.201.2700,43.893176,-79.263681,"Mon 9 AM - 8 PM, Tue 9 AM - 8 PM, Wed 9 AM - 8 PM, Thu 9 AM - 8 PM, Fri 9 AM - 5 PM, Sat 9 AM - 4 PM, Sun Closed",,,
North York Lawrence Plaza,2398,201A-3130 Bathurst Street,,North York,Ontario,M6A 2A1,CA,416.781.1225,43.7205126,-79.4302411,"Mon 12 PM - 8 PM, Tue 12 PM - 8 PM, Wed 12 PM - 8 PM, Thu 12 PM - 8 PM, Fri 9 AM - 5 PM, Sat 9 AM - 4 PM, Sun Closed",,,
Tecumseh,2419,13300 Tecumseh Road East,Suite 290,Tecumseh,Ontario,N8N 4R8,CA,519.739.2951,42.3135126,-82.8701949,"Mon 9 AM - 8 PM, Tue 9 AM - 8 PM, Wed 9 AM - 8 PM, Thu 9 AM - 8 PM, Fri 9 AM - 5 PM, Sat 9 AM - 4 PM, Sun Closed",,,
Stouffville,2418,11873 Ninth Line,,Stouffville,Ontario,L4A 1H6,CA,905.640.1020,43.960063,-79.254493,"Mon 7 AM - 8 PM, Tue 7 AM - 8 PM, Wed 7 AM - 8 PM, Thu 7 AM - 8 PM, Fri 7 AM - 6 PM, Sat 9 AM - 3 PM, Sun Closed",,,
St. Catharines,2416,24-100 Fourth Avenue,,St.Catharines,Ontario,L2S 3P1,CA,905.685.8141,43.1541862,-79.2662164,"Mon 9 AM - 8 PM, Tue 9 AM - 8 PM, Wed 9 AM - 8 PM, Thu 9 AM - 8 PM, Fri 9 AM - 5 PM, Sat 9 AM - 4 PM, Sun Closed",,,
York Mills,2399,1865 Leslie Street,Suite 201,York Mills,Ontario,M3B 2M3,CA,647.341.7323,43.7549361,-79.3604204,"Mon 9 AM - 8 PM, Tue 9 AM - 8 PM, Wed 9 AM - 8 PM, Thu 9 AM - 8 PM, Fri 9 AM - 5 PM, Sat 9 AM - 4 PM, Sun Closed",,,
Scarborough East,2414,"91 Rylander Blvd., Suite 205",Abbey Lane Plaza,Scarborough,Ontario,M1B 5M5,CA,416.208.6990,43.7976794,-79.1537618,"Mon 9 AM - 8 PM, Tue 9 AM - 8 PM, Wed 9 AM - 8 PM, Thu 9 AM - 8 PM, Fri 9 AM - 5 PM, Sat 9 AM - 4 PM, Sun Closed",,,
Port Credit,2392,347 Lakeshore Rd East,Unit 5,Mississauga,Ontario,L5G 1H6,CA,905.891.2500,43.5627245,-79.5738067,"Mon 9 AM - 8 PM, Tue 9 AM - 8 PM, Wed 9 AM - 8 PM, Thu 9 AM - 8 PM, Fri 9 AM - 5 PM, Sat 9 AM - 4 PM, Sun Closed",,,
