store_name,store_number,address,address2,city,state,zip_code,country,phone_number,latitude,longitude,store_hours,store_type,other_fields,coming_soon
Silverlust,692,1338 C Westheimer,,Houston,TX,77006,USA,713-520-5440,29.7431508,-95.38872,,,,
Maida's,624,5727 Westheimer Rd.       Ste K,,Houston,TX,77057,USA,713-629-9091,29.7503969,-95.4935119,,,,
Unique J,723,400 W Bay Area Blvd.      Suite C,,Webster,TX,77598,USA,281-332-6552,29.5450583,-95.1379946,,,,
G. Nonsense,545,28533 Tomball Pkway.,,Tomball,TX,77375,USA,281-351-7005,30.0887558,-95.6323394,,,,
Fullen J.,539,2215 Post Office St.,,Galveston,TX,77550,USA,409-763-0555,29.4345626,-94.6812086,,,,
FULLEN J.,761,2215 POST OFFICE ST.,,GALVESTON,TX,77550,,,29.4345626,-94.6812086,,,,
Nederland J.,651,3308 Hwy 365,,Nederland,TX,77627,USA,409-724-2045,29.9714027,-93.9980485,,,,
Mathews J.,631,126 Strickland Dr.,,Orange,TX,77630,USA,409-886-7233,30.0971729,-93.7647087,,,,
The Jeweler,713,1911 N. Austin Ave.       Suite 103,,Georgetown,TX,78626,USA,512-868-2228,30.6487339,-97.633113,,,,
Victoria's Fine J.,726,401 South Austin St.,,Rockport,TX,78382,USA,361-729-4457,28.093921,-97.0713572,,,,
Murphey The J. Ii,645,1725 C Troupe Hwy.,,Tyler,TX,75701,USA,903-592-7730,32.3181571,-95.2799854,,,,
The Classic Touch Fine J.,712,1298 Prospect Suite# 1 T,,La Jolla,CA,92037,USA,858-412-3474,30.5328251,-98.361845,,,,
Melancon J.,765,2423 Veterans Memorial Dr.,,Abbeville,LA,70510,,,29.9776889,-92.1072166,,,,
William Barthman J. Ltd.,730,176 Broadway,,New York,NY,10038-2511,USA,212-732-0890,40.7098002,-74.0094839,,,,
Malsons Jewelers,625,464 86th.street,,Brooklyn,NY,11209,USA,718-491-6666,40.6212119,-74.0329499,,,,
William Barthman J. Ltd.,731,1118 Kings Highway,,Brooklyn,NY,11229,USA,718-375-1818,40.5988077,-73.9447994,,,,
West Essex J.,729,889 Bloomfield Ave.,,N. Caldwell,NJ,07006,USA,973-227-0234,40.8533338,-74.2998667,,,,
Darien J.,517,85 Diamond Bridge Ave.,,Hawthorne,NJ,07506,USA,973-427-1452,40.948815,-74.159986,,,,
Sidney Thomas J.,740,1200 Morris Turnpike,,Short Hills,NJ,07078,,(973) 379-5500,40.7396366,-74.3656369,,,,
F.r.s. Discount J. Inc.,535,877 Saw Mille River Rd.,,Ardsley,NY,10502,USA,914-993-9256,41.019092,-73.8430857,,,,
Guida J.,562,124 E. Main Street        Ste. 105,,Denville,NJ,07834,USA,973-625-1225,40.8889758,-74.4818698,,,,
Earth Treasures J,782,178 State Route 35 South,,Eatontown,NJ,07724,,732-542-5444,40.2919345,-74.0540293,,,,
Coin Of The Realm Ltd.,503,P.o. Box N-4845,,Nassau,0,00000,USA,2423224862,40.672904,-73.4160739,,,,
Cooper's Creations,508,725 Cookman Ave.,,Asbury Apark,NJ,07712,USA,908-774-7977,40.2158783,-74.0128501,,,,
Gemaginations Ltd.,549,9 N Windsor Ave.,,Brightwaters,NY,11718,USA,631-666-4181,40.7276613,-73.2676903,,,,
Steven Chiarelli J.,700,474 Brick Blvd.,,Brick,NJ,08723,USA,732-920-7554,40.0508979,-74.1357407,,,,
Dorothy's J.,527,22 Railroad Ave.,,Sayville,NY,11782,USA,631-218-9360,40.7363789,-73.0826481,,,,
Trent J.,720,16 Edinburg Road,,Mercerville,NJ,08619,USA,609-584-8800,40.2370279,-74.6877912,,,,
Fairfield Center J. Inc.,536,1498 Post Rd.,,Fairfield,CT,06824,USA,203-259-5693,41.1413193,-73.257891,,,,
Mark Pratico J,628,876 White Horse Ave,,Trenton,NJ,08610,USA,609-585-6363,40.2034714,-74.6966968,,,,
Gemsmith J. Design Gallery,551,1402 Hooper Ave.,,Toms River,NJ,08753,USA,732-505-9191,39.9741059,-74.1592278,,,,
Marvin Scott &amp Co.,630,669 Heacock Road,,Yardley,PA,19067,USA,215-321-0790,40.2221575,-74.8710988,,,,
Michaels J.,636,445 S. Oxford Rd.,,Fairlles Hil,PA,19030,USA,215-547-5155,40.1699415,-74.850776,,,,
Marvin Scott &amp Co.,629,4920 York Rd.             P.o. Box 291,,Buckingham,PA,18912,USA,215-794-7673,40.3251809,-75.056004,,,,
Carroll's J.,747,470 North Main St.,,Doylestown,PA,18901,,215-345-6277,40.321812,-75.1329448,,,,
Douglas J.,785,1745 S Easton Rd,,Doylestown,PA,18901,,215-491-3939,40.2726206,-75.1266634,,,,
Robertson J.,764,2 Bank Street,,New Milford,CT,06776,,860 354-5365,41.5777148,-73.4111378,,,,
Legacy J.,741,1361 Fairview Blvd,,Delran,NJ,08075,,856-544-3383,40.0168308,-74.9438104,,,,
Huntington Fine J,781,10633 S. Western Ave,,Oklahoma City,OK,73170,,405-692-4300,35.3619193,-97.5306982,,,,
European J &amp G,534,205 Crossroads Blvd.,,Carmel,CA,93923,USA,831-624-3555,36.5369867,-121.9086761,,,,
Stephan-hill Designers,698,1226 Fourth St.,,San Rafael,CA,94901,USA,415-459-5808,37.973516,-122.5301071,,,,
Leighton's Of Merced,617,514 W. 18th St.,,Merced,CA,95340,USA,209-722-5906,37.3025519,-120.4831688,,,,
Mara Shepard Designer J.,627,350 Coddingtown Mall,,Santa Rosa,CA,95401,USA,707-575-5700,38.4565704,-122.7270266,,,,
Poole's J,664,1258 Stabler Lane         Ste #140,,Yuba City,CA,95993,USA,530-673-7000,39.1459069,-121.6444756,,,,
Roza's J.,678,302 W. D St.,,Lemoore,CA,93245-2942,USA,559-924-5231,36.3021977,-119.7854635,,,,
Del Rancho Inc.,519,3663 Avocado Boulevard,,La Mesa,CA,91941,USA,619-670-5802,32.7465686,-116.9628512,,,,
La Masters Of Fine J.,614,26780 Ynez Court Ste. A,,Temecula,CA,92591,USA,951-699-5719,33.5273381,-117.1147095,,,,
Music Box &amp Clock Shoppe,646,114 La Plaza,,Palm Spring,CA,92262,USA,760-322-6280,33.8222469,-116.5463835,,,,
Lory's West Inc. / Xiv Karat,623,314 S. Beverly Dr.,,Beverly Hill,CA,90212,USA,310-551-1212,34.061515,-118.398842,,,,
Sarah Leonard Fine J.,751,1055 Westwood Blvd. Westwood Village,,Los Angeles,CA,90024,,(310) 208-3131,34.0614551,-118.4456569,,,,
Houston J.,775,14019 Ventura Blvd,,Sherman Oaks,CA,91423,,818 783 1122,34.1494288,-118.438095,,,,
Sand &amp Stone Llc.,684,2850 S. Pacific Ave.      Suite P,,Yuma,AZ,85365,USA,928-344-4443,33.2276646,-114.0488007,,,,
Chestnut Hill J.,500,8138 Germantown Ave.,,Philadelphia,PA,19118,USA,215-248-2014,40.0729031,-75.2026223,,,,
Bar-kay J.,484,408 Huntingdon Pike,,Jenkintown,PA,19046,USA,215-379-2100,40.081443,-75.090965,,,,
More Than Just Rings,642,2001 College Dr.          Blackwood,,Clementon,NJ,08021,USA,856-627-0199,39.8031872,-75.0240921,,,,
Natale J.,647,288 Egg Harbor,,Sewell,NJ,08080,USA,856-228-2800,39.7622516,-75.1195107,,,,
Billig J. Inc.,487,330 Rt 73 South,,Marlton,NJ,08053,USA,856-983-2300,39.8890976,-74.9235468,,,,
Kronenberger J.,608,Crosskeys Plaza           417 Stokes Rd. Ste #3,,Medford,NJ,08055,USA,609-654-2234,39.8630611,-74.8156199,,,,
"Koehler's, Inc.",604,11 N. Broad St.,,Lansdale,PA,19446,USA,215-855-3627,40.2284948,-75.3062326,,,,
Kaplan's Fine J.,597,111 West Market St.,,West Chester,PA,19382,USA,610-431-4640,39.9591159,-75.6061668,,,,
Indulgence J.,580,4001 Kennett Pike         Ste. 130,,Greenville,DE,19807,USA,302-426-9811,39.7847832,-75.6091696,,,,
Janvier J.,586,543 Christiana Mall,,Newark,DE,19702,USA,302-366-7448,39.6807806,-75.6516478,,,,
Dondero's J.,525,2439 N. Delsa Dr.,,Vineland,NJ,08360,USA,856-691-1164,39.4787827,-75.0377502,,,,
Del Haven J.,749,140 Peoples Plaza,,Newark,DE,19702,,302-834-8500,39.6027693,-75.7465327,,,,
Susan Bella J. Inc.,703,1746  W. Allen St.,,Allentown,PA,18104,USA,610-434-8001,40.5977756,-75.5393155,,,,
Wm H DIller J.,742,601 Penn Ave,,West Reading,PA,19611,,610 372 0019,40.3360304,-75.9497845,,,,
Van Scoy Of Reading,724,Broadcasting Square Ctr.  2733 Papermill Rd. St.x-3,,Wyomissimg,PA,19610,USA,610-374-9330,40.3380072,-75.9753516,,,,
Begeman &amp Co.,486,30 63rd St.,,Willowbrook,IL,60527,USA,630-325-9000,41.7750176,-87.9486244,,,,
Ancona J.,474,1570 W. Lake St.,,Addison,IL,60101,USA,630-775-9000,41.9320859,-88.0020589,,,,
Jacqueline's of Northbrook,771,1163 Church Street,,Northbrook,IL,60062,,847 205-9600,42.1310399,-87.8250878,,,,
Aaa J. Exchange,470,1205-b Ogden Ave. Ste.b,,Downers Grov,IL,60515,USA,630-852-0003,41.8132909,-88.0216334,,,,
Jacqueline's of Highland Park,770,209 Skokie Valley Rd,,Highland Park,IL,60035,,847 597-1400,42.1568472,-87.8038169,,,,
Krystyna's J &amp G,610,14180 Mccarthy Rd.,,Lemont,IL,60439,USA,630-243-1707,41.6642734,-87.9659245,,,,
Tee Jay Originals,711,462 Central Ave.,,Highland Par,IL,60035,USA,847-432-4636,42.1862661,-87.797263,,,,
Rahl J.,667,3001 N.barrington Rd.,,Hoffman Esta,IL,60192,USA,847-765-3000,42.0779519,-88.1400796,,,,
Zembar J.,739,1269 N. Cedar Rd.,,New Lenox,IL,60451,USA,815-485-7280,41.5291426,-87.9666856,,,,
Perlman Fine J.,662,301 W. State St.,,Geneva,IL,60134,USA,630-262-9090,41.888235,-88.307999,,,,
Oak Ridge J.,655,329 N. Halleck St.,,Demotte,IN,46310,USA,219-987-3400,41.205891,-87.197687,,,,
Rasmussen D.,670,6220 Washington Ave.,,Racine,WI,53406,USA,262-884-9474,42.7198424,-87.8565827,,,,
Sullivan J.,702,2095 Calhoun Road,,Brookfield,WI,53005,USA,262-641-2995,43.0717382,-88.099845,,,,
Hopman J.,575,100 North Main Street,,Elkhart,IN,46516-3037,USA,574-293-3632,41.6792072,-85.9406745,,,,
Arnold's J. &amp Gifts,478,3900 Lexington Rd.        Ste. 600,,Logansport,IN,46947,USA,574-722-4321,40.7807397,-86.3782198,,,,
Stall &amp Kessler's D. Ctr.,696,333 Columbia St.,,Lafayette,IN,47901-1315,USA,765-742-1259,40.4175762,-86.8897655,,,,
Talisman,706,2033 Oak Industrial Dr Ne,,Grand Rapids,MI,49505-6076,USA,616-458-1391,43.0043693,-85.6332093,,,,
Davidson J.,766,153 Avenue of the Cities,,East Moline,IL,61244,,309-755-9233,41.4905865,-90.4578546,,,,
Smith's J.,695,98 North 9th St.,,Nobelsville,IN,46060,USA,317-773-3383,40.046418,-86.013251,,,,
Mcgivern's Inc.,634,2227 Jersey Ridge Rd.,,Davenport,IA,52803,USA,563-355-4362,41.5349127,-90.5588787,,,,
Giganti &amp Giganti Fine J.,752,3325 Robbins Rd.,,Springfield,IL,62704,,217.793.3300,39.754546,-89.713221,,,,
Siemer &amp Sons Inc.,691,5673 Rapid Run,,Cincinnati,OH,45238-4124,USA,513-922-0720,39.1118233,-84.6343206,,,,
Preferred J.,542,481 E. Kemper Rd.,,Cincinnati,OH,45246,USA,513-671-2000,39.2851789,-84.4629494,,,,
William Effler J.,732,2692 Madison Road         Suite C-2,,Cincinnati,OH,45208-1327,USA,513-631-3099,39.1335733,-84.4356468,,,,
Weber  J.,727,3109 Far Hills Ave.,,Dayton,OH,45429,USA,937-643-9600,39.7020849,-84.171291,,,,
E.d.c.,528,7245 Far Hills Ave.,,Dayton,OH,45459-4206,USA,937-434-0003,39.640118,-84.158379,,,,
Herzog J. Design,570,5600 Kent Shire Dr.       Suite 6,,Kettering,OH,45440,USA,937-438-0985,39.6720868,-84.0960056,,,,
Kruger,609,404 4th St.,,Huntingburg,IN,47542,USA,812-683-4376,38.296272,-86.955228,,,,
Leo Alfred J.,619,4115 Dublin Grandville Rd,,Dublin,OH,43017,USA,614-889-5888,40.0987443,-83.1014307,,,,
Star J. on High,772,607   N High St,,Columbus,OH,43215,,614-235-4333,39.9748257,-83.0033138,,,,
Edward Warren J.,530,1610 Crosscreeks Blvd.,,Pickerington,OH,43147-8189,USA,614-755-9229,39.898703,-82.7562895,,,,
Parrish J,659,307 N. 36th Street        Suite# 211,,Quincy,IL,62301,USA,217-223-6764,33.4514758,-112.004118,,,,
Native Traditions,648,7233 East Main St.,,Scottsdale,AZ,85251,USA,480-423-8874,33.493011,-111.9251812,,,,
Randolph Manufacturing,669,1231 W. Key Harbor Dr.,,Gilbert,AZ,85233,USA,480-926-3454,33.330727,-111.817237,,,,
Park Place Gems,756,10639 E Jensen St,,Mesa,AZ,85207,,480-442-3847,33.447315,-111.600934,,,,
William Thigpen J.,735,442 North Wilmot,,Tucson,AZ,85711,USA,520-886-5557,32.2269066,-110.857311,,,,
Mona M J. Sales &amp Repairs,641,101 W Hillside Rd #3,,Laredo,TX,78041,USA,956-726-1211,27.5455676,-99.4921918,,,,
Knights J.,603,8200 Stockdale Hwy.       Suite D-8,,Bakersfield,CA,93311,USA,661-397-5070,35.1268513,-119.1855785,,,,
Stockdale J.,701,5466 California Ave.,,Bakersfield,CA,93309,USA,661-322-5951,35.3576404,-119.0619289,,,,
Gems Of Jungle,550,136 N. 4th Street         Ste. 1280,,Lake Mary,FL,32746,USA,407-322-8880,28.7571267,-81.3509416,,,,
D. Exchange,514,3016 E. Colonial Dr.,,Orlando,FL,32803,USA,407-894-9055,28.5542151,-81.3454417,,,,
Ligato's Fine J,620,80 Baylor Dr. Ste.106,,Bluffton,SC,29910,USA,843-757-8865,32.2299039,-80.8765205,,,,
Nature Coast G.smith,650,7223 Forest Oaks Blvd.,,Spring Hill,FL,34606,USA,0,28.4912899,-82.5977014,,,,
Fletcher Yearta J.,537,125 N. Main St.,,Sylvester,GA,31791,USA,229-776-2047,31.5258279,-83.8356602,,,,
Pentaltha,755,2903 Apalachee Pkwy,,Tallahassee,FL,32301,,,30.4266713,-84.230372,,,,
Hodges J. Of Camilla,571,42 W. Broad Street,,Camilla,GA,31730,USA,229-336-1399,31.2311174,-84.2103688,,,,
Blu Boutique,489,735 Dodecanese Blvd.      Ste. 15-16,,Tarpon Sprin,FL,34689,USA,727-938-3347,28.1436975,-82.7670745,,,,
New York D. Center,653,29909 U.s. Highway 19 N.,,Clearwater,FL,33761,USA,727-724-3311,28.0305402,-82.7185282,,,,
Philipson's J. Inc.,663,2468 State Road 580,,Clearwater,FL,33761,USA,727-723-9400,28.0305402,-82.7185282,,,,
Continental Wholesale D.,506,1715 N Westshore Blvd.,,Tampa,FL,33607,USA,813-282-7375,27.9575802,-82.5232544,,,,
Johnston J.,591,10401 Seminole Blvd.,,Seminole,FL,33770,USA,727-393-5822,27.867401,-82.786672,,,,
Carranza Y Carranza S.a.,497,1920 South Main Street    Suite#180,,Mcallen,TX,78503,USA,956-682-6244,27.5679076,-81.5142261,,,,
Karat Patch,598,901 Providence Rd.,,Charlotte,NC,28207,USA,0,35.1928527,-80.823938,,,,
Donald Haack Inc.,524,3900 Colony Road          Suite-e,,Charlotte,NC,28211,USA,704-365-4400,35.1660032,-80.7934798,,,,
J. On Main,584,118 N. Main Street,,Mooresville,NC,28115,USA,704-663-4554,35.5829359,-80.812612,,,,
Garris J. Inc.,548,965 North Main Street,,Lancaster,SC,29720,USA,803-283-2415,34.732592,-80.7749521,,,,
Lancaster Pawn &amp J.,615,1548 Great Falls Hwy.,,Lancaster,SC,29720-0230,USA,803-289-1100,34.6979018,-80.7774394,,,,
Dana Inc.,515,108 N. Main Ave.,,Newton,NC,28658-3214,USA,828-466-1999,35.6607773,-81.229853,,,,
Jones &amp Jones,593,101 N. State St.          Po Box  696,,Yadkinville,NC,27055,USA,336-679-8022,36.1346973,-80.6600305,,,,
Helms J.,760,211 East Washington St,,Rockingham,NC,28379,,(910)895-2936,34.9395073,-79.7732932,,,,
Simon J.,693,1345 N Main St.           Ste 108,,High Point,NC,27262,USA,336-887-9394,35.9679365,-80.0423151,,,,
"Camel Pawn Shop, Inc.",743,422 N. Liberty St.,,Winston-Salem,NC,27101,US,336-723-1057,36.0990764,-80.2452719,,,,
Elkin J.,532,544 Cc Camp Rd.           Ste 1300,,Elkin,NC,28621,USA,336-835-6357,36.3301314,-80.7990185,,,,
Mikel's,638,1800 Johnson Marina Rd.,,Chapin,SC,29036,USA,803-730-4178,34.12253,-81.277777,,,,
Royal Diadem J.,677,2130-p New Garden Rd.,,Greensboro,NC,27410,USA,336-288-7211,36.127028,-79.8856824,,,,
Michael's J.,637,4840 Forest Dr.,,Columbia,SC,29206,USA,803-782-0808,34.0172171,-80.9635041,,,,
Mountain J.,644,205 Pineola St.,,Newland,NC,28657,USA,828-733-0186,36.0865551,-81.9275042,,,,
Heathcliff J. Inc.,567,1000 Gervais St.,,Columbia,SC,29201-3130,USA,803-256-8362,34.000058,-81.036602,,,,
Cochran,502,211 N Main Street,,Greenville,SC,29601,USA,864-233-3641,34.8505552,-82.394,,,,
John Laughter Jewelry,773,1800 Hendersonville Road,,Asheville,NC,28803,,828-274-5770,35.5059875,-82.5243859,,,,
Parkers Karat Patch,658,311 Weaverville Hwy.      P.o. Box 8279,,Asheville,NC,28804,USA,828-645-7111,35.6601632,-82.5808428,,,,
Rhudy's Inc.,671,2410 Murchison Rd.,,Fayetville,NC,28301-3599,USA,910-488-7571,35.0637521,-78.8722341,,,,
Holland,573,211 S. Salem St.,,Apex,NC,27502,USA,919-362-6210,35.7286931,-78.8526602,,,,
Bob's J. Shop,490,4280 Fayetteville Road,,Lumberton,NC,28358,USA,910-739-3431,34.661535,-78.8835548,,,,
John Laughter Jewelry,774,456 N Main St,,Waynesville,NC,28786,,828-456-4772,35.4936751,-82.9834832,,,,
Green's J. Inc.,560,101 N. Main St.,,Roxboro,NC,27573,USA,336-599-8381,36.393845,-78.9836,,,,
Stan Johnson Inc.,697,605 1/2 Edgefield Rd.,,N. Augusta,SC,29841,USA,803-279-0776,33.5413685,-81.9408123,,,,
Shanfields-meyers,688,"188 Ouellette Ave.        Windsor, Ontario",,Canada,*,N9A1A4,USA,5192536098,42.3184369,-83.0395777,,,,
Miners Den,639,3417 Rochester Rd.,,Royal Oak,MI,48073-2895,USA,248-585-6950,42.5183235,-83.15954,,,,
Emery's Creative J.,791,30975 Orchard Lake Road,,Farmington Hills,MI,48334,,248-855-2064,42.5245,-83.3618417,,,,
Tapper's,708,6337 Orchard Lake Road,,W. Bloomfiel,MI,48322-2336,USA,248-932-7700,42.5454865,-83.3594698,,,,
Haig P.r. J. Inc.,563,311 Main St.,,Rochester,MI,48307-2031,USA,248-652-3660,42.6797716,-83.1341073,,,,
C.w. Petersen J.,494,306 S. Main St.           Suite Llb,,Ann Arbor,MI,48104,USA,734-769-1369,42.2660881,-83.7146001,,,,
Cooper &amp Binkley J.,507,105 West Main St.,,Brighton,MI,48116,USA,810-227-2221,42.5293437,-83.780717,,,,
Barany Jewelers,778,3702 Center Rd,,Brunswick,OH,44212,,330-220-4367,41.2382601,-81.8190672,,,,
Don Basch J.,523,509 East Aurora Road,,Macadonia,OH,44056,USA,330-467-2116,41.3145517,-81.5203432,,,,
Anstett J.,476,3 Albert St               Clinton On,,Canada,*,NOM1LO,USA,5194823901,43.6172143,-81.5397477,,,,
Huff’s Fine J. Inc.,746,25A North Main Street,,Fredericktown,OH,43019,,740-694-1722,40.4814837,-82.5435937,,,,
Gene's J.,552,112 N. Park Ave.,,Warren,OH,44481,USA,330-393-4363,41.236359,-80.8176469,,,,
Aebischer's,472,68 S. Main St.,,Poland,OH,44514,USA,330-757-4685,41.0240732,-80.6143253,,,,
L &amp C Inc.,613,Maple Square Plaza        2944 E. State St.,,Hermitge,PA,16148,USA,724-342-7122,41.2230058,-80.4326521,,,,
Germani's J,783,39 North Mercer Street,,New Castle,PA,16101,,724-652-6861,41.0012341,-80.3457458,,,,
Josef Inc.,595,9155 Hwy 72 #18,,Germantown,TN,38138,USA,901-758-1700,44.6700619,-84.801714,,,,
Treasure Hunt,718,South Hills               1680 Washington Rd.,,Pittsburgh,PA,15241,USA,412-851-9991,40.3205701,-80.0870155,,,,
L. J. Marks Co. Inc.,790,650 Washington RD,Suite 101,Pittsburgh,PA,15228,,412 561 2930,40.3812921,-80.0449133,,,,
Brooks Diamonds,768,"717 Liberty Ave,Suite 303",,Pittsburgh,PA,15222,,412.434.6007,40.4427705,-79.9994015,,,,
Goldstock J.,759,717 Liberty Ave Suite 203,,Pittsburgh,PA,15222,,412-281-1789,40.4427705,-79.9994015,,,,
Treasure Hunt,719,9361 Route 30             Irwin Plaza,,N. Huntingto,PA,15642,USA,724-864-9991,40.3184305,-79.7175517,,,,
Doron D. Merchant,786,510 Perkins Extended,,Memphis,TN,38117,,901-763-3921,35.1174787,-89.9078664,,,,
Robert Irwin J.,672,376 Perkins Ext.suite 100,,Memphis,TN,38117,USA,901-682-4553,35.1103341,-89.901957,,,,
Brasfield's J. Store,492,1314 Main St.,,Humboldt,TN,38343,USA,731-784-9714,35.819636,-88.917644,,,,
Tara &amp Co.,709,2719 E. Race Ave,,Searcy,AR,72143-4661,USA,501-268-4684,35.2244528,-91.7344155,,,,
Britt J.,784,104 N. Sharpe Ave,,Cleveland,MS,38732,,662-843-8162,33.7451188,-90.721581,,,,
Paul's J.,660,113 Front St.             Po Box 188,,Indianola,MS,38751,USA,662-887-3234,33.4529557,-90.6509735,,,,
Keepsakes Inc.,601,7203 Sheridan Rd.         Suite B,,Whitehall,AR,71602,USA,870-247-3949,34.29047,-92.1253854,,,,
Hunt,576,Southdale Shpg.ctr.       Hwy.12,,Starkville,MS,39759,USA,662-323-1442,33.4776589,-88.8263006,,,,
G. Connection,543,P.o. Box 668              971 Us Hwy. 43,,Winfield,AL,35594,USA,205-487-4949,33.928355,-87.816732,,,,
Gregory J.,561,1 East 6th Street,,Mtn. Home,AR,72653,USA,870-425-2542,36.3354169,-92.3853109,,,,
Jimmy Smith Inc.,588,2019 Sixth Ave S.e.       Suite 2,,Decatur,AL,35601,USA,256-353-2512,34.627813,-87.0424393,,,,
Young J. Inc.,753,401 West 19th Street,,Jasper,AL,35501,,205-221-6194,33.8320499,-87.2788524,,,,
Juniker Co.,596,4500 I-55 Frontage Rd.    Suite 116,,Jackson,MS,39211,USA,601-366-3754,32.3730312,-90.1261013,,,,
Ed White J.,529,1704 Second Ave. Nw,,Cullman,AL,35055,USA,256-734-3661,34.195698,-86.854431,,,,
Jackson J.,585,253 Ridge Way             Lake Land Commons,,Flowood,MS,39232,USA,601-992-1700,32.341551,-90.0699309,,,,
Joel Clarke And Sons J.,589,2475 Lakeland Dr.         Suite H,,Flowood,MS,39232,USA,601-983-2600,32.3220478,-90.102718,,,,
Donny's D. Gallery,789,2510 Memorial Pkway. SW,,Huntsville,AL,35801,,256-534-2293,34.7116217,-86.5910469,,,,
Susan Eisen J.,704,5857 N. Mesa #19,,El Paso,TX,79912,USA,915-584-0022,31.827079,-106.526991,,,,
Chippers J.,762,21291 SR 410 E.,,Bonney Lake,WA,98391,,(253) 863-7077,47.1675696,-122.146592,,,,
Geralds,553,645 N.e. Midway Blvd.,,Oak Harbor,WA,98277,USA,360-675-4500,48.303359,-122.643964,,,,
Del's J. &amp Gifts,520,837 Lincoln Ave.,,Steamboat Sp,CO,80477,USA,0,40.49,-106.83,,,,
John Greenan &amp Sons,590,1314 Fenwick Lane,,Silver Sprin,MD,20910,USA,301-587-2717,38.9974032,-77.0312774,,,,
Little Treasury J.,621,2506 New Market Lane,,Gambrills,MD,21054,USA,410-721-7100,39.0439857,-76.6701475,,,,
Hunt Valley J.,577,9832 York Rd.             Ste. 2a,,Cockeysville,MD,21030,USA,410-666-5556,39.5116069,-76.6990172,,,,
Saxon's,686,217 Baltimore Pike,,Bel Air,MD,21014,USA,410-879-6077,39.5317688,-76.3521514,,,,
Scott &amp Co.,687,2 Lincoln Way East,,New Oxford,PA,17350,USA,717-624-1444,39.8640451,-77.0553132,,,,
Tompkins Inc.,715,266 N. Washington Hwy.,,Ashland,VA,23005,USA,804-798-7307,37.7609146,-77.4715636,,,,
Kuhn's J.,611,107 W. Main Street,,Salisbury,MD,21801-4904,USA,410-742-3256,38.4001474,-75.632447,,,,
William Jeffrey's Ltd.,733,9375 Atlee Rd.            Ste. 4105,,Mechanicsville,VA,23116,USA,8047304855,37.6531701,-77.4011068,,,,
G.b. Heron,546,1307 Mt. Hermon Rd.,,Salisbury,MD,21804-5219,USA,410-860-0221,38.3177376,-75.5509602,,,,
Cowardin J.,511,4909 W. Broad St.,,Richmond,VA,23230-3401,USA,804-359-9277,37.5821813,-77.4948027,,,,
Adolf Inc.,471,1537 Parham Rd.,,Richmond,VA,23229,USA,804-285-3671,37.5843082,-77.5734048,,,,
Kokkinos Creative G.,605,11805-h Coastal Hwy.,,Ocean City,MD,21842,USA,410-723-1458,38.4234728,-75.0562714,,,,
Kranich's Inc.,607,5580 Goods Lane           Suite,,Altoona,PA,16602-2811,USA,814-944-4575,40.4694508,-78.4089381,,,,
B &amp J,481,3637 Tanyard Rd,,Lafayette,TN,37083,USA,615-666-7550,36.4807701,-85.9162828,,,,
Cumberland G.,512,430 South Lowe Ave Ste 25,,Cookeville,TN,38501,USA,931-528-1074,36.2452673,-85.5406209,,,,
Depriest Robbins,521,307 Clinton Ave. West     Suite 220,,Huntsville,AL,35801,USA,256-539-3888,34.7364493,-86.5501654,,,,
Sam Edwards J.,682,2115 Gunbarrel Rd.        Ste. 2,,Chattanooga,TN,37421,USA,423-899-5903,35.041539,-85.1583064,,,,
Karen's J.,600,1120 Oak Ridge Tpke.,,Oakridge,TN,37830,USA,865-483-6717,36.0203991,-84.24784,,,,
Haney J. Co. Inc.,564,P.o.box 37,,Calhoun,GA,30701,USA,706-629-2751,34.5156085,-84.9609464,,,,
Lloyd Williams,758,1805 South Main Street Suite 3,,Corbin,KY,40701,,606-528-4191,36.9328581,-84.0920753,,,,
Couch's J.,509,P.o. Box 97               15 E. 10th St.,,Anniston,AL,36201,USA,256-237-4628,33.6619818,-85.9100089,,,,
Shay's J.,689,3301 Lorna Rd.,,Hoover,AL,35216,USA,205-978-5880,33.3939703,-86.7979453,,,,
Morgan J.,643,695 Main St.,,Melrose,MA,02176-2707,USA,781-662-5855,42.4590981,-71.0627103,,,,
Perella Inc.,661,136 W. Emerson St.,,Melrose,MA,02176,USA,781-665-8900,42.4591161,-71.0693718,,,,
Toodies Inc.,717,1163 Hancock St.,,Quincy,MA,02169-4303,USA,617-479-9464,42.2532299,-71.0052165,,,,
Bonafine J. Inc.,777,319 Woburn Street,,Lexington,MA,02420,,781-862-6111,42.4486521,-71.1995251,,,,
Cooper J.,767,300 Mishawum Road,,Woburn,MA,01801,,781-933-1511,42.5053848,-71.1329919,,,,
Baubles J,485,One Post Office Sq.,,Lynnfield,MA,01940,USA,781-592-6110,42.5145379,-71.0134594,,,,
Elyse J.,533,95 Main St.,,Reading,MA,01867,USA,781-942-4565,42.5412689,-71.1092012,,,,
Gold Bug Co.,556,43 Atlantic Ave.,,Marblehead,MA,01945,USA,781-639-1150,42.4988979,-70.856187,,,,
Desjardins Inc.,522,47 Enon St.               Commodore Plaza,,Beverly,MA,01915,USA,978-922-2149,42.5720581,-70.8476708,,,,
Hopkinton J.,574,1 Chaflin Commons,,Hopkinton,MA,01748,USA,508-435-4737,42.2280236,-71.5235082,,,,
Sachs J./ Inter'l Dia.,681,180 Boston Tpk.,,Shrewsbury,MA,01545,USA,508-792-2300,42.2834603,-71.726659,,,,
Quick Silver,665,29 Lafayette Rd.,,North Hampto,NH,03862,USA,603-964-6541,42.9823441,-70.8238874,,,,
Kehas Fine J.,602,158 Whitford St.,,Manchester,NH,03104,USA,603-622-3109,43.0229977,-71.458944,,,,
G. &amp D. Exchange,540,Rt. 83 8 W. Rd.,,Ellington,CT,06029,USA,860-875-6044,41.9223813,-72.4613191,,,,
Smith and Son J,780,735 Sumner Avenue,,Springfield,MA,01108,,413-736-3262,42.087486,-72.5499378,,,,
Kwan's J.,612,141 Hebron Ave.,,Glastonbury,CT,06033-4223,USA,860-633-3288,41.7056381,-72.5559746,,,,
Rumanoff's,680,4133 Whitney Ave.,,Hamden,CT,06518,USA,203-230-1199,41.4305881,-72.9106202,,,,
Timco J. and Goldsmiths,769,59 Center Street,,Rutland,VT,05701,,802-773-3377,43.606865,-72.977402,,,,
Glennpeter Diamond Centre,788,1505 U.S. 9 #3,,Clifton Park,NY,12065,,518-383-5295,42.8390946,-73.7425185,,,,
Glennpeter Diamond Centre,787,1544  Central Avenue,,Albany,NY,12205,,518 689 3670,42.7144311,-73.8298488,,,,
Camden J.inc.,495,4 Bayview St.,,Camden,ME,04843,USA,207-236-8124,44.2096408,-69.0646038,,,,
Hefez &amp Sons Inc.,568,387 Washington St.        Suite# 701,,Boston,MA,02108,USA,617-451-2797,37.1298063,-113.5162883,,,,
Samara Designs,683,33 N 3rd. Ave.,,Sturgeon Bay,WI,54235,USA,920-743-6036,44.8346603,-87.3766191,,,,
Garcia &amp Co. Inc.,547,4540 E. Main,,Farmington,NM,87402,USA,505-326-7353,36.7914962,-108.1310083,,,,
Toner J.,716,6285 West 135 St.         Suite 310,,Overland Pk.,KS,66223,USA,913-663-3092,38.8630091,-94.6760395,,,,
Silvers J.,745,115 S. Mur-Len,,Olathe,KS,66062,,,38.8822788,-94.7796135,,,,
Golden Classics J.llc.,557,1919 N.commercial St.     P.o. Box 132,,Harrisonvill,MO,64701,USA,816-380-6325,38.6630453,-94.3646343,,,,
David's J.,518,623 Kansas Ave.,,Topeka,KS,66603,USA,785-234-4808,39.0509113,-95.6741148,,,,
Mcadams' Ltd.,632,1501 Old Highway 63 South,,Columbia,MO,65201,USA,573-442-3151,38.951674,-92.332541,,,,
Long J. Iii Inc.,622,701 N. Battlefield Blvd.,,Chesapeke,VA,23320-4951,USA,757-436-1920,36.7578013,-76.2131474,,,,
Natural Creations,649,2501 N. Croatan Hwy.,,Kill Devil H,NC,27948,USA,252-255-2015,36.045266,-75.679365,,,,
Brewers,493,228 Main St.,,Tarboro,NC,27886,USA,252-823-1199,35.9704327,-77.4462077,,,,
Baker's Inc.,482,612 Office Park Dr.       Suite #1,,Bryant,AR,72022,USA,501-847-9130,35.5397503,-77.0451677,,,,
A.w. Watkins,469,100 South Main Street     P.o. 187,,Blackstone,VA,23840,USA,434-292-3230,37.0795756,-77.9979365,,,,
Floyd G. Robinson J. Inc.,538,633 Red Banks Rd.         Arlington Village,,Greenville,NC,27858,USA,252-321-7000,35.5371999,-77.3209555,,,,
Arthur's J.,479,111 N. Bridge St.,,Bedford,VA,24523,USA,540-586-8034,37.334929,-79.523574,,,,
Atlanta West J.,480,6740 Douglas Blvd.,,Douglasville,GA,30135,USA,770-489-8600,33.6630087,-84.7524482,,,,
A &amp J J. Inc.,468,1575 Scenic Hwy N         Ste 200,,Snellville,GA,30078,USA,678-344-1022,33.8639894,-84.0273168,,,,
Iroff &amp Son,582,3960 Old Miton Pkwy.,,Alpharetta,GA,30005,USA,770-751-7222,34.0952227,-84.2173403,,,,
Windsor J.,738,2635 Washington Rd.,,Augusta,GA,30904,USA,706-738-7777,33.4775837,-82.013465,,,,
Charlotte's J.,499,8161 Vaughn Rd.,,Montgomery,AL,36116,USA,334-396-1919,32.3393273,-86.1719036,,,,
Harold's Fine J.,566,2801 Zelda Rd.,,Montgomery,AL,36106,USA,334-273-0260,32.3512837,-86.2412543,,,,
D &amp D Wholesale J.,513,199 Lee Ave. #442,,Brooklyn,NY,11211,USA,516-333-4885,42.7307828,-93.7452162,,,,
Haywood's Inc.,750,346 Franklin Street,,Rocky Mount,VA,24151,,540-483-5191,36.9979162,-79.892139,,,,
Goldsmith J.,779,2203 Crystal Spring Ave.,,Roanoke,VA,24014,,540.985.3700,37.2485454,-79.9466272,,,,
Ginger's J.,554,3565-C Electric Road,,Roanoke,VA,24018,USA,540-563-5559,37.2251257,-79.9973616,,,,
Palomino J. Corp.,656,9023 Sw 107 Ave.,,Miami,FL,33176,USA,305-275-2725,25.6845945,-80.3654164,,,,
Miral J,640,6508 Nw. 186 Street,,Miami,FL,33015-6004,USA,305-231-9416,25.9422278,-80.3046556,,,,
Wilner's,736,258 S. University Dr.,,Plantation,FL,33324-3306,USA,954-473-9030,26.1193831,-80.2519096,,,,
Daoud Inc.,516,2473 E. Sunrise Blvd.,,Ft. Lauderda,FL,33304-3203,USA,954-565-2734,26.1384435,-80.1131104,,,,
Jon Paul Inc.,592,3353-55 Galt Ocean Dr.,,Ft. Lauderda,FL,33308,USA,954-565-5437,26.16887,-80.0998243,,,,
Couture J.,510,3011 Yamato Rd.           Ste. A11,,Boca Raton,FL,33434,USA,561-305-2296,26.381395,-80.1707662,,,,
Wilson's Dist.,737,11941 Us 1 N.,,N. Palm Beac,FL,33408,USA,561-775-2022,26.850914,-80.0598569,,,,
Argento Galleria,477,27 Southwest Osceola St.,,Stuart,FL,34994,USA,772-223-5552,27.1989233,-80.253448,,,,
Jay's Inc.,587,1625 Nw St Lucie W. Blvd,,Port St. Luc,FL,34986,USA,772-878-8134,27.3258344,-80.4215246,,,,
G. Alan's Fine J.,541,909 W. Midway Rd.,,Ft. Pierce,FL,34982,USA,772-577-6035,27.373982,-80.335547,,,,
Mccarver &amp Moser,633,482 John Ringling Blvd.,,Sarasota,FL,34236,USA,941-388-1331,27.3331293,-82.5456374,,,,
Coin of the Realm,763,Charlotte Street,,Nassau,Bahamas,,,(242) 322-4862,25.0780248,-77.3418127,,,,
Turning On The Charm,722,3218 Greenbrier St.,,Vadnais Heig,MN,55127,USA,651-482-1222,45.0799625,-93.0806386,,,,
Hoff D And G,572,3001 White Bear Ave N.,,Maplewood,MN,55109,USA,651-773-3464,45.0314245,-93.0219876,,,,
G. Karet,544,516 Oneida                P.o Box 196,,Minocqua,WI,54548,USA,715-356-7517,45.8713552,-89.7100442,,,,
Clock &amp Watch Shop,501,824 Gravier St.,,New Orleans,LA,70112,USA,504-523-0061,29.9595769,-90.0770127,,,,
New Orleans Silversmiths,652,600 Chartres St.,,New Orleans,LA,70130,USA,504-522-8333,29.9335594,-90.0700051,,,,
Champagne J.,498,1344 Corporate Square Blv,,Slidell,LA,70458,USA,985-643-2599,30.2835091,-89.7571667,,,,
Hannon J.,565,8430 Bluebonnet Blvd,,Baton Rouge,LA,70810-2823,USA,225-766-8242,30.3505813,-91.0873551,,,,
Selman's J.,754,1311 Delaware Avenue,,McComb,MS,39648,,(601) 684-1517,31.2472466,-90.4687817,,,,
Andy's J.,475,204 Feu Follet Rd.        Ste# 300,,Lafayette,LA,70508,USA,337-593-0282,30.154741,-92.037116,,,,
William S. Nacol J.,734,3802 Johnson Street (b),,Lafayette,LA,70503,USA,337-981-8160,30.1716722,-92.0616178,,,,
Goldstein's J.,558,887 Hillcrest Road,,Mobile,AL,36695,USA,251-460-9050,30.6732022,-88.1900446,,,,
Manning J. Inc.,626,207 W. Laurel Ave.,,Foley,AL,36535-1918,USA,251-943-4771,30.406084,-87.68539,,,,
Rock Hard Designs,673,16 N Palafox St.,,Pensacola,FL,32502,USA,850-438-5119,30.4092776,-87.224508,,,,
Kp Jl.,606,4005 Jackson St. Ext.,,Alexandria,LA,71303-2702,USA,318-448-1177,31.3066755,-92.5197932,,,,
Hutcherson Inc.,578,23 Mayfield Street        Village Plaza Shop. Ctr.,,Monroeville,AL,36460,USA,251-743-3681,31.5319093,-87.3214908,,,,
Michael Genovese,635,12460 Olive Blvd.,,Creve Coeur,MO,63141,USA,314-878-6203,38.6744708,-90.4613189,,,,
Romantique. J.,674,3430c Mc Kelvey Rd.,,Bridgeton,MO,63044,USA,314-291-0048,38.767401,-90.4408037,,,,
Karat Patch,599,437 Market St.,,Lewisburg,PA,17837,USA,570-524-0192,40.963011,-76.886759,,,,
Intuition,581,2300 Yonge St.            Unit 35 C,,Toronto,*,M4P1E4,USA,4164794222,43.707221,-79.3991697,,,,
The Source,714,3300 Monroe Ave.,,Rochester,NY,14618,USA,585-385-6570,43.1156031,-77.55621,,,,
Nimeh Ent. C/o Blueground,654,3349 Monroe Avenue        Pittsford Plaza,,Rochester,NY,14618,USA,585-249-9040,43.1097113,-77.5461078,,,,
Element J.,531,78 Orland Rd.,,Rochester,NY,14622,USA,206-276-3499,43.208651,-77.559378,,,,
West &amp Co.,728,10 Genesee Street,,Auburn,NY,13021,USA,315-253-7000,42.932712,-76.563612,,,,
Skaneateles Inc.,694,15 Jordan St.,,Skaneateles,NY,13152,USA,315-685-3253,42.9462639,-76.4293827,,,,
Ra-lin Inc.,668,625 Burnet Ave.,,Syracuse,NY,13203-2403,USA,315-472-7872,43.0619897,-76.1348944,,,,
Egon Ehrlinspiel J.,757,5914 Bridge St,,E.Syracuse,NY,13057,,315-449-3466,43.0565772,-76.0661431,,,,
Ruby Co. Inc.,679,6 Washington Ave.,,Endicott,NY,13760,USA,0,42.1387904,-76.0739999,,,,
Conti J.,505,532 Hooper Rd.,,Endwell,NY,13760,USA,607-786-9670,42.118725,-76.0184759,,,,
Lennon's Inc.,618,4571 Commercial Drive,,New Hartford,NY,13413,USA,315-768-4200,43.0860486,-75.3169609,,,,
American Brilliant Llc.,473,3209 Courtyard Dr.,,Midland,TX,79705,USA,432-689-2865,32.0688848,-102.0946818,,,,
Lee Read J. Inc.,616,650 E. Sonata  Ln,,Meridian,ID,83642-3020,USA,208-376-8800,43.5644359,-116.4034565,,,,
Ross J.,675,211 N. Washington Ave.,,Scranton,PA,18503,USA,570-346-0123,41.4083003,-75.6633474,,,,
Raco W &amp J,666,228 Wilkes Barre Twp. Blv,,Wilkes Barre,PA,18702,USA,570-826-1087,41.2380702,-75.8626238,,,,
Fellin's J.,776,14 E. Broad St.,,Hazleton,PA,18201,,570-454-7341,40.953704,-75.9739309,,,,
Taylor J. And Design,710,103a East Main,,El Dorado,AR,71730,USA,870-862-6768,33.2118619,-92.6637174,,,,
Tanner Inc.,707,1930 S. State St.,,Salt Lake Ci,UT,84115-2311,USA,801-486-2430,40.7279794,-111.8891537,,,,
Joolz Bar A Bijoux,594,4916 Sherbrooke West,,Westmount,*,H3Z1H3,USA,4383869888,45.4778516,-73.6043531,,,,
Joolz Bar a Bijoux,748,4916 Sherbrooke St. W.,,Westmount,QC,H3Z 1H3,,,45.4778516,-73.6043531,,,,
Hemsley's J.,569,2355-c Transcanadienne,,Pointe Clair,*,H9R5Z5,USA,5146944600,45.4798711,-73.7970915,,,,
