store_name,store_number,address,address2,city,state,zip_code,country,phone_number,latitude,longitude,store_hours,store_type,other_fields,coming_soon
Carvel,,3746 Virginia Beach Boulevard,,"Virginia,Beach",VA,23452,United States,(757) 486-7429,,,Mon-Sun:11:00am - 10:00pm,,,
Carvel,,1223 Nepperhan Ave,,Yonkers,NY,10703,United States,(914) 375-0027,,,Mon-Sun:11:00am - 10:00pm,,,
Carvel,,639 Mclean Ave,,Yonkers,NY,10705,United States,(914) 965-4541,,,Mon-Sun:11:00am - 10:00pm,,,
Carvel,,1178 Yonkers Ave,,Yonkers,NY,10704,United States,(914) 237-4809,,,Mon-Sun:11:00am - 10:00pm,,,
Carvel,,1950 Central Park Ave,,Yonkers,NY,10710,United States,(914) 961-8949,,,Mon-Sun:11:00am - 10:00pm,,,
Carvel,,937 McLean Ave,,Yonkers,NY,10704,United States,(914) 237-6109,,,Mon-Sun:11:00am - 10:00pm,,,
Carvel Express,,1763 University Blvd.,,"Las,Cruces",NM,88001,United States,(575) 522-3355,,,,,,
Carvel Express,,1710 W. Joe Harvey Blvd.,,Hobbs,NM,88240,United States,(575) 492-9852,,,,,,
Carvel,,58-26 Roosevelt Avenue,,Woodside,NY,11377,United States,(718) 205-5978,,,Mon-Sun:11:00am - 10:00pm,,,
Carvel,,270 Hillside Ave,,"Williston,Park",NY,11596,United States,(516) 747-1057,,,Mon-Sun:11:00am - 10:00pm,,,
Carvel,,11 Vets Rd,,Windham,NY,12496,United States,(518) 734-6543,,,,,,
Carvel Express,,100 Main Street,,"White,Plains",NY,10601,United States,(914) 686-1800,,,,,,
Carvel,,801 Carmen Avenue,,Westbury,NY,11590,United States,(516) 333-0441,,,Mon-Sun:11:00am - 10:00pm,,,
Carvel,,1530 Old Country Road,,Westbury,NY,11590,United States,(516) 832-8900,,,,,,
Carvel,,5504 Brush Hollow Road,,Westbury,NY,11590,United States,(516) 333-7595,,,,,,
Carvel,,149-01 14th Ave,,Whitestone,NY,11357,United States,(718) 746-7575,,,Mon-Sun:11:00am - 10:00pm,,,
Carvel,,19 Sunnybrae Blvd,,Yardville,NJ,08620,United States,(609) 585-2299,,,Mon-Sun:11:00am - 10:00pm,,,
Carvel,,1045 Mcbride Avenue,,"Woodland,Park",NJ,07424,United States,(973) 256-3701,,,Mon-Sun:11:00am - 10:00pm,,,
Carvel,,6121 Bergenline Ave,,"West,New,York",NJ,07093,United States,(201) 854-9335,,,Mon-Sun:11:00am - 10:00pm,,,
Carvel,,887 Bloomfield Ave,,"West,Caldwell",NJ,07006,United States,(973) 575-8441,,,"Mon-Sat:10:00am - 9:30pm, Sun:10:00am - 8:00pm",,,
Carvel - Temporarily Closed,,175 Monmouth Rd.,,"West,Long,Branch",NJ,07764,United States,(732) 870-3040,,,"Mon-Thu:11:00am - 9:00pm, Fri-Sat:11:00am - 10:00pm, Sun:11:00am - 9:00pm",,,
Carvel,,305 Valley Road,,Wayne,NJ,07470,United States,(973) 633-7171,,,Mon-Sun:11:00am - 9:00pm,,,
Carvel Express,,3102 Willowbrook,,Wayne,NJ,07470,United States,(973) 785-4007,,,,,,
Carvel,,1561 Morris Ave,,Union,NJ,07083,United States,(908) 687-1820,,,Mon-Sun:10:00am - 10:00pm,,,
Carvel,,807 S Olden Ave,,Trenton,NJ,08610,United States,(609) 392-0707,,,"Mon-Thu:10:00am - 9:00pm, Fri-Sun:10:00am - 9:30pm",,,
Carvel Express,,301 North Green River Road,,Evansville,IN,47715,United States,(903) 753-7786,,,,,,
Carvel Express,,6401 N. Green River Road,,Evansville,IN,47725,United States,(812) 867-0826,,,,,,
Carvel Express,,11160 Veirs Mill Rd,,Wheaton,MD,20902,United States,(301) 962-3100,,,,,,
Carvel,,8310 C. Annaplois Road # 7,,"New,Carrollton",MD,20784,United States,(301) 577-7470,,,"Mon-Thu:12:00pm - 9:30pm, Fri-Sat:12:00pm - 10:00pm, Sun:12:00pm - 9:00pm",,,
Carvel Express,,61 Boston Turnpike Road,,Shrewsbury,MA,01545,United States,(508) 797-6637,,,,,,
Carvel Express,,2 South Station,,Boston,MA,02110,United States,(617) 330-9799,,,,,,
Carvel Express,,619 S. Main Street,,"Smith's,Grove",KY,42171,United States,(270) 563-5250,,,,,,
Carvel Express,,831 Main Street,,Waltham,MA,02451,United States,(781) 788-6637,,,,,,
Carvel Express,,I-95 Mile Marker 81.9,,Aberdeen,MD,21001,United States,,,,,,,
Carvel,,41990 Ford Road,,Canton,MI,48187,United States,(734) 983-9120,,,"Mon-Thu:11:00am - 10:00pm, Fri-Sat:11:00am - 11:00pm, Sun:12:00pm - 10:00pm",,,
Carvel Express,,14341 S Hwy 31,,Gretna,NE,68028,United States,(402) 332-4405,,,,,,
Carvel Express,,3355 W. Stolley Park Road,,"Grand,Island",NE,68803,United States,(308) 384-1261,,,,,,
Carvel Express,,3335 West Wood River Road,,"Grand,Island",NE,68801,United States,(308) 384-1261,,,,,,
Carvel,,109 S Orange Ave,,"South,Orange",NJ,07079,United States,(973) 763-6850,,,Mon-Sun:10:30am - 9:30pm,,,
Carvel,,91 Old Stage Road,,Spotswood,NJ,08884,United States,(732) 251-0656,,,Mon-Sun:11:00am - 10:00pm,,,
Carvel,,900 Easton Ave,,Somerset,NJ,08873,United States,(732) 249-5541,,,Mon-Sun:10:00am - 10:00pm,,,
Carvel Express,,120 Cedar Grove Lane,,Somerset,NJ,08873,United States,(732) 560-5000,,,,,,
Carvel,,116 E Main St,,Ramsey,NJ,07446,United States,(201) 825-1638,,,Mon-Sun:11:00am - 10:00pm,,,
Carvel Express,,64 East Midland Ave.,,Paramus,NJ,07642,United States,(201) 701-1900,,,,,,
Carvel Express,,175 NJ-17S,,Paramus,NJ,07652,United States,(201) 262-0591,,,,,,
Carvel,,268 Franklin Ave,,Nutley,NJ,07110,United States,(973) 542-0081,,,Mon-Sun:11:00am - 10:00pm,,,
Carvel,,2599 Highway 516,,"Old,Bridge",NJ,08857,United States,(732) 679-6887,,,Mon-Sun:10:00am - 10:00pm,,,
Carvel,,451 Bloomfield Avenue,,Newark,NJ,07107,United States,(973) 483-1188,,,Mon-Sun:11:00am - 10:00pm,,,
Carvel,,324 Highway 33,,Mercerville,NJ,08619,United States,(609) 586-7447,,,Mon-Sun:11:00am - 10:00pm,,,
Carvel,,1050 State Highway #34,,Matawan,NJ,07747,United States,(732) 290-7500,,,Mon-Sun:11:00am - 10:00pm,,,
Carvel,,460 County Rd 520 E,,Marlboro,NJ,07746,United States,(732) 946-2777,,,Mon-Sun:11:00am - 10:00pm,,,
Carvel,,278 Ridge Rd,,Lyndhurst,NJ,07071,United States,(201) 438-3884,,,Mon-Sun:11:00am - 10:00pm,,,
Carvel Express,,"122 Eisenhower Parkway, Space #122",,Livingston,NJ,07039,United States,(973) 758-1005,,,,,,
Carvel,,51 Main Street,,Madison,NJ,07940,United States,(973) 966-0104,,,Mon-Sun:11:00am - 10:00pm,,,
Carvel,,733 Route 72 East,,Manahawkin,NJ,08050,United States,(609) 597-8600,,,"Mon-Tue:10:30am - 9:30pm, Wed:11:00am - 10:00pm, Thu:10:30am - 9:30pm, Fri-Sat:11:00am - 10:00pm, Sun:10:30am - 9:30pm",,,
Carvel,,523 Prospect Ave,,"Little,Silver",NJ,07739,United States,(732) 842-8280,,,Mon-Sun:11:00am - 10:00pm,,,
Carvel,,15 N Wood Ave.,,Linden,NJ,07036,United States,(908) 862-5331,,,Mon-Sun:11:00am - 10:00pm,,,
Carvel,,261 Comly Road,,"Lincoln,Park",NJ,07035,United States,(973) 628-9263,,,Mon-Sun:11:00am - 9:00pm,,,
Carvel,,223 Raritan Ave,,"Highland,Park",NJ,08904,United States,(732) 545-2800,,,"Mon-Fri:11:00am - 9:30pm, Sat:12:00pm - 10:30pm, Sun:11:00am - 9:30pm",,,
Carvel,,422 Route 206 South,,Hillsborough,NJ,08844,United States,(908) 874-8516,,,"Mon-Sat:11:00am - 10:00pm, Sun:11:00am - 9:30pm",,,
Carvel,,800 Q Denow Road,,Hopewell,NJ,08525,United States,(609) 818-9060,,,"Mon-Thu:10:00am - 9:00pm, Fri-Sun:10:00am - 9:30pm",,,
Carvel,,Rte 36 & Middle Road,,Hazlet,NJ,07730,United States,(732) 264-6699,,,Mon-Sun:11:00am - 10:00pm,,,
Carvel,,408 Bergen St,,Harrison,NJ,07029,United States,(973) 481-1465,,,Mon-Sun:11:00am - 10:00pm,,,
Carvel Express,,1309 RT 33,,Hamilton,NJ,08690,United States,(609) 584-9600,,,,,,
Carvel,,450 Hackensack Ave.,,Hackensack,NJ,07666,United States,(201) 487-7600,,,"Mon-Fri:10:00am - 9:00pm, Sat:10:00am - 10:00pm, Sun:10:00am - 9:00pm",,,
Carvel,,240 South Summit Avenue,,Hackensack,NJ,07601,United States,(201) 489-4488,,,"Mon-Thu:9:00am - 10:00pm, Fri-Sat:9:00am - 9:00pm, Sun:9:00am - 10:00pm",,,
Carvel,,12-72 River Road,,Fairlawn,NJ,07410,United States,(201) 791-6647,,,Mon-Sun:11:00am - 10:00pm,,,
Carvel Express,,3710 Route 9,,Freehold,NJ,07728,United States,(732) 780-9024,,,,,,
Carvel Express,,84 Route 9 RD#3,,Englishtown,NJ,07726,United States,(732) 851-5400,,,,,,
Carvel,,2595 Woodbridge Ave.,,Edison,NJ,08817,United States,(732) 662-9667,,,Mon-Sun:11:00am - 10:00pm,,,
Carvel,,1199 Amboy Ave,,Edison,NJ,08837,United States,(732) 494-0414,,,"Mon-Tue:10:30am - 10:30pm, Wed:10:30am - 11:00pm, Thu:10:30am - 10:30pm, Fri-Sat:10:30am - 11:00pm, Sun:10:30am - 10:30pm",,,
Carvel,,130 Elmora Avenue,,Elizabeth,NJ,07202,United States,(908) 352-6670,,,Mon-Sun:11:00am - 10:00pm,,,
Carvel,,513 Central Ave,,"East,Orange",NJ,07019,United States,(973) 673-6535,,,Mon-Sun:10:30am - 9:30pm,,,
Carvel,,1191 Saint Georges Ave,,Colonia,NJ,07067,United States,(732) 750-3777,,,Mon-Sun:11:00am - 10:00pm,,,
Carvel,,750 Van Houten Ave,,Clifton,NJ,07013,United States,(973) 773-4737,,,Mon-Sun:11:00am - 10:00pm,,,
Carvel,,371 Brick Blvd,,Bricktown,NJ,08723,United States,(732) 477-7377,,,Mon-Sun:11:00am - 11:00pm,,,
Carvel Express,,3 South Walt Whitman,,"Cherry,Hill",NJ,08034,United States,(856) 429-9323,,,,,,
Carvel,,46 Leonardville Rd,,Belford,NJ,07718,United States,(732) 706-5808,,,Mon-Sun:10:30am - 10:00pm,,,
Carvel,,478 Broadway,,Bayonne,NJ,07002,United States,(201) 858-9034,,,Mon-Sun:10:00am - 10:00pm,,,
Carvel,,586 Bloomfield Ave,,Bloomfield,NJ,07003,United States,(973) 748-6200,,,Mon-Sun:11:00am - 10:00pm,,,
Carvel,,754 Sans Souci Pky,,"Wilkes,Barre",PA,18702,United States,(570) 825-9222,,,Mon-Sun:11:00am - 10:00pm,,,
Carvel Express,,2200 Tanger Boulevard,,Washington,PA,15301,United States,(724) 228-8528,,,,,,
Carvel,,3320 5th St Hwy,,Reading,PA,19605,United States,(610) 921-8632,,,"Mon-Fri:11:00am - 9:00pm, Sat:11:00am - 10:00pm, Sun:11:00am - 9:00pm",,,
Carvel,,2364 Catasauqua Road,,Bethlehem,PA,18018,United States,(610) 866-6655,,,"Mon-Thu:11:00am - 9:00pm, Fri-Sat:11:00am - 10:00pm, Sun:11:00am - 9:00pm",,,
Carvel Express,,5959 Triangle Town Blvd.,,Raleigh,NC,27616,United States,(919) 449-0072,,,,,,
Carvel Express,,310 N. Perkins Road,,Stillwater,OK,74075,United States,(404) 624-0807,,,,,,
Carvel Express,,1012 N. County Rd.,,Clyde,OH,43410,United States,(419) 547-4409,,,,,,
Carvel Express,,888 North County Road 260,,Clyde,OH,43410,United States,(419) 547-8667,,,,,,
Carvel,,11508 Providence Road,,Charlotte,NC,28277,United States,(704) 844-8868,,,"Mon-Thu:11:00am - 9:30pm, Fri-Sat:11:00am - 10:00pm, Sun:12:00pm - 9:30pm",,,
Carvel Express,,"12709 I-45 North, Suite 600",,Willis,TX,40794,United States,(936) 856-7100,,,,,,
Carvel Express,,2012 West Washington Street,,Stephenville,TX,76401,United States,(254) 434-5180,,,,,,
Carvel Express,,"6209 FM 1488, Ste. A",,Magnolia,TX,77354,United States,(281) 259-7444,,,,,,
Carvel Express,,"8751 Highwy 6 South, Suite Z",,Houston,TX,77083,United States,(281) 530-2345,,,,,,
Carvel Express,,3500 McCann Road,,Longview,TX,75605,United States,(903) 753-7786,,,,,,
Carvel Express,,7040 N. Mesa Street #B1,,"El,Paso",TX,79912,United States,(914) 581-7400,,,,,,
Carvel Express,,85 Retail Way,,Williston,VT,05495,United States,(802) 879-2005,,,,,,
Carvel Express,,4834-B Hwy 17 South,,"North,Myrtle,Beach",SC,29582,United States,(843) 272-2663,,,,,,
Carvel Express,,2150 Northwoods Blvd.,,"North,Charleston",SC,29406,United States,(843) 797-3062,,,,,,
Carvel Express,,"4635 Factory Stores Blvd., D115",,"Myrtle,Beach",SC,29579,United States,(843) 236-0368,,,,,,
Carvel Express,,1260 Fording Island Road,,Bluffton,SC,29910,United States,(843) 837-8080,,,,,,
Carvel,,794 Udall Rd,,"West,Islip",NY,11795,United States,(631) 376-1166,,,Mon-Sun:11:00am - 10:00pm,,,
Carvel,,37 S Route 9w,,"West,Haverstraw",NY,10993,United States,(845) 947-1199,,,Mon-Sun:11:00am - 10:00pm,,,
Carvel,,3245 Merrick Rd,,Wantagh,NY,11793,United States,(516) 826-3535,,,Mon-Sun:11:00am - 10:00pm,,,
Carvel,,937 Little East Neck Road,,"West,Babylon",NY,11704,United States,(631) 482-1075,,,Mon-Sun:11:00am - 10:00pm,,,
Carvel,,842 Hempstead Ave,,"West,Hempstead",NY,11552,United States,(516) 538-3400,,,Mon-Sun:11:00am - 10:00pm,,,
Carvel,,174 W Merrick Rd,,"Valley,Stream",NY,11580,United States,(516) 561-9110,,,Mon-Sun:11:00am - 10:00pm,,,
Carvel,,1551 Dutch Broadway,,"Valley,Stream",NY,11580,United States,(516) 568-1426,,,Mon-Sun:11:00am - 10:00pm,,,
Carvel,,650 Columbus Drive,,Thornwood,NY,10594,United States,(914) 495-3590,,,"Mon:10:00am - 9:00pm, Tue-Sat:10:00am - 9:30pm, Sun:10:00am - 9:00pm",,,
Carvel,,2 Depot Sq,,Tuckahoe,NY,10707,United States,(914) 337-0235,,,Mon-Sun:11:00am - 10:00pm,,,
Carvel,,403 Jericho Tpke,,Syosset,NY,11791,United States,(516) 921-9895,,,Mon-Sun:10:00am - 11:00pm,,,
Carvel,,80 Covert Avenue,,"Stewart,Manor",NY,11530,United States,(516) 354-0310,,,Mon-Sun:10:00am - 10:00pm,,,
Carvel,,990 Rossville Avenue,,"Staten,Island",NY,10309,United States,(718) 356-4122,,,Mon-Sun:11:00am - 10:00pm,,,
Carvel,,280-30 Marsh Ave,,"Staten,Island",NY,10314,United States,(718) 761-1367,,,Mon-Sun:11:00am - 10:00pm,,,
Carvel,,1776 Forest Ave,,"Staten,Island",NY,10303,United States,(718) 370-0007,,,Mon-Sun:11:00am - 10:00pm,,,
Carvel,,4332 Amboy Rd,,"Staten,Island",NY,10312,United States,(718) 984-6006,,,Mon-Sun:11:00am - 10:00pm,,,
Carvel,,1111 Hylan Blvd,,"Staten,Island",NY,10305,United States,(718) 816-7807,,,Mon-Sun:11:00am - 10:00pm,,,
Carvel,,480 Forest Avenue,,"Staten,Island",NY,10310,United States,(718) 447-9563,,,Mon-Sun:11:00am - 10:00pm,,,
Carvel,,1775 Richmond Rd,,"Staten,Island",NY,10306,United States,(718) 987-4122,,,Mon-Sun:11:00am - 10:00pm,,,
Carvel,,762 Manor Rd,,"Staten,Island",NY,10314,United States,(718) 494-9679,,,"Mon-Tue:10:30am - 10:30pm, Wed:10:30am - 11:00pm, Thu:10:30am - 10:30pm, Fri-Sat:10:30am - 11:00pm, Sun:10:30am - 10:30pm",,,
Carvel Express,,Mile Post 33 South 16 (Woodbury Toll Barrier) & 15A (Suffern),,Sloatsburg,NY,10974,United States,(845) 753-2073,,,,,,
Carvel,,22 Jobs Lane,,Southampton,NY,11968,United States,(631) 377-3892,,,Mon-Sun:11:00am - 10:00pm,,,
Carvel,,492 Wm Floyd Pky,,Shirley,NY,11967,United States,(631) 281-3130,,,Mon-Sun:11:00am - 10:00pm,,,
Carvel,,25 Montauk Highway,,Sayville,NY,11782,United States,(631) 563-8103,,,Mon-Sun:11:00am - 10:00pm,,,
Carvel,,642 Middle Country Rd # Rt 25,,Selden,NY,11784,United States,(631) 736-2091,,,Mon-Sun:11:00am - 10:00pm,,,
Carvel,,680 Middle Country Road,,"Saint,James",NY,11780,United States,(631) 265-9509,,,Mon-Sun:11:00am - 10:00pm,,,
Carvel Express,,Playland Parkway,,Rye,NY,10580,United States,(914) 813-7000,,,,,,
Carvel,,334 Roslyn Rd,,"Roslyn,Heights",NY,11577,United States,(516) 621-6495,,,Mon-Sun:11:00am - 10:00pm,,,
Carvel,,3311 Veterans Memorial Hwy,,Ronkonkoma,NY,11779,United States,(631) 981-2866,,,Mon-Sun:11:00am - 10:00pm,,,
Carvel,,51 Route 25-A,,"Rocky,Point",NY,11778,United States,(631) 744-1554,,,Mon-Sun:11:00am - 10:00pm,,,
Carvel,,58-24 Myrtle Ave,,Ridgewood,NY,11385,United States,(718) 386-2258,,,Mon-Sun:11:00am - 10:00pm,,,
Carvel,,56-12 Metropolitan Ave.,,Ridgewood,NY,11385,United States,(718) 386-9300,,,Mon-Sun:11:00am - 10:00pm,,,
Carvel,,189 Beach 116th Street,,Rockaway,NY,11694,United States,(718) 945-5877,,,Mon-Sun:11:00am - 10:00pm,,,
Carvel,,199 N. Long Beach Rd.,,"Rockville,Centre",NY,11570,United States,(516) 766-8365,,,Mon-Sun:11:00am - 10:00pm,,,
Carvel,,31-08 30th Ave,,Queens,NY,11102,United States,(718) 274-6500,,,,,,
Carvel,,30 Vassar Road,,Poughkeepsie,NY,12603,United States,(845) 831-0363,,,Mon-Sun:11:00am - 9:00pm,,,
Carvel,,30 Soundview Market Place,,"Port,Washington",NY,11050,United States,(516) 944-7275,,,Mon-Sun:11:00am - 10:00pm,,,
Carvel,,407 Patchogue Rd,,"Port,Jefferson",NY,11776,United States,(631) 331-6600,,,Mon-Sun:11:00am - 10:00pm,,,
Carvel,,785 Old Country Rd,,Plainview,NY,11803,United States,(516) 931-8090,,,Mon-Sun:11:00am - 10:00pm,,,
Carvel,,130 Manetto Hill Rd,,Plainview,NY,11803,United States,(516) 931-7831,,,"Mon-Tue:10:30am - 10:00pm, Wed:10:30am - 10:30pm, Thu:10:30am - 10:00pm, Fri-Sat:10:30am - 10:30pm, Sun:10:30am - 10:00pm",,,
Carvel,,604 N Main St & Rte 1,,"Port,Chester",NY,10573,United States,(914) 939-1487,,,Mon-Sun:11:00am - 10:00pm,,,
Carvel,,465 Boston Post Rd,,"Port,Chester",NY,10573,United States,(914) 937-8880,,,Mon-Sun:11:00am - 10:00pm,,,
Carvel,,505 Bedford Rd,,Pleasantville,NY,10570,United States,(914) 769-8990,,,Mon-Sun:11:00am - 10:00pm,,,
Carvel,,215 E Main St,,Patchougue,NY,11772,United States,(631) 289-2868,,,Mon-Sun:11:00am - 10:00pm,,,
Carvel,,107-20 Atlantic Ave,,"Ozone,Park",NY,11416,United States,(718) 849-6703,,,Mon-Sun:11:00am - 10:00pm,,,
Carvel,,2 Audrey Ave,,"Oyster,Bay",NY,11771,United States,(516) 922-7552,,,Mon-Sun:11:00am - 10:00pm,,,
Carvel,,3286 Long Beach Rd,,Oceanside,NY,11572,United States,(516) 764-7718,,,"Mon-Tue:10:00am - 10:00pm, Wed:10:00am - 10:30pm, Thu:10:00am - 10:00pm, Fri-Sat:10:00am - 10:30pm, Sun:10:00am - 10:00pm",,,
Carvel,,525 Route 25a,,Northport,NY,11768,United States,(631) 261-0309,,,Mon-Sun:11:00am - 10:00pm,,,
Carvel,,3780 Brewerton Rd,,"North,Syracuse",NY,13212,United States,(315) 455-5211,,,Mon-Sun:10:00am - 9:00pm,,,
Carvel,,2241 Jerusalem Ave,,"North,Bellmore",NY,11710,United States,(516) 781-8486,,,Mon-Sun:11:00am - 10:00pm,,,
Carvel,,9 Broadway,,"New,York",NY,10004,United States,(212) 785-5688,,,Mon-Sun:11:00am - 10:00pm,,,
Carvel,,112 John Street,,"New,York",NY,10038,United States,(212) 732-7283,,,,,,
Carvel,,1163 Deer Park Ave,,"North,Babylon",NY,11703,United States,(631) 254-2083,,,Mon-Sun:11:00am - 10:00pm,,,
Carvel,,5 Quaker Ridge Road,,"New,Rochelle",NY,10804,United States,(914) 738-5222,,,Mon-Sun:11:00am - 10:00pm,,,
Carvel,,319 Webster Ave,,"New,Rochelle",NY,10801,United States,(914) 636-5970,,,Mon-Sun:11:00am - 10:00pm,,,
Carvel,,233 East Main Street,,"New,Rochelle",NY,10801,United States,(914) 632-4592,,,Mon-Sun:11:00am - 10:00pm,,,
Carvel,,2445 Jericho Turnpike,,"New,Hyde,Park",NY,11040,United States,(516) 739-3355,,,Mon-Sun:11:00am - 10:00pm,,,
Carvel,,10 N Main St,,"New,City",NY,10956,United States,(845) 634-9764,,,Mon-Sun:11:00am - 10:00pm,,,
Carvel,,49 Rockland Center,,Nanuet,NY,10954,United States,(845) 623-2088,,,Mon-Sun:11:00am - 10:00pm,,,
Carvel Express,,"Mile Post 66 South, NYS Thruway",,Modena,NY,12548,United States,(845) 566-4056,,,,,,
Carvel,,130 Dolson Ave,,Middletown,NY,10940,United States,(845) 343-8041,,,"Mon-Sat:10:30am - 9:00pm, Sun:10:30am - 8:00pm",,,
Carvel,,1289 Middle Country Road,,"Middle,Island",NY,11953,United States,(631) 924-1909,,,Mon-Sun:11:00am - 10:00pm,,,
Carvel,,2144 Merrick Mall,,Merrick,NY,11566,United States,(516) 379-4279,,,Mon-Sun:11:00am - 10:00pm,,,
Carvel,,2301 Route 112,,Medford,NY,11763,United States,(631) 475-1284,,,Mon-Sun:11:00am - 10:00pm,,,
Carvel,,1027 Park Blvd,,"Massapequa,Pk",NY,11762,United States,(516) 541-6627,,,Mon-Sun:11:00am - 10:00pm,,,
Carvel,,998 Hicksville Rd,,Massapequa,NY,11758,United States,(516) 541-5616,,,Mon-Sun:10:00am - 11:00pm,,,
Carvel,,641 Halstead Ave,,Mamaroneck,NY,10543,United States,(914) 381-2883,,,Mon-Sun:11:00am - 10:00pm,,,
Carvel,,2 Mahopac Plz,,Mahopac,NY,10541,United States,(845) 628-7211,,,Mon-Sun:11:00am - 10:00pm,,,
Carvel,,5 Atlantic Avenue,,Lynbrook,NY,11563,United States,(516) 887-2425,,,Mon-Sun:11:00am - 10:00pm,,,
Carvel,,975 West Beech Street,,"Long,Beach",NY,11561,United States,(516) 442-1800,,,Mon-Sun:11:00am - 10:00pm,,,
Carvel,,350 E Montauk Hwy,,Lindenhurst,NY,11757,United States,(631) 225-9766,,,Mon-Sun:11:00am - 10:00pm,,,
Carvel,,280 North Wellwood Avenue,,Lindenhurst,NY,11757,United States,(631) 991-7990,,,Mon-Sun:11:00am - 10:00pm,,,
Carvel,,249-00 Horace Harding Exprway,,"Little,Neck",NY,11362,United States,(718) 279-3832,,,Mon-Sun:11:00am - 10:00pm,,,
Carvel,,154 Gardiners Ave,,Levittown,NY,11756,United States,(516) 731-2255,,,Mon-Sun:11:00am - 11:00pm,,,
Carvel,,386 Portion Rd,,"Lake,Ronkonkoma",NY,11779,United States,(631) 588-3550,,,Mon-Sun:10:30am - 10:00pm,,,
Carvel,,290 Ronkonkoma Avenue,,"Lake,Ronkonkoma",NY,11779,United States,(631) 737-5100,,,Mon-Sun:11:00am - 10:00pm,,,
Carvel Express,,1153 Ulster Avenue,,Kingston,NY,12401,United States,(845) 336-6637,,,,,,
Carvel,,93 Main St,,"Kings,Park",NY,11754,United States,(631) 544-9852,,,Mon-Sun:11:00am - 10:00pm,,,
Carvel Express,,"601-635 Harry L. Drive,",,"Johnson,City",NY,13790,United States,(607) 797-2380,,,,,,
Carvel,,3643 Hill Blvd.,,"Jefferson,Valley",NY,10535,United States,(914) 245-6500,,,Mon-Sun:11:00am - 10:00pm,,,
Carvel,,116-10 Liberty Ave,,Jamaica,NY,11419,United States,(718) 845-6197,,,Mon-Sun:11:00am - 10:00pm,,,
Carvel,,131-18 Merrick Blvd,,Jamaica,NY,11434,United States,(718) 528-8061,,,Mon-Sun:11:00am - 10:00pm,,,
Carvel,,1200-10 East Jericho Turnpike,,Huntington,NY,11743,United States,(631) 351-8552,,,Mon-Sun:11:00am - 10:00pm,,,
Carvel,,210 Wall St,,Huntington,NY,11743,United States,(631) 351-5818,,,"Mon-Tue:11:00am - 10:00pm, Wed:11:00am - 10:30pm, Thu:11:00am - 10:00pm, Fri-Sat:11:00am - 10:30pm, Sun:11:00am - 10:00pm",,,
Carvel,,1840 New York Ave,,"Huntington,Station",NY,11746,United States,(631) 423-6067,,,Mon-Sun:11:00am - 10:00pm,,,
Carvel,,75-65 31st Ave,,"Jackson,Heights",NY,11370,United States,(718) 424-5507,,,Mon-Sun:11:00am - 10:00pm,,,
Carvel,,81-07 Roosevelt Avenue,,"Jackson,Heights",NY,11372,United States,(718) 458-6804,,,Mon-Sun:11:00am - 10:00pm,,,
Carvel,,754 Columbia Street,,Hudson,NY,12534,United States,(518) 671-6236,,,,,,
Carvel,,163-10 Cross Bay Blvd,,"Howard,Beach",NY,11414,United States,(718) 843-3875,,,Mon-Sun:11:00am - 10:00pm,,,
Carvel,,532 D Route 82,,"Hopewell,Junction",NY,12533,United States,(845) 221-2360,,,Mon-Sun:11:00am - 9:00pm,,,
Carvel,,480 Patchogue Holbrook Rd,,Holbrook,NY,11741,United States,(631) 472-2722,,,Mon-Sun:11:00am - 10:00pm,,,
Carvel,,42 W Village Green,,Hicksville,NY,11801,United States,(516) 735-4245,,,Mon-Sun:11:00am - 10:00pm,,,
Carvel,,182 W Old Country Rd,,Hicksville,NY,11801,United States,(516) 681-1690,,,Mon-Sun:11:00am - 10:00pm,,,
Carvel,,318 Jerusalem Ave,,Hempstead,NY,11550,United States,(516) 486-8624,,,Mon-Sun:11:00am - 10:00pm,,,
Carvel,,1344 Peninsula Blvd,,Hewlett,NY,11557,United States,(516) 374-2994,,,Mon-Sun:11:00am - 10:00pm,,,
Carvel,,553 Veterans Hwy,,Hauppauge,NY,11788,United States,(631) 265-7373,,,Mon-Sun:11:00am - 10:00pm,,,
Carvel,,419 N Central Ave,,Hartsdale,NY,10530,United States,(914) 761-3863,,,Mon-Sun:11:00am - 10:00pm,,,
Carvel,,287 Halstead Ave,,Harrison,NY,10528,United States,(914) 835-5081,,,Mon-Sun:11:00am - 10:00pm,,,
Carvel,,73 E Montauk Hwy,,"Hampton,Bays",NY,11946,United States,(631) 728-8145,,,Mon-Sun:11:00am - 10:00pm,,,
Carvel,,51 Broadway,,Greenlawn,NY,11740,United States,(631) 651-5522,,,Mon-Sun:11:00am - 10:00pm,,,
Carvel,,579 Middle Neck Rd,,"Great,Neck",NY,11023,United States,(516) 829-9199,,,Mon-Sun:11:00am - 10:00pm,,,
Carvel,,189 Atlantic Ave,,Freeport,NY,11520,United States,(516) 378-9018,,,Mon-Sun:11:00am - 10:00pm,,,
Carvel,,10321 Metropolitan Ave,,"Forest,Hills",NY,11375,United States,(347) 494-4691,,,Mon-Sun:11:00am - 10:00pm,,,
Carvel Express,,630 Old Country Road,,"Garden,City",NY,11530,United States,(516) 941-9100,,,,,,
Carvel,,362 Franklin Avenue,,"Franklin,Square",NY,11010,United States,(516) 354-9776,,,Mon-Sun:11:00am - 10:00pm,,,
Carvel,,171-15 Northern Blvd,,Flushing,NY,11358,United States,(718) 359-9257,,,Mon-Sun:11:00am - 10:00pm,,,
Carvel,,161-02 Union Turnpike,,Flushing,NY,11366,United States,(718) 591-3801,,,Mon-Sun:11:00am - 10:00pm,,,
Carvel Express,,30-25 Stratton Street,,Flushing,NY,11354,United States,(718) 445-4827,,,,,,
Carvel,,16 South Main Street,,Florida,NY,10921,United States,(845) 651-5500,,,,,,
Carvel,,265-15 Hillside Ave,,"Floral,Park",NY,11004,United States,(718) 343-0392,,,Mon-Sun:11:00am - 10:00pm,,,
Carvel,,400A Horseblock Road,,Farmingville,NY,11738,United States,(631) 698-7752,,,Mon-Sun:11:00am - 10:00pm,,,
Carvel,,3-8 North West Dr S.,,Farmingdale,NY,11735,United States,(516) 694-9756,,,"Mon-Tue:10:00am - 10:00pm, Wed:10:00am - 10:30pm, Thu:10:00am - 10:00pm, Fri-Sat:10:00am - 10:30pm, Sun:10:00am - 10:00pm",,,
Carvel,,477 Bellmore Ave,,Eastmeadow,NY,11554,United States,(516) 538-5060,,,"Mon-Thu:10:00am - 10:00pm, Fri-Sat:10:00am - 11:00pm, Sun:10:00am - 10:00pm",,,
Carvel,,86-51 Broadway,,Elmhurst,NY,11373,United States,(718) 779-0800,,,,,,
Carvel,,262 N Saw Mill River Rd,,Elmsford,NY,10523,United States,(914) 592-4172,,,Mon-Sun:11:00am - 10:00pm,,,
Carvel,,32 Mill Rd,,Eastchester,NY,10709,United States,(914) 793-0855,,,Mon-Sun:11:00am - 10:00pm,,,
Carvel,,178 Route 25a,,"East,Setauket",NY,11733,United States,(631) 689-2920,,,Mon-Sun:11:00am - 10:00pm,,,
Carvel,,436 Atlantic Ave,,"East,Rockaway",NY,11518,United States,(516) 599-5964,,,Mon-Sun:11:00am - 10:00pm,,,
Carvel,,216 E Main St,,"East,Islip",NY,11730,United States,(631) 224-3964,,,Mon-Sun:11:00am - 10:00pm,,,
Carvel,,1918 Jericho Tpke,,"East,Northport",NY,11731,United States,(631) 462-6665,,,Mon-Sun:11:00am - 10:00pm,,,
Carvel,,508A Larkfield Avebue,,"East,Northport",NY,11731,United States,(631) 262-7500,,,Mon-Sun:11:00am - 10:00pm,,,
Carvel,,4322 E Genesse St,,Dewitt,NY,13214,United States,(315) 446-6047,,,Mon-Sun:10:30am - 9:00pm,,,
Carvel,,2134 Deer Park Ave,,"Deer,Park",NY,11729,United States,(631) 595-7051,,,Mon-Sun:11:00am - 10:00pm,,,
Carvel,,137 Bayshore Rd,,"Deer,Park",NY,11729,United States,(631) 595-1890,,,Mon-Sun:11:00am - 10:00pm,,,
Carvel,,2 Westbrook Drive,,"Cortlandt,Manor",NY,10567,United States,(914) 528-2253,,,"Mon:11:30am - 10:00pm, Tue-Thu:11:00am - 10:00pm, Fri-Sat:11:00am - 10:30pm, Sun:11:00am - 10:00pm",,,
Carvel,,24 Old Albany Post Road,,"Croton,On,Hudson",NY,10520,United States,(914) 271-8888,,,"Mon:11:00am - 9:00pm, Tue:11:00am - 10:00pm, Wed:11:00am - 9:30pm, Thu:11:00am - 9:00pm, Fri-Sat:11:00am - 9:30pm, Sun:11:00am - 9:00pm",,,
Carvel,,1075 Merrick Rd,,Copiague,NY,11726,United States,(631) 789-5089,,,"Mon-Tue:10:00am - 10:00pm, Wed:10:00am - 10:30pm, Thu-Fri:10:00am - 10:00pm, Sat:10:00am - 10:30pm, Sun:10:00am - 10:00pm",,,
Carvel,,110 Commack Rd,,Commack,NY,11725,United States,(631) 499-9676,,,Mon-Sun:11:00am - 10:00pm,,,
Carvel,,1064 Motor Pky,,"Central,Islip",NY,11722,United States,(631) 234-9081,,,Mon-Sun:11:00am - 10:00pm,,,
Carvel,,536 Montauk Highway,,"Center,Moriches",NY,11934,United States,(631) 909-8192,,,Mon-Sun:10:30am - 10:00pm,,,
Carvel,,530 Westbury Ave,,"Carle,Place",NY,11514,United States,(516) 333-1349,,,Mon-Sun:11:00am - 10:00pm,,,
Carvel,,2195 Middle Country Rd,,Centereach,NY,11720,United States,(631) 467-9820,,,"Mon-Thu:11:00am - 10:00pm, Fri-Sat:11:00am - 10:30pm, Sun:11:00am - 10:00pm",,,
Carvel,,104 Brewster Ave,,Carmel,NY,10512,United States,(845) 225-0344,,,Mon-Sun:11:00am - 10:00pm,,,
Carvel,,7111 18th Ave.,,Brooklyn,NY,11204,United States,(347) 312-4690,,,Mon-Sun:11:00am - 11:00pm,,,
Carvel,,4702 Avenue N,,Brooklyn,NY,11234,United States,(718) 338-9355,,,Mon-Sun:11:00am - 10:00pm,,,
Carvel,,6510 Bay Parkway,,Brooklyn,NY,11204,United States,(718) 331-9383,,,Mon-Sun:11:00am - 10:00pm,,,
Carvel,,2166 Bath Ave,,Brooklyn,NY,11214,United States,(718) 946-1020,,,Mon-Sun:10:00am - 11:00pm,,,
Carvel,,6924 Fifth Ave,,Brooklyn,NY,11209,United States,(718) 680-0578,,,Mon-Sun:11:00am - 10:00pm,,,
Carvel,,1652 86th Street,,Brooklyn,NY,11214,United States,(718) 236-5928,,,Mon-Sun:11:00am - 10:00pm,,,
Carvel,,8612 3rd Avenue,,Brooklyn,NY,11209,United States,(718) 238-3092,,,Mon-Sun:11:00am - 10:00pm,,,
Carvel,,3594 Nostrand Ave,,Brooklyn,NY,11229,United States,(718) 934-8200,,,Mon-Sun:11:00am - 10:00pm,,,
Carvel,,2744 Coney Island Ave,,Brooklyn,NY,11235,United States,(718) 934-8173,,,Mon-Sun:10:00am - 1:00am,,,
Carvel,,7517 3rd Ave,,Brooklyn,NY,11209,United States,(718) 745-5200,,,Mon-Sun:11:00am - 10:00pm,,,
Carvel,,203 Church Ave,,Brooklyn,NY,11218,United States,(718) 438-9501,,,Mon-Sun:11:00am - 10:00pm,,,
Carvel Express,,Oriental and Irwin Streets on Boardwalk,,Brooklyn,NY,11235,United States,(718) 332-7718,,,,,,
Carvel Express,,569 Myrtle Avenue,,Brooklyn,NY,11205,United States,(718) 783-3744,,,,,,
Carvel,,2231-A Grand Concourse,,Bronx,NY,10453,United States,(718) 329-2253,,,Mon-Sun:11:00am - 10:00pm,,,
Carvel,,5761 Broadway,,Bronx,NY,10463,United States,(718) 796-7253,,,Mon-Sun:11:00am - 10:00pm,,,
Carvel,,1250 Castle Hill Ave,,Bronx,NY,10462,United States,(718) 824-3830,,,Mon-Sun:10:00am - 11:00pm,,,
Carvel,,1006 E 233rd St,,Bronx,NY,10466,United States,(718) 652-6827,,,Mon-Sun:11:00am - 10:00pm,,,
Carvel,,2045 Williamsbridge Rd,,Bronx,NY,10461,United States,(718) 822-0407,,,Mon-Sun:11:00am - 10:00pm,,,
Carvel,,3442 E Tremont Ave,,Bronx,NY,10465,United States,(718) 822-7954,,,Mon-Sun:11:00am - 10:00pm,,,
Carvel,,560 Morris Ave,,Bronx,NY,10451,United States,(718) 402-2300,,,Mon-Sun:11:00am - 10:00pm,,,
Carvel,,2033 Montauk Hwy,,Bridgehampton,NY,11932,United States,(631) 537-2436,,,Mon-Sun:11:00am - 10:00pm,,,
Carvel,,1874 Pleasantville Rd,,"Briarcliff,Manor",NY,10510,United States,(914) 762-4808,,,"Mon-Thu:11:00am - 9:30pm, Fri-Sat:11:00am - 10:00pm, Sun:11:00am - 9:30pm",,,
Carvel,,552 Stewart Ave,,Bethpage,NY,11714,United States,(516) 931-2521,,,Mon-Sun:11:00am - 10:00pm,,,
Carvel,,392-A N Wantagh Ave,,Bethpage,NY,11714,United States,(516) 931-7906,,,Mon-Sun:11:00am - 10:00pm,,,
Carvel,,4246 Hicksville Rd,,Bethpage,NY,11714,United States,(516) 579-1282,,,Mon-Sun:11:00am - 10:00pm,,,
Carvel,,1020 ROUTE 22,,Brewster,NY,10509,United States,(845) 279-6549,,,"Mon-Thu:11:00am - 10:00pm, Fri-Sat:11:00am - 10:30pm, Sun:11:00am - 10:00pm",,,
Carvel,,776 Montauk Highway,,Bayport,NY,11705,United States,(631) 472-1994,,,Mon-Sun:11:00am - 10:00pm,,,
Carvel,,726 Bedford Rd,,"Bedford,Hills",NY,10507,United States,(914) 666-9838,,,Mon-Sun:11:00am - 10:00pm,,,
Carvel,,28-28 Francis Lewis Blvd,,Bayside,NY,11358,United States,(718) 461-0512,,,Mon-Sun:10:00am - 10:00pm,,,
Carvel,,874 Merrick Rd,,Baldwin,NY,11510,United States,(516) 867-9023,,,Mon-Sun:11:00am - 10:00pm,,,
Carvel,,1575 Grand Avenue,,Baldwin,NY,11510,United States,(516) 378-1910,,,Mon-Sun:11:00am - 10:00pm,,,
Carvel,,188 Howells Rd,,"Bay,Shore",NY,11706,United States,(631) 665-5962,,,Mon-Sun:11:00am - 10:00pm,,,
Carvel,,666 Saw Mill River Rd,,Ardsley,NY,10502,United States,(914) 478-4686,,,,,,
Carvel Express,,Mile Marker 447 NY State Thruway,,Angola,NY,14006,United States,(716) 549-0066,,,,,,
Carvel Express,,3322 Wilson Blvd,,Arlington,VA,22201,United States,(703) 248-3226,,,,,,
Carvel,,1101 South Battlefield Boulevard,,Chesapeake,VA,23322,United States,(757) 410-9530,,,"Mon-Thu:10:00am - 9:00pm, Fri-Sat:10:00am - 10:00pm, Sun:10:00am - 9:00pm",,,
Carvel Express,,6170 West Grand Ave,,Gurnee,IL,60031,United States,(847) 855-2900,,,Mon-Sun:11:00am - 10:00pm,,,
Carvel Express,,"4999 Old Orchard Center, B17",,Skokie,IL,60077,United States,(847) 673-2045,,,,,,
Carvel Express,,134 St. Clair Square,,"Fairview,Heights",IL,62208,United States,(618) 632-7567,,,,,,
Carvel,,3983 LaVista Road,,Tucker,GA,30084,United States,(770) 938-8672,,,Mon-Sun:11:00am - 10:00pm,,,
Carvel Express,,2941 Lawrenceville Suwanee Road,,Suwanee,GA,30024,United States,(678) 765-6336,,,,,,
Carvel Express,,"660 W. Crossville Road, Suite 130",,Roswell,GA,30075,United States,(678) 205-1655,,,,,,
Carvel,,5901 S Dixie Hwy,,"West,Palm,Beach",FL,33405,United States,(561) 588-7853,,,"Mon-Sat:11:00am - 10:00pm, Sun:12:00pm - 10:00pm",,,
Carvel,,2076 Haverhill Rd N,,"West,Palm,Beach",FL,33417,United States,(561) 689-1917,,,"Mon-Thu:11:00am - 10:00pm, Fri-Sat:11:00am - 10:30pm, Sun:11:00am - 10:00pm",,,
Carvel,,6302 Forest Hill,,"West,Palm,Beach",FL,33415,United States,(561) 965-2211,,,"Mon-Thu:11:00am - 10:00pm, Fri-Sat:11:00am - 10:30pm, Sun:11:00am - 10:00pm",,,
Carvel,,860 Duluth Hwy,,Lawrenceville,GA,30043,United States,(678) 407-3270,,,"Mon-Tue:11:30am - 9:00pm, Wed-Sun:11:30am - 10:00pm",,,
Carvel,,33223 US Highway 19 N,,"Palm,Harbor",FL,34684,United States,(727) 787-2278,,,Mon-Sun:11:00am - 9:00pm,,,
Carvel,,9360 West Commercial Blvd.,,Sunrise,FL,33351,United States,(954) 900-3313,,,"Mon-Thu:10:00am - 10:00pm, Fri-Sat:10:00am - 11:00pm, Sun:10:00am - 10:00pm",,,
Carvel,,11955 Southern Boulevard,,"Royal,Palm,Beach",FL,33411,United States,(561) 429-5895,,,Mon-Sun:10:00am - 10:00pm,,,
Carvel,,4254 Northlake Boulevard,,"Palm,Beach,Gardens",FL,33410,United States,(561) 691-8004,,,Mon-Sun:11:00am - 10:00pm,,,
Carvel Express,,"715 Christiana Mall, Unit #1536",,Newark,DE,19702,United States,(302) 731-5565,,,,,,
Carvel Express,,530 JFK Memorial Hwy.,,Newark,DE,19702,United States,(302) 731-8599,,,,,,
Carvel Express,,401 Channelside Drive,,Tampa,FL,33602,United States,,,,,,,
Carvel,,1025 Post Rd East,,Westport,CT,06880,United States,(203) 227-6070,,,"Mon-Tue:10:30am - 10:30pm, Wed:10:30am - 11:00pm, Thu:10:30am - 10:30pm, Fri-Sat:10:30am - 11:00pm, Sun:10:30am - 10:30pm",,,
Carvel,,1300 Main St,,Watertown,CT,06795,United States,(860) 274-1462,,,Mon-Sun:10:00am - 10:00pm,,,
Carvel,,Km 6.6 Bo.Cedro Arriba,,Naranjito,PR,00719,United States,(787) 869-6955,,,,,,
Carvel,,Carr. #2 Km 180,,Mayagüez,PR,00680,United States,(787) 819-6793,,,,,,
Carvel,,52 Carretera 149,,"Juana,Dia",PR,00795,United States,(787) 260-5216,,,,,,
Carvel,,"Car, 2 KM 211.5",,Isabela,PR,00662,United States,(787) 830-1010,,,,,,
Carvel,,Avenida Font Mantelo #267,,Humacao,PR,00791,United States,(787) 852-2609,,,,,,
Carvel,,PR2 and PR493 | Space # KK2,,Hatillo,PR,00659,United States,(516) 739-8200,,,,,,
Carvel,,Edificio Carribean Cinemas Rd #1 KM 55.2,,Cayey,PR,00739,United States,(787) 738-0855,,,,,,
Carvel,,Rd 167 KM 19.2,,Bayamon,PR,00956,United States,(787) 730-6705,,,,,,
Carvel,,Carr. 107 KM 2.2,,Aguadilla,PR,00603,United States,(787) 849-4557,,,,,,
Carvel,,Local 103 Carr Est 73 U,,"Barrio,Sur,Cidra",PR,00739,United States,(787) 739-2267,,,,,,
Carvel Express,,10070 N. 90th Street,,Scottsdale,AZ,85258,United States,(480) 657-9449,,,,,,
Carvel Express,,"1140 N. Higley Rd., Ste. 103",,Mesa,AZ,85205,United States,(480) 654-8028,,,,,,
Carvel Express,,Box 801 - South Frontage Rd,,Ehrenberg,AZ,85334,United States,(928) 923-9600,,,,,,
Carvel Express,,4463 Camino de la Plaza,,"San,Ysidro",CA,92173,United States,(619) 746-6565,,,,,,
Carvel Express,,3025 Forni Road,,Placerville,CA,95667,United States,(530) 621-3025,,,,,,
Carvel,,11037 Santa Monica Boulevard,,"Los,Angeles",CA,90025,United States,(310) 444-0011,,,"Mon-Sat:10:00am - 10:00pm, Sun:11:00am - 10:00pm",,,
Carvel Express,,"2500 E.Imperial Hwy., Ste 196",,Brea,CA,92821,United States,(714) 256-1100,,,,,,
Carvel,,700 Watertown Ave,,Waterbury,CT,06708,United States,(203) 754-5518,,,"Mon-Tue:10:30am - 9:30pm, Wed:10:30am - 10:00pm, Thu:10:30am - 9:30pm, Fri-Sun:10:30am - 10:00pm",,,
Carvel,,243 Hartford Turnpike,,Vernon,CT,06066,United States,(860) 875-2278,,,Mon-Sun:11:00am - 10:00pm,,,
Carvel,,650 S Main St,,Torrington,CT,06790,United States,(860) 489-8405,,,Mon-Sun:11:00am - 9:00pm,,,
Carvel,,1575 Barnum Avenue,,Stratford,CT,06614,United States,(203) 380-0033,,,Mon-Sun:11:00am - 10:00pm,,,
Carvel,,1060 Long Ridge Road,,Stamford,CT,06903,United States,(203) 569-3600,,,Mon-Sun:11:00am - 10:00pm,,,
Carvel,,1980 West Main Street,,Stamford,CT,06902,United States,(203) 569-7910,,,Mon-Sun:11:00am - 10:00pm,,,
Carvel,,113 Danbury Rd,,Ridgefield,CT,06877,United States,(203) 438-7424,,,Mon-Sun:11:00am - 10:00pm,,,
Carvel,,456 Main St,,Norwalk,CT,06851,United States,(203) 846-3002,,,"Mon-Thu:11:00am - 9:30pm, Fri-Sat:11:00am - 10:00pm, Sun:11:00am - 9:30pm",,,
Carvel,,324 Connecticut Avenue,,Norwalk,CT,06820,United States,(203) 831-0300,,,"Mon-Thu:11:00am - 9:30pm, Fri-Sat:11:00am - 10:00pm, Sun:11:00am - 9:30pm",,,
Carvel,,1018 Main St,,Newington,CT,06111,United States,(860) 667-1467,,,Mon-Sun:11:00am - 10:00pm,,,
Carvel,,14 Danbury Rd,,"New,Milford",CT,06776,United States,(860) 354-3554,,,"Mon-Thu:10:00am - 9:00pm, Fri-Sun:10:00am - 9:30pm",,,
Carvel,,778 New Haven Road,,Naugatuck,CT,06770,United States,(203) 723-7770,,,Mon-Sun:11:00am - 10:00pm,,,
Carvel,,1081 Bridgeport Ave,,Milford,CT,06460,United States,(203) 874-1427,,,,,,
Carvel Express,,Exit 39,,Milford,CT,06460,United States,,,,,,,
Carvel Express,,1 Civic Center Plaza,,Hartford,CT,06103,United States,(203) 318-1566,,,,,,
Carvel,,2864-A Main Street,,Glastonbury,CT,06033,United States,(860) 633-2881,,,Mon-Sun:11:00am - 10:00pm,,,
Carvel,,1 Padanaram Rd,,Danbury,CT,06811,United States,(203) 792-3428,,,Mon-Sun:11:00am - 10:00pm,,,
Carvel Express,,20-A Killingworth Turnpike,,Clinton,CT,06413,United States,(860) 235-4537,,,,,,
Carvel,,650 Farmington Avenue,,Bristol,CT,06010,United States,(860) 845-8736,,,Mon-Sun:11:00am - 10:00pm,,,
Carvel,,1668 Park Ave,,Bridgeport,CT,06604,United States,(203) 333-7200,,,Mon-Sun:11:00am - 10:00pm,,,
Carvel,,401 West Main St,,Avon,CT,06001,United States,(860) 409-0582,,,Mon-Sun:11:00am - 10:00pm,,,
Carvel,,725 Ne 167th St,,"N,Miami,Beach",FL,33162,United States,(305) 651-9193,,,Mon-Sun:11:00am - 10:00pm,,,
Carvel Express,,"Airside 4, Main Lobby Area",,Orlando,FL,32827,United States,,,,,,,
Carvel Express,,One Airport Boulevard,,Orlando,FL,32827,United States,,,,,,,
Carvel,,9330 Miller Rd,,Miami,FL,33165,United States,(305) 279-4407,,,Mon-Sun:11:00am - 10:00pm,,,
Carvel,,13071 North Kendall Drive,,Miami,FL,33186,United States,(305) 386-5440,,,"Mon-Thu:11:00am - 10:00pm, Fri-Sat:11:00am - 11:00pm, Sun:11:00am - 10:00pm",,,
Carvel,,3781 W Flagler St,,Miami,FL,33134,United States,(305) 642-1499,,,Mon-Sun:10:00am - 11:30pm,,,
Carvel,,8349 West Flagler St.,,Miami,FL,33144,United States,(305) 264-8776,,,Mon-Sun:11:00am - 10:00pm,,,
Carvel,,12224 S.W. 8th Street,,Miami,FL,33184,United States,(305) 223-2285,,,Mon-Sun:10:00am - 11:30pm,,,
Carvel Express,,2003 Lion County Safari Road,,Loxahatchee,FL,33470,United States,(561) 793-1084,,,,,,
Carvel,,6608 Hypoluxo Rd.,,"Lake,Worth",FL,33467,United States,(561) 966-7289,,,"Mon-Thu:11:00am - 10:00pm, Fri-Sat:11:00am - 10:30pm, Sun:11:00am - 10:00pm",,,
Carvel,,"6230 W. Indiantown Road, Ste. # 1 & 2",,Jupiter,FL,33458,United States,(561) 748-2601,,,Mon-Sun:11:00am - 10:00pm,,,
Carvel,,1407 West 49th Street,,Hialeah,FL,33012,United States,(305) 557-4117,,,Mon-Sun:11:00am - 11:30pm,,,
Carvel,,4900 E 4th Avenue,,Hialeah,FL,33013,United States,(305) 823-1571,,,Mon-Sun:10:00am - 11:30pm,,,
Carvel,,3600 W Commercial Blvd,,"Fort,Lauderdale",FL,33309,United States,(954) 731-7339,,,"Mon-Sat:9:00am - 10:00pm, Sun:11:00am - 10:00pm",,,
Carvel,,6859 Sterling Road,,Davie,FL,33314,United States,(954) 585-0300,,,Mon-Sun:11:00am - 10:30pm,,,
Carvel,,5621 Coral Ridge Drive,,"Coral,Springs",FL,33076,United States,(954) 757-2760,,,Mon-Sun:11:00am - 10:00pm,,,
Carvel,,9176 Glades Rd,,"Boca,Raton",FL,33434,United States,(561) 482-1600,,,"Mon-Thu:10:00am - 10:00pm, Fri-Sat:10:00am - 10:30pm, Sun:10:00am - 10:00pm",,,
Carvel,,255 Spanish River Boulevard,,"Boca,Raton",FL,33431,United States,(561) 394-0411,,,Mon-Sun:11:00am - 10:00pm,,,
