store_name,store_number,address,address2,city,state,zip_code,country,phone_number,latitude,longitude,store_hours,store_type,other_fields,coming_soon
FOURTEENJAY,,14 JAY ST ,,NEW YORK ,NY,10013-2849,United States,646-869-5970,,,,,,
Relax Foot Spa,,202 HESTER ST ,,NEW YORK ,NY,10013-3640,United States,212-226-8288,,,,,,
Scott J Salon @ SOHO/WEST BROADWAY,,456 W BROADWAY FL 2 ,,NEW YORK ,NY,10012-3141,United States,212-254-7547,,,,,,
Spoke & Weal Soho,,147 GRAND ST ,,NEW YORK ,NY,10013-3105,United States,646-869-1052,,,,,,
Aveda Institute - New York,,233 SPRING ST ,,NEW YORK ,NY,10013-1522,United States,877-283-3229,,,,,,
SOHO/WEST BROADWAY,,456 W BROADWAY ,,NEW YORK ,NY,10012-3141,United States,646-912-9530,,,,,,
Scott J. Salon,,119 MONTAGUE ST ,,BROOKLYN ,NY,11201-3464,United States,718-855-5900,,,,,,
Parlor,,102 AVENUE B ,,NEW YORK ,NY,10009-6257,United States,212-673-5520,,,,,,
Rizza Salon,,49 GREENWICH AVE ,,NEW YORK ,NY,10014-2753,United States,212-206-7622,,,,,,
Filaments Hair Salon,,336 E 5TH ST ,,GROUND FLOOR NEW YORK ,NY,10003,United States,646-245-4048,,,,,,
BASEbody Spa,,60 CHRISTOPHER COLUMBUS DR ,,JERSEY CITY ,NJ,07302-2945,United States,201-332-2866,,,,,,
Flatiron/5th Ave - Aveda Store,,140 Fifth Ave at 19th St ,,NEW YORK ,NY,10011,United States,212-645-4797,,,,,,
The Sellar - Eileen Cuff,,6005 SOUTH ST RD ,,AUBURN ,NY,13021-5327,United States,315-253-7812,,,,,,
TOUSLED HAIR SALON,,500A JERSEY AVE ,,JERSEY CITY ,NJ,07302-5467,United States,201-309-1200,,,,,,
Natural Look,,320 BEDFORD AVE ,,BROOKLYN ,NY,11211,United States,347-384-2116,,,,,,
Kaya,,150 W 26TH ST ,,NEW YORK ,NY,10001-6813,United States,212-390-8082,,,,,,
Parlor In Brooklyn,,527 ATLANTIC AVE ,,BROOKLYN ,NY,11217-1913,United States,347-384-2334,,,,,,
Roosters - Hoboken,,610 WASHINGTON ST ,,HOBOKEN ,NJ,07030-5176,United States,201-683-9970,,,,,,
Hair Cult,,1124 WASHINGTON ST ,,HOBOKEN ,NJ,07030-5388,United States,201-795-2220,,,,,,
Beauty Design of New York,,104 MESEROLE AVE ,,BROOKLYN ,NY,11222-2636,United States,718-609-1155,,,,,,
LOJA SALON,,294 5TH AVE ,,BROOKLYN ,NY,11215-8640,United States,347-689-3827,,,,,,
Wayne Agassi Salon,,319 FLATBUSH AVE ,,BROOKLYN ,NY,11217-2897,United States,347-227-7249,,,,,,
Grand Central Station - Aveda Store,,10 GRAND CENTRAL TERMINAL ,,NEW YORK ,NY,10017-5503,United States,212-682-5397,,,,,,
Imago Beauty Group,,673 BERGEN AVE ,,JERSEY CITY ,NJ,07304-2645,United States,201-332-6100,,,,,,
Margrith of Switzerland,,142 E 49TH ST ,,NEW YORK ,NY,10017-1211,United States,212-759-6670,,,,,,
Asanda Park Avenue,,120 E 56TH ST FRNT 3 ,,NEW YORK ,NY,10022-3696,United States,212-966-0219,,,,,,
Columbus Circle - Aveda Store,,10 Columbus Circle STE 308 ,,NEW YORK ,NY,10019,United States,212-823-9714,,,,,,
Master Barbers NYC,,1169 2ND AVE ,,NEW YORK ,NY,10065-8241,United States,646-998-5319,,,,,,
Dueto of Second Ave,,1303 2ND AVE ,,NEW YORK ,NY,10065-5731,United States,212-879-4800,,,,,,
Scott J Columbus Avenue,,257 COLUMBUS AVE ,,NEW YORK ,NY,10023-3330,United States,212-496-3904,,,,,,
Level 77 Hair Studio,,247 E 77TH ST ,,NEW YORK ,NY,10075-2070,United States,212-734-7778,,,,,,
Melo Yelo Hair Design,,4621 SKILLMAN AVE STE 21 ,,SUNNYSIDE ,NY,11104-2118,United States,917-226-0473,,,,,,
Scott J East 86th St,,242 E 86TH ST ,,NEW YORK ,NY,10028-3005,United States,212-496-3901,,,,,,
Fabio's Hair and Color Studio,,1739 2ND AVE ,,NEW YORK ,NY,10128-3502,United States,212-410-2005,,,,,,
Franky D's Salon,,175 W 90TH ST ,,NEW YORK ,NY,10024-1214,United States,212-877-0200,,,,,,
Lucy's Hair Studio,,711 AMSTERDAM AVE ,,NEW YORK ,NY,10025-6907,United States,646-595-5039,,,,,,
Gigi Salon & Styling Studio,,3417 30TH AVE ,,ASTORIA ,NY,11103-4620,United States,718-777-7755,,,,,,
Salon Above,,2641 BROADWAY AT 100TH ST ,,NEW YORK ,NY,10025,United States,212-665-7149,,,,,,
Scott J Broadway,,2929 BROADWAY ,,NEW YORK ,NY,10025-7819,United States,212-496-3902,,,,,,
Universal Hair Studio,,2637 CONEY ISLAND AVE ,,BROOKLYN ,NY,11223-5501,United States,718-368-2655,,,,,,
Ted & Company,,1444 RICHMOND RD ,,STATEN ISLAND ,NY,10304-2314,United States,718-987-2482,,,,,,
Natural Beauty Studio,,386 FRANKLIN AVE ,,NUTLEY ,NJ,07110-1646,United States,973-542-8173,,,,,,
Pure Energy Hair Studio,,460 BLOOMFIELD AVE ,,MONTCLAIR ,NJ,07042-3582,United States,973-667-0220,,,,,,
Mint Hair Salon,,15814 NORTHERN BLVD STE ML1 ,,FLUSHING ,NY,11358-1657,United States,917-285-2703,,,,,,
OLE'A HAIR STUDIO,,2575 FRANCIS LEWIS BLVD ,,FLUSHING ,NY,11358-1142,United States,718-428-1650,,,,,,
Staten Island Mall - Aveda Store,,2655 RICHMOND AVE STE 1275 ,,STATEN ISLAND ,NY,10314-5816,United States,718-761-1563,,,,,,
Eco Salon,,3262 JOHNSON AVE ,,BRONX ,NY,10463-3505,United States,718-548-4023,,,,,,
Fringe,,1874 SPRINGFIELD AVE ,,MAPLEWOOD ,NJ,07040-2952,United States,973-762-7222,,,,,,
Garden State Plaza - Aveda Store,,1 Garden State Plaza ,,PARAMUS ,NJ,07652,United States,201-291-7900,,,,,,
The Vow Ltd,,25220 NORTHERN BLVD ,,LITTLE NECK ,NY,11362-1300,United States,718-229-0809,,,,,,
Belle Gente Place For Hair,,550 BOULEVARD ,,KENILWORTH ,NJ,07033-1685,United States,908-272-9741,,,,,,
LB Beauty Salon,,,,FAIR LAWN ,NJ,07410-1434,United States,201-773-8687,,,,,,
Salon Drama,,24 LITTLE FALLS RD ,,FAIRFIELD ,NJ,07004-1913,United States,973-808-1811,,,,,,
Strand Salon,,645 LAFAYETTE AVE ,,HAWTHORNE ,NJ,07506-2436,United States,973-304-4170,,,,,,
Short Hills Mall - Aveda Store,,1200 MORRIS TPKE STE C105 ,,SHORT HILLS ,NJ,07078-0320,United States,973-467-4500,,,,,,
Classic Look Inc.,,208 E RIDGEWOOD AVE ,,RIDGEWOOD ,NJ,07450-3816,United States,201-652-3933,,,,,,
The Beauty Lounge,,180 WESTWOOD AVE ,,WESTWOOD ,NJ,07675-1708,United States,201-497-8877,,,,,,
Pure Hair Studio,,683B WESTWOOD AVE ,,RIVER VALE ,NJ,07675-6335,United States,201-497-5300,,,,,,
Joseph Christopher,,254 W PARK AVE ,,LONG BEACH ,NY,11561-3212,United States,516-889-3900,,,,,,
Anton's Salon & Spa,,50 MARTINE AVE S ,,FANWOOD ,NJ,07023-1221,United States,908-322-5400,,,,,,
Salon 4X,,216 LIVINGSTON ST STE 3 ,,NORTHVALE ,NJ,07647-1735,United States,201-660-8877,,,,,,
Talkin' Heads,,122 S BROADWAY ,,SOUTH AMBOY ,NJ,08879-1722,United States,732-721-7060,,,,,,
The Botanical Day Spa,,300 BRAE BLVD ,,PARK RIDGE ,NJ,07656-1829,United States,201-307-9300,,,,,,
Ten Ten Salon Spa,,1010 WILSHIRE BLVD APT 115 ,,LOS ANGELES ,CA,90017-5663,United States,213-785-5109,,,,,,
Crystal Spa,,3500 W 6TH ST STE 321 ,,LOS ANGELES ,CA,90020-5805,United States,213-487-5600,,,,,,
Fandango Salon,,4312 W SUNSET BLVD ,,LOS ANGELES ,CA,90029-2112,United States,323-663-6965,,,,,,
Southpaw,,2522 HYPERION AVE ,,LOS ANGELES ,CA,90027-3317,United States,323-230-9966,,,,,,
The Establishment,,2894 ROWENA AVE ,,LOS ANGELES ,CA,90039-2074,United States,323-230-6100,,,,,,
Cutlab Hair Studio,,2112 COLORADO BLVD ,,EAGLE ROCK ,CA,90041-1222,United States,323-244-2568,,,,,,
La Salon,,130 S BRAND BLVD ,,GLENDALE ,CA,91204-1308,United States,818-547-9474,,,,,,
Glendale Galleria - Aveda Store,,2121 GLENDALE GALLERIA ,,GLENDALE ,CA,91210-2101,United States,818-246-3680,,,,,,
Glendale SalonSpa,,513 E BROADWAY ,,GLENDALE ,CA,91205-1110,United States,818-240-6340,,,,,,
NORDSTROM-AMERICANA,,102 CARUSO AVE ,,GLENDALE ,CA,91210,United States,,,,,,,
Spoke & Weal,,8211 W 3RD ST ,,LOS ANGELES ,CA,90048-4302,United States,323-591-0979,,,,,,
Beverly Center - Aveda Store,,131 N LA CIENEGA BLVD STE 673 ,,LOS ANGELES ,CA,90048-3309,United States,310-659-5067,,,,,,
PLANET SALON,,8126 MELROSE AVE ,,LOS ANGELES ,CA,90046-7012,United States,323-951-1011,,,,,,
Tite Ends Hair Salon,,8515 SANTA MONICA BLVD ,,WEST HOLLYWOOD ,CA,90069-4107,United States,310-652-0919,,,,,,
DAVID DRU SALON,,8950 W OLYMPIC BLVD STE 215 ,,BEVERLY HILLS ,CA,90211-3576,United States,310-273-8060,,,,,,
Awesome Hair,,5035 W SLAUSON AVE STE E ,,LOS ANGELES ,CA,90056-1647,United States,323-292-8300,,,,,,
Evanthe Hair Salon,,117 E COLORADO BLVD STE B13 ,,PASADENA ,CA,91105-1938,United States,626-304-0433,,,,,,
Bokaos Salon,,52 HUGUS ALY ,,PASADENA ,CA,91103-3644,United States,626-304-0007,,,,,,
Knox Salon,,2823 S ROBERTSON BLVD ,,LOS ANGELES ,CA,90034-2405,United States,310-837-5600,,,,,,
ORPHEUM SALON,,610 S LAKE AVE ,,PASADENA ,CA,91106-3918,United States,626-304-9903,,,,,,
Tantris,,9200 W SUNSET BLVD STE 170 ,,WEST HOLLYWOOD ,CA,90069-3615,United States,213-894-9200,,,,,,
MANE TEASERS,,817 S GLENOAKS BLVD ,,BURBANK ,CA,91502-1523,United States,818-566-6667,,,,,,
Koncept 67 Salon,,10824 WASHINGTON BLVD ,,CULVER CITY ,CA,90232-3610,United States,310-559-9600,,,,,,
FRENCHY'S BEAUTY PARLOR,,2403 W MAGNOLIA BLVD ,,BURBANK ,CA,91506-1737,United States,818-845-7545,,,,,,
Century City - Aveda Store,,10250 SANTA MONICA BLVD STE 1875 ,,LOS ANGELES ,CA,90067-6501,United States,310-843-9808,,,,,,
Kriza - Studio City,,12132 VENTURA BLVD ,,STUDIO CITY ,CA,91604-2514,United States,818-506-1220,,,,,,
THE LONDON HAIR CO.,,12506 MOORPARK ,,STUDIO CITY ,CA,91604-1355,United States,818-762-6111,,,,,,
Aveda Institute Los Angeles,,10935 WEYBURN AVE ,,LOS ANGELES ,CA,90024-2808,United States,310-209-2000,,,,,,
Salon Andalucia,,3073 FOOTHILL BLVD ,,LA CRESCENTA ,CA,91214-2714,United States,818-248-5443,,,,,,
Kriza - Sherman Oaks,,14006 RIVERSIDE DR UNIT 18 ,,SHERMAN OAKS ,CA,91423-1949,United States,818-501-1444,,,,,,
Mixxology,,13124 PHILADELPHIA ST ,,WHITTIER ,CA,90601-4301,United States,562-907-9909,,,,,,
ARTIKA HairSpa,,13311 PENN ST ,,WHITTIER ,CA,90602-1727,United States,562-907-2820,,,,,,
The Hair Upstairs,,18 W SIERRA MADRE BLVD ,,SIERRA MADRE ,CA,91024-2434,United States,626-355-3762,,,,,,
Vicara Salon,,820 S SEPULVEDA BLVD STE A104 ,,EL SEGUNDO ,CA,90245,United States,310-322-6454,,,,,,
NICOLS HAIR STUDIO,,2617 LINCOLN BLVD STE 202 ,,SANTA MONICA ,CA,90405,United States,310-452-1046,,,,,,
ELAN VITAL SALON,,2905 SEPULVEDA BLVD STE B ,,MANHATTAN BEACH ,CA,90266-2736,United States,310-546-1431,,,,,,
Ambiance Salon,,2525 MAIN ST ,,SANTA MONICA ,CA,90405-3686,United States,310-392-4866,,,,,,
Lisz Dom Holistic Salon,,806 MANHATTAN BEACH BLVD STE 105 ,,MANHATTAN BEACH ,CA,90266-4960,United States,310-372-4939,,,,,,
Azure Salon,,395 SANTA MONICA PL STE 202 ,,SANTA MONICA ,CA,90401-3479,United States,310-393-7888,,,,,,
Sechoir Plus,,1121 MONTANA AVE ,,SANTA MONICA ,CA,90403-1609,United States,310-310-8238,,,,,,
Simply Divine Barber Shop,,315 W HUNTINGTON DR STE C ,,MONROVIA ,CA,91016-3379,United States,626-357-6695,,,,,,
Ultra Lux Salon & Lounge,,1312 AVIATION BLVD STE 101 ,,REDONDO BEACH ,CA,90278-4068,United States,310-372-3332,,,,,,
Salon Medusa,,4232 ATLANTIC AVE ,,LONG BEACH ,CA,90807-2802,United States,562-427-7977,,,,,,
Salon Xylem & Spa,,198 S MYRTLE AVE ,,MONROVIA ,CA,91016-2845,United States,626-357-1886,,,,,,
Haute LA Boutique & Salon,,505 PIER AVE ,,HERMOSA BEACH ,CA,90254-3822,United States,310-376-2266,,,,,,
Bastian Salon,,11660 SOUTH ST STE 104 ,,ARTESIA ,CA,90701-6609,United States,562-860-2030,,,,,,
Thirty-Two Salon | Spa,,524 S PACIFIC COAST HWY ,,REDONDO BEACH ,CA,90277-4219,United States,310-697-3331,,,,,,
Rumba,,1830 S ELENA AVE ,,REDONDO BEACH ,CA,90277-5706,United States,310-791-1711,,,,,,
Blodry Bar Lash Bar,,3614 PACIFIC COAST HWY STE A ,,TORRANCE ,CA,90505-6020,United States,310-373-2569,,,,,,
Static Salon & Spa,,2310 N BELLFLOWER BLVD STE 103 ,,LONG BEACH ,CA,90815-2019,United States,562-430-5100,,,,,,
Envy Beauty Studio,,314 ELM AVE ,,LONG BEACH ,CA,90802-2415,United States,562-433-9946,,,,,,
Salon Pop & Barber Shop,,2218 E 4TH ST ,,LONG BEACH ,CA,90814-1051,United States,562-987-9200,,,,,,
Vanguardia Hair Studio,,4405 E 4TH ST ,,LONG BEACH ,CA,90814-3002,United States,562-439-1400,,,,,,
QUE BELLA SALON,,175 E COLLEGE ST ,,COVINA ,CA,91723-2105,United States,626-915-7205,,,,,,
Birds Nest Salon,,155 N TOPANGA CANYON BLVD ,,TOPANGA ,CA,90290-3831,United States,310-455-2266,,,,,,
Salon Soma,,203 GLENDORA AVE ,,LONG BEACH ,CA,90803-3500,United States,562-987-4799,,,,,,
Sanctuary Salon & Spa,,12800 SEAL BEACH BLVD STE D ,,SEAL BEACH ,CA,90740-2786,United States,562-431-9009,,,,,,
The Hive,,381 W 7TH ST ,,SAN PEDRO ,CA,90731-3323,United States,310-832-3836,,,,,,
Salon Benardo,,142 E AMERIGE AVE ,,FULLERTON ,CA,92832-1920,United States,714-773-4995,,,,,,
LUX Salon Spa - Fullerton,,219 E COMMONWEALTH AVE ,,FULLERTON ,CA,92832-1910,United States,714-525-3337,,,,,,
Entangled,,20861 VENTURA BLVD ,,WOODLAND HILLS ,CA,91364-2319,United States,818-883-2887,,,,,,
Brea Mall-Aveda Store,,2044 Brea Mall ,,BREA ,CA,92821,United States,714-256-9254,,,,,,
Kriza - Topanga,,6600 TOPANGA CANYON BLVD STE 1042 ,,CANOGA PARK ,CA,91303-2654,United States,818-348-0800,,,,,,
Salon 1000,,1000 E CHAPMAN AVE ,,FULLERTON ,CA,92831-3812,United States,657-217-5460,,,,,,
NATURAL CONCEPTS,,1934 E ROUTE 66 STE C ,,GLENDORA ,CA,91740-4655,United States,626-857-0553,,,,,,
Michael Saldana Salon,,1319 W WEBSTER ST ,,HOUSTON ,TX,77019-5541,United States,713-528-3699,,,,,,
"Green Apple Salon, LLC-Houston",,719 W GRAY ST STE A ,,HOUSTON ,TX,77019-4324,United States,713-521-0500,,,,,,
ELEMENTS,,1704 FAIRVIEW ,,HOUSTON ,TX,77006,United States,713-522-5131,,,,,,
"VANITY HEIGHTS SALON, LLC",,249 W 19TH ST ,,HOUSTON ,TX,77008-4009,United States,713-783-0111,,,,,,
JOSEPHINES DAY SPA & SALON-RICE VIL,,5302 MORNINGSIDE DR ,,HOUSTON ,TX,77005-2529,United States,281-768-8375,,,,,,
Posh Salon,,STE 270 1700 POST OAK BLVD ,,HOUSTON ,TX,77056-3802,United States,713-728-6198,,,,,,
Houston Galleria IV - Aveda Store,,5135 W ALABAMA ST STE 7190 ,,HOUSTON ,TX,77056-5822,United States,713-572-5500,,,,,,
Vanity,,5791 SAN FELIPE ,,HOUSTON ,TX,77057-3101,United States,713-783-0111,,,,,,
Salon Sky,,12651 MEMORIAL DR STE A ,,HOUSTON ,TX,77024-4863,United States,713-468-9996,,,,,,
Josephine's Salon,,11200 BROADWAY ST STE 625 ,,PEARLAND ,TX,77584-2199,United States,713-433-8885,,,,,,
Josephine's Day Spa & Salon,,1127 ELDRIDGE PKWY STE 1008 ,,HOUSTON ,TX,77077-1773,United States,281-870-0083,,,,,,
D'Oliver Salons,,5474 FM 1960 RD W ,,HOUSTON ,TX,77069-4302,United States,281-444-1430,,,,,,
Milagro Salons,,8790 HIGHWAY 6 STE 150 ,,MISSOURI CITY ,TX,77459-7116,United States,281-208-9090,,,,,,
SALON EBEN & DAY SPA,,15510 LEXINGTON ST STE G ,,SUGAR LAND ,TX,77478,United States,281-980-5160,,,,,,
BELLA NOVA SPA,,7825 HIGHWAY 6 N STE 103 ,,HOUSTON ,TX,77095-1705,United States,832-593-8877,,,,,,
L.L. HAIR STUDIO,,8475 HWY 6 NORTH STE F ,,HOUSTON ,TX,77095,United States,281-550-5302,,,,,,
Beauty Indulgence Day Spa & Salon,,4715 SWEETWATER BLVD ,,SUGAR LAND ,TX,77479-3125,United States,281-277-7007,,,,,,
Lavish Salon - Baybrook,,700 BAYBROOK MALL STE B107 ,,FRIENDSWOOD ,TX,77546-2760,United States,281-332-9100,,,,,,
Lavish Salon & Day Spa,,19439 GULF FWY ,,WEBSTER ,TX,77598-2804,United States,281-332-9100,,,,,,
Alan Murphy Salon,,126 VINTAGE PARK BLVD STE A ,,HOUSTON ,TX,77070-3959,United States,281-537-0771,,,,,,
Conservatory Day Spa & Salon,,2665 ROYAL FRST STE A ,,KINGWOOD ,TX,77339-5045,United States,281-359-3300,,,,,,
SILVERBOX WEDDING SECRETS,,111 MAIN ST ,,SPRING ,TX,77373-8330,United States,832-628-9060,,,,,,
Willow and Ash,,107 MAIN ST ,,SPRING ,TX,77373-8330,United States,281-475-0879,,,,,,
Zena Salon Spa,,9825 S MASON RD ,,RICHMOND ,TX,77406-5810,United States,281-239-3600,,,,,,
ANGELICA L SALON,,3206 MARINA BAY DR STE P1 ,,LEAGUE CITY ,TX,77573,United States,832-864-2788,,,,,,
Aurea Salon & Spa,,23501 CINCO RANCH BLVD STE A110 ,,KATY ,TX,77494-3096,United States,281-395-6711,,,,,,
Wen Chic Salon and Spa,,6920 S FRY RD STE C ,,KATY ,TX,77494-8101,United States,281-395-8600,,,,,,
Liberty Place - Aveda Store,,1625 CHESTNUT ST STE 134 ,,PHILADELPHIA ,PA,19103-4209,United States,215-564-9760,,,,,,
Adolf Biecker Spa/Salon,,1605 SANSOM ST ,,PHILADELPHIA ,PA,19103-5139,United States,215-735-6404,,,,,,
JEAN MADELINE AVEDA INSTITUTE,,315 A BAINBRIDGE ST ,,PHILADELPHIA ,PA,19147,United States,215-574-9670,,,,,,
Adolf Biecker Studio,,138 S 34TH ST ,,PHILADELPHIA ,PA,19104-3401,United States,215-418-5550,,,,,,
J Squared Salon,,1142 TASKER ST ,,PHILADELPHIA ,PA,19148-1128,United States,215-279-7863,,,,,,
Jean Madeline Aveda Institute,,3943 CHESTNUT ST ,,PHILADELPHIA ,PA,19104-3110,United States,267-350-8800,,,,,,
Art + Science,,4259 MAIN ST ,,PHILADELPHIA ,PA,19127-1513,United States,215-482-2242,,,,,,
BELLIARDS HAIR DESIGN STUDIO & SPA,,8 GROVE ST ,,CHERRY HILL ,NJ,08002-2701,United States,856-665-9323,,,,,,
Cherry Hill - Aveda Store,,2000 Route 38 Ste 1740 ,,Cherry Hill ,NJ,08002-2175,United States,856-488-0426,,,,,,
JEAN MADELINE AVEDA INSTITUTE,,7248 FRANKFORD AVE ,,PHILADELPHIA ,PA,19135-1017,United States,215-332-2000,,,,,,
Contempo Cuts,,2857 HOLME AVE ,,PHILADELPHIA ,PA,19152-2118,United States,215-676-1900,,,,,,
Swarthmore Hair Studio,,4 PARK AVE ,,SWARTHMORE ,PA,19081-1723,United States,610-544-6620,,,,,,
Rizzieri Salon,,400 W ROUTE 38 UNIT 1440 ,,MOORESTOWN ,NJ,08057-3278,United States,856-985-1225-...,,,,,,
Rizzieri School for the Healing Art,,8102 TOWN CENTER BLVD FL 1 ,,VOORHEES ,NJ,08043,United States,856-810-7548,,,,,,
Rizzieri Aveda School For Beauty,,8200 TOWN CENTER BLVD ,,VOORHEES ,NJ,08043-2472,United States,856-988-8600,,,,,,
Cutters Ltd Salon & Spa,,11 SPLIT ROCK DR ,,CHERRY HILL ,NJ,08003-1220,United States,856-424-5522,,,,,,
Corinthian Wellness,,3543 WEST CHESTER PIKE ,,NEWTOWN SQUARE ,PA,19073-3701,United States,610-356-6062,,,,,,
Jean Madeline - Plymouth,,500 W GERMANTOWN PIKE STE 2130 ,,PLYMOUTH MEETING ,PA,19462-1397,United States,610-825-0700,,,,,,
The Lion's Mane Salon,,17 E MAIN ST ,,MARLTON ,NJ,08053-2117,United States,856-452-5439,,,,,,
Adolf Biecker - Strafford,,508 W LANCASTER AVE ,,RADNOR ,PA,19087-3121,United States,610-687-4750,,,,,,
In the Village - Mullica Hill,,109 N MAIN ST ,,MULLICA HILL ,NJ,08062-9487,United States,856-223-1774,,,,,,
Jean Madeline Salon - King of Pruss,,690 W DEKALB PIKE STE 1085 ,,KING OF PRUSSIA ,PA,19406-2998,United States,610-354-0633,,,,,,
King of Prussia Mall - Aveda Store,,160 N Gulph Rd Ste 2344 ,,King of Prussia ,PA,19406-2961,United States,610-768-7191,,,,,,
Balanced Planet Yoga,,795 E ROUTE 70 STE F ,,MARLTON ,NJ,08053-2351,United States,856-316-5150,,,,,,
In the Village - Woolwich,,120 CENTER SQUARE RD ,,SWEDESBORO ,NJ,08085-1863,United States,856-241-1218,,,,,,
Rizzieri - Sewell,,239 HURFFVILLE CROSSKEYS RD STE 1 ,,SEWELL ,NJ,08080-4002,United States,856-582-3750,,,,,,
Clique Salon & Spa,,220 HIGH ST ,,BURLINGTON ,NJ,08016-4418,United States,609-239-8181,,,,,,
Essentials Salon At Valley Square,,1593 MAIN ST ,,WARRINGTON ,PA,18976-3400,United States,215-491-4455,,,,,,
Right Image Hair Salon,,2300 E LINCOLN HIGHWAY STORE 127 ,,LANGHORNE ,PA,19047,United States,215-757-6500,,,,,,
Style Masters,,549 LANCASTER AVE ,,MALVERN ,PA,19355-1813,United States,610-640-0677,,,,,,
Pizazz,,420 S STATE ST ,,NEWTOWN ,PA,18940-3522,United States,215-968-5567,,,,,,
Shear Success,,120 BETHLEHEM PIKE ,,COLMAR ,PA,18915-9431,United States,215-822-5122,,,,,,
Studio 35 Salon,,35 S STATE ST ,,NEWTOWN ,PA,18940-1987,United States,215-860-3531,,,,,,
Visions Hair Design,,4 NICHOLS AVE ,,WILMINGTON ,DE,19803-2585,United States,302-477-0820,,,,,,
"Bliss, An Eco-Friendly Salon",,12 W MAIN ST ,,TRAPPE ,PA,19426-2003,United States,610-454-2547,,,,,,
MORTIMERS,,21 MARKET PLACE SL9 9EA ,,CHALFONT ST PETER ,BU,,United States,01753 880211,,,,,,
The Strand Salon & Spa,,1704 AUGUSTINE CUT OFF ,,WILMINGTON ,DE,19803-4403,United States,302-658-4400,,,,,,
Eminence Salon & Spa,,6 PONDS EDGE DR STE 5 ,,CHADDS FORD ,PA,19317-7352,United States,484-776-5140,,,,,,
A Style Concierge,,635 5TH AVE ,,SAN DIEGO ,CA,92101-6915,United States,619-237-4413,,,,,,
Coronado Bliss,,930 ORANGE AVE ,,CORONADO ,CA,92118-2610,United States,619-435-9294,,,,,,
GILA RUT - HILLCREST,,1010 UNIVERSITY AVE STE C111 ,,SAN DIEGO ,CA,92103-3361,United States,619-299-5750,,,,,,
Studio 25,,1617 W LEWIS ST ,,SAN DIEGO ,CA,92103-1222,United States,619-298-2525,,,,,,
Fashion Valley - Aveda Store,,700 FRIARS RD STE 875A ,,SAN DIEGO ,CA,92108,United States,619-220-8518,,,,,,
NOTORIOUS FOR HAIR,,3025 CANON ST ,,SAN DIEGO ,CA,92106-2611,United States,619-222-3212,,,,,,
DETAILS SALON SPA,,4993 NIAGARA AVE STE 205 ,,SAN DIEGO ,CA,92107-3185,United States,619-222-6777,,,,,,
SPLIT ENDS,,1415 GARNET AVE ,,PACIFIC BEACH ,CA,92109-3015,United States,858-270-6500,,,,,,
PRET-A-PORTER SALON & SPA,,8043 LA MESA BLVD ,,LA MESA ,CA,91942-6434,United States,619-464-6066,,,,,,
SHEAR BRILLIANCE,,7295 NAVAJO RD ,,SAN DIEGO ,CA,92119-1607,United States,619-461-5828,,,,,,
Young Attitudes,,8843 VILLA LA JOLLA DR STE 206 ,,LA JOLLA ,CA,92037-1964,United States,858-457-3334,,,,,,
THE MERMAID SALON & DAY SPA,,5915 MIRA MESA BLVD STE C ,,SAN DIEGO ,CA,92121-4303,United States,858-625-0277,,,,,,
Gila Rut - OTAY,,2015 BIRCH RD STE 1604 ,,CHULA VISTA ,CA,91915-2013,United States,619-421-3911,,,,,,
Ava Hair Studio,,2650 JAMACHA RD STE 133 ,,EL CAJON ,CA,92019-4319,United States,619-670-5279,,,,,,
Gila Rut Salon - Torrey Hills,,4645 CARMEL MOUNTAIN RD STE 204 ,,SAN DIEGO ,CA,92130-6630,United States,619-299-5750,,,,,,
Strands Salon,,11960 BERNARDO PLAZA DR ,,SAN DIEGO ,CA,92128-2538,United States,858-673-1100,,,,,,
Lemongrass,,910 2ND ST ,,ENCINITAS ,CA,92024-4410,United States,760-633-1970,,,,,,
North County Fair - Aveda Store,,200 E Via Rancho Pkwy ,,Escondido ,CA,92025-8006,United States,760-233-1184,,,,,,
Avalon Spa & Salon - West Village,,3699 MCKINNEY AVE STE 412 ,,DALLAS ,TX,75204-4564,United States,214-969-1901,,,,,,
Willie and Coote,,2303 ABRAMS RD ,,DALLAS ,TX,75214-3621,United States,214-887-8647,,,,,,
MICHAEL RAYMOND SALON,,5321 E MOCKINGBIRD LN STE 140 ,,DALLAS ,TX,75206,United States,214-515-0400,,,,,,
Hiatus Spa + Retreat,,5560 WEST LOVERS LN STE 250 ,,DALLAS ,TX,75209-4282,United States,214-352-4111,,,,,,
NORDSTROM-NORTHPARK,,8687 NO CENTRAL EXPRESSWAY ,,DALLAS ,TX,75225,United States,,,,,,,
NorthPark Center - Aveda Store,,8687 N CENTRAL EXPY STE 742 ,,DALLAS ,TX,75225-4564,United States,214-346-9686,,,,,,
Jonas Salon and Spa,,4343 W NORTHWEST HWY STE 385 ,,DALLAS ,TX,75220-3800,United States,214-358-4370,,,,,,
Artistic Salon Spa,,9100 N CENTRAL EXPY STE 220 ,,DALLAS ,TX,75231-5902,United States,214-987-4247,,,,,,
Aveda Institute - Dallas,,8188 PARK LN ,,DALLAS ,TX,75231-6005,United States,214-363-1291,,,,,,
Tangerine Preston Hollow Village,,7949 WALNUT HILL LN STE 105 ,,DALLAS ,TX,75230,United States,972-393-9200,,,,,,
Michael Raymond Salon - Preston Rd,,11661 PRESTON RD 135 ,,DALLAS ,TX,75230-2745,United States,214-346-9201,,,,,,
Pure Salon Spa,,4030 N MCARTHUR BLVD STE 216 ,,IRVING ,TX,75038-6425,United States,972-717-9200,,,,,,
BOEAU BELLE SALON & SPA,,5100 BELT LINE RD STE 712 ,,DALLAS ,TX,75254-7036,United States,972-506-0211,,,,,,
Laura Elena Salon and Spa Inc.,,305 W FM 1382 STE 108 ,,CEDAR HILL ,TX,75104-1886,United States,972-293-7007,,,,,,
Solace,,2100 DALLAS PKWY STE 106 ,,PLANO ,TX,75093-4364,United States,972-818-2991,,,,,,
The Shops at Willow Bend-Aveda Stor,,6121 West Park Blvd STE A124 ,,PLANO ,TX,75093,United States,972-202-5589,,,,,,
Tangerine Salon & Spa - Coppell,,240 N DENTON TAP RD STE 490 ,,COPPELL ,TX,75019-2160,United States,972-393-9200,,,,,,
"IMPRESSIONS SALON, ETC.",,202 N INTERSTATE 35 SERVICE RD ,,RED OAK ,TX,75154-4295,United States,214-230-2995,,,,,,
MAREN KARSEN SALON,,200 N MESQUITE ST STE 109 ,,ARLINGTON ,TX,76011-7529,United States,817-275-8686,,,,,,
ANETRIS SALON,,2540 KING ARTHUR BLVD STE 113 ,,LEWISVILLE ,TX,75056-5512,United States,972-899-0329,,,,,,
Burt Grant Salon Spa,,808 W ABRAMS ,,ARLINGTON ,TX,76013,United States,817-460-5544,,,,,,
William Edge Salon - Arlington,,4001 ARLINGTON HIGHLANDS B STE 123 ,,ARLINGTON ,TX,76018-6034,United States,817-419-1004,,,,,,
DV8 The Salon,,909 S MAIN ST STE 100 ,,GRAPEVINE ,TX,76051-7534,United States,817-424-3887,,,,,,
Avalon Salon -The Shops at Legacy,,7300 LONE STAR DR STE C138 ,,PLANO ,TX,75024-5647,United States,469-467-9492,,,,,,
Elixir Salon & Daymaker,,85 VILLAGE LN STE 150 ,,COLLEYVILLE ,TX,76034-2940,United States,817-427-9700,,,,,,
Stonebriar Centre - Aveda Store,,2601 Preston Road STE 2228 ,,FRISCO ,TX,75034,United States,972-731-8588,,,,,,
LEMONGRASS SALON-SOUTHLAKE,,1161 E SOUTHLAKE BLVD STE 290 ,,SOUTHLAKE ,TX,76092-6349,United States,817-332-1155,,,,,,
Dillards # 701 - Hurst,,1101 MELBOURNE RD ,,HURST ,TX,76053-6205,United States,817-284-9244,,,,,,
NORDSTROM-HURST #722,,1101 MELBOURNE ROAD ,,HURST ,TX,76053,United States,,,,,,,
Tangerine Salon - Allen,,962 VILLAGE GREEN DR ,,ALLEN ,TX,75013,United States,972-908-3350,,,,,,
Salon Ana Bella,,8880 STATE HIGHWAY 121 ,,MC KINNEY ,TX,75070-3132,United States,972-908-2774,,,,,,
Atelier Salon & Barber Shop,,1047 LINCOLN AVE STE 101 ,,SAN JOSE ,CA,95125-6003,United States,408-293-3494,,,,,,
NORDSTROM-VALLEY FAIR,,2400 FOREST AVE ,,SAN JOSE ,CA,95128,United States,,,,,,,
Atelier Studio,,377 SANTANA ROW STE 1175 ,,SAN JOSE ,CA,95128-2061,United States,408-244-4222,,,,,,
Valley Fair - Aveda Store,,2855 Stevens Creek Blvd STE 1045 ,,SANTA CLARA ,CA,95050,United States,408-554-4230,,,,,,
Atelier Salon,,378 SANTANA ROW STE 1120 ,,SAN JOSE ,CA,95128-2041,United States,408-244-4222,,,,,,
La Belle Vous,,3011 MERIDIAN AVE ,,SAN JOSE ,CA,95124-2455,United States,408-723-0106,,,,,,
Wildflower Salon,,14107 WINCHESTER BLVD STE U ,,LOS GATOS ,CA,95032-1836,United States,408-340-5435,,,,,,
Nirvana,,224 N SANTA CRUZ AVE STE B ,,LOS GATOS ,CA,95030-7207,United States,408-354-7979,,,,,,
NIMBUS SALON,,65 W MAIN ST ,,LOS GATOS ,CA,95030-6829,United States,408-354-7717,,,,,,
PURE PATH SALON,,110 S SANTA CRUZ AVE STE A ,,LOS GATOS ,CA,95030-6702,United States,408-354-3852,,,,,,
Gilbert DuPont Salon,,14451 BIG BASIN WAY ,,SARATOGA ,CA,95070-6008,United States,408-867-4381,,,,,,
Honey and Sage Salon,,2310 HOMESTEAD RD STE C ,,LOS ALTOS ,CA,94024-7300,United States,408-732-8332,,,,,,
Therapy Salon,,660 FREMONT AVE ,,LOS ALTOS ,CA,94024-4812,United States,650-948-5343,,,,,,
Pure Salon,,5615 AUTOMALL PKWY ,,FREMONT ,CA,94538-3133,United States,510-623-7873,,,,,,
Immersion Spa,,3990 EL CAMINO REAL UNIT A ,,PALO ALTO ,CA,94306-3335,United States,650-855-9080,,,,,,
Spoke & Weal,,334 S CALIFORNIA AVE ,,PALO ALTO ,CA,94306-1603,United States,650-322-2104,,,,,,
ARTISTRY,,2702 MOWRY AVE ,,FREMONT ,CA,94538,United States,510-791-0882,,,,,,
JUUT SalonSpa Palo Alto,,240 UNIVERSITY AVE ,,PALO ALTO ,CA,94301-1711,United States,650-328-4067,,,,,,
Aveda Experience Center-Stanford Sh,,10A STANFORD SHOPPING CTR ,,PALO ALTO ,CA,94304,United States,650-853-1890,,,,,,
La Migliore Salon,,644 SANTA CRUZ AVE ,,MENLO PARK ,CA,94025-4503,United States,650-321-1100,,,,,,
DEZIGN SALON,,17300 MONTEREY RD UNIT 120 ,,MORGAN HILL ,CA,95037-3755,United States,408-779-1077,,,,,,
Olive Hill Salon,,2920 WOODSIDE RD ,,WOODSIDE ,CA,94062-2410,United States,650-851-1150,,,,,,
Legar Salon,,2115 BROADWAY ST STE 4 ,,REDWOOD CITY ,CA,94063-1611,United States,415-377-3137,,,,,,
Cielo Salon,,3201 OAK KNOLL DR ,,REDWOOD CITY ,CA,94062-3045,United States,650-556-1787,,,,,,
The Image Salon & Day Spa,,3037 HOPYARD RD STE D ,,PLEASANTON ,CA,94588-5262,United States,925-484-3650,,,,,,
Musa Salon,,4635 SOQUEL DR ,,SOQUEL ,CA,95073-2249,United States,831-600-8857,,,,,,
Stoneridge Mall - Aveda Store,,1032 STONERIDGE MALL RD SPC A115 ,,PLEASANTON ,CA,94588-3218,United States,925-227-0115,,,,,,
Jackson Ruiz Seaholm,,211 WALTER SEAHOLM DR STE 130 ,,AUSTIN ,TX,78701,United States,512-478-7744,,,,,,
Jackson Ruiz Salon,,500 N LAMAR BLVD STE 120 ,,AUSTIN ,TX,78703-5492,United States,512-478-7744,,,,,,
MARY'S HAIR STUDIO,,1508 LAVACA ST ,,AUSTIN ,TX,78701-1688,United States,512-477-7068,,,,,,
MAXIMUM FX,,1007 S CONGRESS AVE STE 10C ,,AUSTIN ,TX,78704,United States,512-472-3331,,,,,,
THE CUTTING ROOM,,1705 NUECES ST ,,AUSTIN ,TX,78701-1107,United States,512-320-1520,,,,,,
Avant Salon Spa - Pressler Gables,,507 PRESSLER ST STE 800 ,,AUSTIN ,TX,78703-5151,United States,512-472-6357,,,,,,
Happy SalonSpa,,1605 W 6TH ST ,,AUSTIN ,TX,78703-5059,United States,512-236-9868,,,,,,
GARBO A SALON,,1330 SHORE DISTRICT DR STE 300 ,,AUSTIN ,TX,78741-1353,United States,512-458-4162,,,,,,
VANITY,,1107 S 8TH ST ,,AUSTIN ,TX,78704-2373,United States,512-482-8573,,,,,,
Aveda Institute - Austin,,3300 N INTERSTATE 35 STE 100 ,,AUSTIN ,TX,78705-1849,United States,512-320-8080,,,,,,
TARRYTOWN BARBER SHOP/SALON,,2415 EXPOSITION BLVD ,,AUSTIN ,TX,78703-2271,United States,512-476-7068,,,,,,
Bradz SalonSpa,,1822 W 35TH ST ,,AUSTIN ,TX,78703-1323,United States,512-454-0080,,,,,,
Barton Creek Square Mall-Aveda Stor,,2901 Capitol of Texas Hwy SPC R12 ,,AUSTIN ,TX,78746,United States,512-732-2266,,,,,,
GARBO A SALON,,7739 NORTHCROSS DR STE K ,,AUSTIN ,TX,78757,United States,512-458-4162,,,,,,
Avant Salon Spa - GateWay Market,,9901 N CAPITAL OF TEXAS HW STE 240 ,,AUSTIN ,TX,78759-5853,United States,512-502-8268,,,,,,
Maximum FX- Shops at the Domain,,3310 W BRAKER LN STE 200 ,,AUSTIN ,TX,78758,United States,512-349-9992,,,,,,
Breeze Salon - Arbor Walk,,10515 N MOPAC EXPY STE A 105 ,,AUSTIN ,TX,78759-5324,United States,512-372-1080,,,,,,
Maximum FX Circle C Ranch,,9600 ESCARPMENT BLVD STE 920H ,,AUSTIN ,TX,78749-1982,United States,512-637-0888,,,,,,
NORDSTROM-DOMAIN#733,,3111 PALM WAY ,,AUSTIN ,TX,78758,United States,,,,,,,
Spruce Salon,,12101 FM 2244 ,,BEE CAVE ,TX,78738-5391,United States,512-402-9992,,,,,,
SALON AYURVE,,11200 LAKELINE MALL DR STE F16 ,,CEDAR PARK ,TX,78613-1501,United States,512-335-7000,,,,,,
Organics Beauty Centre II,,1512 TOWN CENTER DR STE 350 ,,PFLUGERVILLE ,TX,78660-7678,United States,512-251-6763,,,,,,
Organics Hair and Beauty Centre,,2051 GATTIS SCHOOL RD STE 190 ,,ROUND ROCK ,TX,78664-7466,United States,512-255-6763,,,,,,
Breeze Salon - Round Rock,,200 E MAIN ST STE A ,,ROUND ROCK ,TX,78664-5249,United States,512-373-3595,,,,,,
Breeze Salon & Day Spa - Cedar Park,,,,CEDAR PARK ,TX,78613-7598,United States,512-528-9151,,,,,,
"Evan Todd - Indianapolis, LLC",,50 W WASHINGTON ST ,,INDIANAPOLIS ,IN,46204-3402,United States,317-524-2575,,,,,,
BIZ On Fletcher,,630 FLETCHER AVE ,,INDIANAPOLIS ,IN,46203-1066,United States,317-631-2775,,,,,,
Alpha & Omega Design Group,,2825 E 56TH ST ,,INDIANAPOLIS ,IN,46220-2979,United States,317-937-2573,,,,,,
"Hillside Avenue Spa & Salon, LLC",,6150 HILLSIDE AVE ,,INDIANAPOLIS ,IN,46220-2412,United States,317-769-9000,,,,,,
Bambu Salon,,916 E WESTFIELD BLVD STE 110 ,,INDIANAPOLIS ,IN,46220-1980,United States,317-251-4800,,,,,,
Sage A Salon,,2210 E SOUTHPORT RD ,,INDIANAPOLIS ,IN,46227-5222,United States,317-780-1818,,,,,,
Wildflowers,,1251 US 31 N P150 ,,GREENWOOD ,IN,46142-4503,United States,317-865-0187,,,,,,
Hairspray by Shawn David,,8487 UNION CHAPEL RD STE 420 ,,INDIANAPOLIS ,IN,46240-4382,United States,317-251-6100,,,,,,
Rumors Salon & Spa,,84 GABLE DR ,,AVON ,IN,46123-8954,United States,317-209-8798,,,,,,
Allusions Salon,,520 N MADISON AVE STE C ,,GREENWOOD ,IN,46142-4049,United States,317-889-4943,,,,,,
Keystone at the Crossing-Aveda Stor,,8701 Keystone Crossing ,,INDIANAPOLIS ,IN,46240,United States,317-580-0808,,,,,,
Trilogy Salon,,8691 RIVER CROSSING BLVD ,,INDIANAPOLIS ,IN,46240-2168,United States,317-564-9020,,,,,,
Aveda Fredric's Institute,,6020 E 82ND ST ,,INDIANAPOLIS ,IN,46250,United States,317-578-5500,,,,,,
Natural Concepts Salon & Day Spa,,100 N MADISON AVE ,,GREENWOOD ,IN,46142-3578,United States,317-888-3900,,,,,,
Rejuve Salon & Spa,,9873 N MICHIGAN RD STE 100 ,,CARMEL ,IN,46032-7959,United States,317-870-1700,,,,,,
Rapunsel's Hair Design,,7158 E US HIGHWAY 36 ,,AVON ,IN,46123-7778,United States,317-272-0955,,,,,,
THE EDGE,,6845 E US HIGHWAY 36 STE 430 ,,AVON ,IN,46123-9769,United States,317-272-0039,,,,,,
NJS STUDIO,,70 E PINE ST ,,ZIONSVILLE ,IN,46077-1528,United States,317-873-6785,,,,,,
Sundance SalonSpa,,47 S ELM ST ,,ZIONSVILLE ,IN,46077-1511,United States,317-733-1900,,,,,,
Pure Concepts,,41 W CITY CENTER DR ,,CARMEL ,IN,46032-3086,United States,317-805-1858,,,,,,
Glow Salon & Spa,,1928 RHETTSBURY ST ,,CARMEL ,IN,46032-7295,United States,317-846-3073,,,,,,
Pure Concepts,,4310 SARATOGA PKWY STE 500 ,,PLAINFIELD ,IN,46168-9208,United States,317-203-5522,,,,,,
Salon Seven,,8594 E 116TH ST STE 80 ,,FISHERS ,IN,46038-1566,United States,317-537-2508,,,,,,
The Beauty Bar at Geist,,11691 FALL CREEK RD STE 150 ,,INDIANAPOLIS ,IN,46256-9449,United States,317-595-6300,,,,,,
Headcase Salon & Spa,,14701 CUMMBERLAND RD STE 160 ,,NOBLESVILLE ,IN,46060-8715,United States,317-770-6762,,,,,,
H2H Salon,,13185 HARRELL PKWY STE 200 ,,NOBLESVILLE ,IN,46060-3371,United States,317-770-7416,,,,,,
Blown Away Hair Salon,,17219 MERCANTILE BLVD ,,NOBLESVILLE ,IN,46060-3930,United States,317-770-4500,,,,,,
Posh Salon & Spa,,2 E MAIN ST ,,GREENFIELD ,IN,46140-2319,United States,317-467-4700,,,,,,
Daniel James Salon,,45 WEST BAY ST STE 201 ,,JACKSONVILLE ,FL,32202-3632,United States,904-359-2006,,,,,,
Stasis Salon,,1622 HENDRICKS AVE ,,JACKSONVILLE ,FL,32207-3110,United States,904-515-8802,,,,,,
Om Salon,,3574 SAINT JOHNS AVE ,,JACKSONVILLE ,FL,32205-8446,United States,904-389-6221,,,,,,
Aura Salon,,4352 SOUTHSIDE BLVD UNIT 3 ,,JACKSONVILLE ,FL,32216-5487,United States,904-997-0201,,,,,,
Aura Salon of Town Center,,4413 TOWN CENTER PKWY STE 225 ,,JACKSONVILLE ,FL,32246-8569,United States,904-503-0087,,,,,,
NORDSTROM-ST JOHN TOWN C,,4835 TOWN CROSSING DRIVE ,,JACKSONVILLE ,FL,32246,United States,,,,,,,
Fusion Salon,,9810 BAYMEADOWS RD ,,JACKSONVILLE ,FL,32256-7971,United States,904-683-3769,,,,,,
Aveda Institute Jacksonville,,10601 SAN JOSE BLVD STE 5 ,,JACKSONVILLE ,FL,32257-6255,United States,904-647-4575,,,,,,
Dillards # 233 - Jacksonville,,10300 SOUTHSIDE BLVD ,,JACKSONVILLE ,FL,32256-0770,United States,904-519-9365,,,,,,
PANACHE IN JULINGTON CREEK,,2758 RACE TRACK RD STE 403 ,,JACKSONVILLE ,FL,32259,United States,904-209-1320,,,,,,
Salon 2000,,1560 BUSINESS CENTER DR STE 7 ,,FLEMING ISLAND ,FL,32003-4405,United States,904-278-1868,,,,,,
FRANGIPANI HAIR STUDIO,,1257 S THIRD ST ,,JACKSONVILLE BEACH ,FL,32250,United States,904-241-1411,,,,,,
Square One Salon & Spa - Columbus,,275 S 4TH ST ,,COLUMBUS ,OH,43215-5245,United States,614-365-3333,,,,,,
Nurtur the Salon,,757 S HIGH ST ,,COLUMBUS ,OH,43206-1908,United States,614-487-3033,,,,,,
Phia Salon,,755 N HIGH ST ,,COLUMBUS ,OH,43215-1425,United States,614-545-7100,,,,,,
Aveda Institute Columbus - High St,,1581 N HIGH ST ,,COLUMBUS ,OH,43201-1122,United States,614-291-2421,,,,,,
Aveda Institute - Columbus,,1618 NEIL AVE ,,COLUMBUS ,OH,43201-2333,United States,614-291-2421,,,,,,
Nurtur Salon,,1325 GRANDVIEW AVE ,,COLUMBUS ,OH,43212-3438,United States,614-487-0876,,,,,,
Salon Therapy,,2353 E MAIN ST ,,BEXLEY ,OH,43209-2421,United States,614-725-4460,,,,,,
SHEAR IMPRESSIONS HAIR DESIGN,,1335 DUBLIN RD STE 116C ,,COLUMBUS ,OH,43215-1000,United States,614-486-7578,,,,,,
STUDIO FRINGE,,524 N CASSADY AVE ,,BEXLEY ,OH,43209-1033,United States,740-258-0660,,,,,,
Nurtur the Salon,,1581 W LANE AVE ,,UPPER ARLINGTON ,OH,43221-3924,United States,614-487-3033,,,,,,
Rafiel's Studio,,2927 N HIGH ST ,,COLUMBUS ,OH,43202-1144,United States,614-784-1177,,,,,,
Easton Town Center - Aveda Store,,4050 The Strand W SPCE B 104 ,,COLUMBUS ,OH,43219-6127,United States,614-476-9600,,,,,,
Lennonheads Salon & Spa,,529 HIGH ST ,,WORTHINGTON ,OH,43085-3943,United States,614-436-6688,,,,,,
Frederic's Hair Designs,,6029 S SUNBURY RD ,,WESTERVILLE ,OH,43081-3846,United States,614-891-3600,,,,,,
Salon Therapy,,1387 E JOHNSTOWN RD ,,GAHANNA ,OH,43230-6831,United States,614-775-1500,,,,,,
Enlighten Hair Studio,,2655 FEDERATED BLVD ,,COLUMBUS ,OH,43235-4991,United States,614-791-8888,,,,,,
Eternal Salon & Spa,,1839 WINDERLY LN ,,PICKERINGTON ,OH,43147-8637,United States,614-577-0794,,,,,,
Vrnda Spa and Skin Care,,491 LAZELLE RD ,,WESTERVILLE ,OH,43081-9540,United States,740-272-2582,,,,,,
Polaris Fashion Place - Aveda Store,,1500 POLARIS PKWY STE 1073 ,,COLUMBUS ,OH,43240-2142,United States,614-985-1337,,,,,,
Square One Salon & Spa - New Albany,,5485 NEW ALBANY RD W ,,NEW ALBANY ,OH,43054-8221,United States,614-775-0505,,,,,,
Roosters - Dublin,,6455 PERIMETER DR UNIT H ,,DUBLIN ,OH,43016-8459,United States,614-766-4247,,,,,,
Premier Salon Concept,,7196 MUIRFIELD DR ,,DUBLIN ,OH,43017-3801,United States,614-760-9090,,,,,,
Roosters - Powell,,9733 SAWMILL PKWY UNIT F ,,POWELL ,OH,43065-6101,United States,614-336-3666,,,,,,
Canvas Salon and Skin Bar,,3893 POWELL RD ,,POWELL ,OH,43065-7983,United States,614-336-3942,,,,,,
Franco Alexander Salon,,122 W WILLIAM ST ,,DELAWARE ,OH,43015-2305,United States,740-369-2887,,,,,,
Sage Salon & Studio,,129 BREVARD CT ,,CHARLOTTE ,NC,28202-1926,United States,980-474-1009,,,,,,
Versa Salon and Spa,,220 N PINE ST STE A ,,CHARLOTTE ,NC,28202-1808,United States,704-335-2277,,,,,,
Aveda Institute - Charlotte,,1520 SOUTH BLVD STE 150 ,,CHARLOTTE ,NC,28203-4799,United States,704-333-9940,,,,,,
Gisoo Salon,,1236 EAST BLVD STE A ,,CHARLOTTE ,NC,28203-6342,United States,704-919-0109,,,,,,
Dolce Lusso Salon and Spa,,4237 PARK RD STE B ,,CHARLOTTE ,NC,28209-2231,United States,803-802-5877,,,,,,
Carmen! Carmen! - Cotswold,,324 S SHARON AMITY RD ,,CHARLOTTE ,NC,28211-2806,United States,704-364-0270,,,,,,
South Park - Aveda Store,,4400 Sharon Road ,,CHARLOTTE ,NC,28211,United States,704-362-3023,,,,,,
Carmen!Carmen! Prestige Salon & Spa,,4400 SHARON RD ,,CHARLOTTE ,NC,28211-3592,United States,704-644-4500,,,,,,
Belk Salon & Spa - North Lake,,7115 NORTHLAKE MALL DR ,,CHARLOTTE ,NC,28216-1938,United States,704-598-3151,,,,,,
Sage Spa,,10829 PINEVILLE RD STE 4 ,,PINEVILLE ,NC,28134-8200,United States,704-651-6878,,,,,,
ReGen Salon,,33 N MAIN ST STE A ,,BELMONT ,NC,28012-3155,United States,704-825-1248,,,,,,
Bella Vita Salon,,7124 MATTHEWS MINT HILL RD ,,MINT HILL ,NC,28227-7592,United States,704-595-3506,,,,,,
Dolce Lusso - Stonecrest,,7808 REA RD ,,CHARLOTTE ,NC,28277-6582,United States,704-542-6550,,,,,,
Rooster's - Ballantyne,,,,CHARLOTTE ,NC,28277-3479,United States,704-542-0098,,,,,,
Carmen! Carmen! - Ballantyne,,15235 JOHN J DELANEY DR ,,CHARLOTTE ,NC,28277-2835,United States,704-540-5640,,,,,,
Roosters - Huntersville,,9818 GILEAD RD STE 105B ,,HUNTERSVILLE ,NC,28078-7597,United States,704-727-0386,,,,,,
Harmony Salon-Blakeney,,,,CHARLOTTE ,NC,28277,United States,704-543-3748,,,,,,
Dolce Lusso Salon & Spa,,985 MARKET ST STE 101 ,,FORT MILL ,SC,29708-6533,United States,803-802-5877,,,,,,
Evergreen Salon & Day Spa,,331 CODDLE MARKET DR NW STE 130 ,,CONCORD ,NC,28027-2419,United States,704-786-2449,,,,,,
Studio Sixteen,,124 HIGHWAY 16 S ,,DENVER ,NC,28037-8905,United States,704-966-0617,,,,,,
Bangz Salon and Spa,,169 W MAIN AVE ,,GASTONIA ,NC,28052-4154,United States,704-867-8311,,,,,,
It's All About You,,427 CHURCH ST N ,,CONCORD ,NC,28025-4577,United States,704-795-4586,,,,,,
JACK RABBIT,,1654 DICKERSON BLVD STE E ,,MONROE ,NC,28110-2882,United States,704-289-9881,,,,,,
Lemongrass Salon & Spa - Fort Worth,,1612 S UNIVERSITY DR 403 ,,FORT WORTH ,TX,76107-6562,United States,817-332-1155,,,,,,
Lemongrass Salon Hulen,,4801 OVERTON RIDGE BLVD STE 148 ,,FORT WORTH ,TX,76132-1971,United States,682-747-5971,,,,,,
AVALON DESIGNS,,251 TOWN CENTER LN STE 2107 ,,KELLER ,TX,76248-2166,United States,817-379-3011,,,,,,
ETTORE,,1346 OTTAWA ST UNIT A N8X 2E8 ,,WINDSOR ,ON,,United States,519-254-8447,,,,,,
SABIN'S HAIR FASHIONS,,3100 HOWARD AVE ,,WINDSOR ,N8X,3Y8,United States,519-969-0027,,,,,,
ELIE HABIB SALON & SPA,,350 CABANA RD E STE 7 N9G 1A3 ,,WINDSOR ,ON,,United States,519-972-8500,,,,,,
Tresses Hair Studio,,16914 KERCHEVAL AVE ,,GROSSE POINTE ,MI,48230-1533,United States,313-881-4500,,,,,,
Daybreak Salon and Spa,,2959 BIDDLE AVE ,,WYANDOTTE ,MI,48192-5213,United States,734-561-3764,,,,,,
Pretty Lady Salon,,7840 ALLEN RD ,,ALLEN PARK ,MI,48101-1702,United States,313-386-5557,,,,,,
Aretee Day Spa,,20559 MACK AVE ,,GROSSE POINTE WOODS ,MI,48236-1655,United States,313-423-0087,,,,,,
Mystique Day Spa,,610 TELEGRAPH RD ,,DEARBORN ,MI,48128-1620,United States,313-563-0295,,,,,,
5th & Fringe Salon & Spa Inc,,2512 ROCHESTER RD ,,ROYAL OAK ,MI,48073-3635,United States,248-298-2460,,,,,,
Douglas J Aveda Institute,,409 S CENTER ST ,,ROYAL OAK ,MI,48067-3847,United States,248-336-5500,,,,,,
Upstares Salon,,321 S WASHINGTON AVE ,,ROYAL OAK ,MI,48067-3822,United States,248-545-1790,,,,,,
Sakora Salon,,15007 EUREKA RD ,,SOUTHGATE ,MI,48195-2609,United States,734-282-4247,,,,,,
Salon Tru,,2949 W 12 MILE RD ,,BERKLEY ,MI,48072-1413,United States,248-547-4084,,,,,,
Bon Terra Salon,,1707 LIVERNOIS RD ,,TROY ,MI,48083-1735,United States,248-250-6445,,,,,,
Salon Indigo,,16030 15 MILE RD ,,FRASER ,MI,48026-3703,United States,586-415-0249,,,,,,
Daybreak Salon & Spa,,19125 WEST RD ,,WOODHAVEN ,MI,48183-3315,United States,734-561-3764,,,,,,
CRITIQUE,,248 RAMSEY ST N9V 0O0 ,,AMHERSTBURG ,ON,,United States,519-736-8300,,,,,,
STYLE MASTERS SALON,,32669 W WARREN RD STE 3 ,,GARDEN CITY ,MI,48135-1677,United States,734-422-6420,,,,,,
Salon Legato II,,335 E MAPLE RD ,,BIRMINGHAM ,MI,48009-6325,United States,248-385-1166,,,,,,
Somerset North - Aveda Store,,,,TROY ,MI,48084,United States,248-816-3333,,,,,,
InStinct Salon,,25471 TELEGRAPH RD ,,FLAT ROCK ,MI,48134-1009,United States,734-782-7033,,,,,,
Salon Legato,,33318 GRAND RIVER AVE ,,FARMINGTON ,MI,48336-3179,United States,248-442-4999,,,,,,
Stephen James SalonSpa LLC,,17450 HALL RD STE 160 ,,CLINTON TOWNSHIP ,MI,48038-1330,United States,586-226-0336,,,,,,
Shirley Berney Salon,,3999 CENTERPT PKWY STE 110 ,,PONTIAC ,MI,48341-3122,United States,248-334-4500,,,,,,
Ashka Salon,,242 N CANTON CENTER RD ,,CANTON ,MI,48187,United States,734-414-9980,,,,,,
Act II Hair Salon,,50400 VAN DYKE AVE ,,SHELBY TOWNSHIP ,MI,48317-1358,United States,586-254-9171,,,,,,
Pure Glo Salon,,50688 SCHOENHERR RD ,,SHELBY TOWNSHIP ,MI,48315-3135,United States,586-566-0110,,,,,,
Salon Agape',,43267 CRESCENT BLVD ,,NOVI ,MI,48375-1207,United States,248-735-1584,,,,,,
The Color Room Salon,,2038 CASS LAKE RD STE 3 ,,KEEGO HARBOR ,MI,48320-1268,United States,248-674-4247,,,,,,
Twelve Oaks - Aveda Store,,27406 Novi Rd SPC 209 ,,NOVI ,MI,48377,United States,248-374-0672,,,,,,
Stephen James Salon/Spa,,528 N MAIN ,,ROCHESTER ,MI,48307-1457,United States,248-652-4060,,,,,,
Rachel's Hair Designs,,10 N MAIN ST STE 100 ,,MEMPHIS ,TN,38103-2148,United States,901-527-7511,,,,,,
PAVO SALON - CENTRAL,,2157 CENTRAL AVE ,,MEMPHIS ,TN,38104-5502,United States,901-818-0773,,,,,,
PAVO,,374 GROVE PARK RD STE 101 ,,MEMPHIS ,TN,38117-3529,United States,901-818-0773,,,,,,
Chroma Salon & Spa,,1015 1ST AVE ,,SEATTLE ,WA,98104-1007,United States,206-682-0748,,,,,,
Gary Manuel Salon,,528 2ND AVE ,,SEATTLE ,WA,98104-2336,United States,206-728-1234,,,,,,
Pacific Place - Aveda Store,,600 PINE ST STE 136 ,,SEATTLE ,WA,98101-3718,United States,206-624-2450,,,,,,
Vann-Edge Salon and Spa,,2030 1ST AVE ,,SEATTLE ,WA,98121-2183,United States,206-441-5511,,,,,,
Gary Manuel Aveda Institute,,1514 10TH AVE ,,SEATTLE ,WA,98122-3807,United States,206-329-9933,,,,,,
Gary Manuel Studio - SLU,,390 WESTLAKE AVE N ,,SEATTLE ,WA,98109,United States,206-728-1234,,,,,,
Kismet Salon,,512 BROADWAY E ,,SEATTLE ,WA,98102-5024,United States,206-860-0323,,,,,,
Chroma Salon & Spa,,1809 QUEEN ANNE AVE N ,,SEATTLE ,WA,98109-2849,United States,206-436-7700,,,,,,
Glam and Tonics,,2302 24TH AVE E ,,SEATTLE ,WA,98112-2607,United States,206-465-7820,,,,,,
Ella & Oz Salon,,2138 CALIFORNIA AVE ,,SEATTLE ,WA,98116-2164,United States,206-932-5988,,,,,,
Chroma Salon,,1905 N 45TH ST ,,SEATTLE ,WA,98103-6804,United States,206-805-2055,,,,,,
Beehive Salon-West Seattle,,4502 42ND AVE SW STE B ,,SEATTLE ,WA,98116-5858,United States,206-258-3330,,,,,,
University Village - Aveda Store,,2622 NE University Village SPC 727 ,,SEATTLE ,WA,98105,United States,206-526-2610,,,,,,
Beehive Salon,,2101 N 55TH ST STE 120 ,,SEATTLE ,WA,98103-6264,United States,206-547-1510,,,,,,
Caruh,,6417 ROOSEVELT WAY NE STE 204 ,,SEATTLE ,WA,98115-6657,United States,206-525-4774,,,,,,
S Spa Seattle,,8011 GREENWOOD AVE N ,,SEATTLE ,WA,98103-4228,United States,206-947-3115,,,,,,
Bellevue Square-Aveda Store,,243 Bellevue Square ,,BELLEVUE ,WA,98004,United States,425-454-1375,,,,,,
Wild Root Salon & Spa - Northgate,,401 NE NORTHGATE WAY SPC 1001 ,,SEATTLE ,WA,98125,United States,206-367-4700,,,,,,
Bella Sirena Salon,,218 KIRKLAND AVE ,,KIRKLAND ,WA,98033-6503,United States,425-822-6040,,,,,,
Salon UnMixed,,6525 132ND AVE NE ,,KIRKLAND ,WA,98033-8628,United States,425-881-8811,,,,,,
Southcenter Mall - Aveda Store,,211 SOUTHCENTER MALL ,,TUKWILA ,WA,98188-2834,United States,206 241-0364,,,,,,
Asante Salon,,16528 CLEVELAND ST STE D ,,REDMOND ,WA,98052-4460,United States,425-882-1641,,,,,,
Ra Salon Spa,,16375 NE 85TH ST STE 101 ,,REDMOND ,WA,98052-3554,United States,425-284-0404,,,,,,
K & Co Salon,,14545 148TH AVE NE STE 221 ,,WOODINVILLE ,WA,98072-8938,United States,425-402-8888,,,,,,
Chroma Salon and Spa,,512 5TH AVE S STE 1 ,,EDMONDS ,WA,98020-3480,United States,425-776-5055,,,,,,
Mint Salon & Spa,,68 E SUNSET WAY ,,ISSAQUAH ,WA,98027-3813,United States,425-392-3367,,,,,,
Chroma Salon & Spa,,19620 HIGHWAY 99 STE 104 ,,LYNNWOOD ,WA,98036-5565,United States,425-697-2086,,,,,,
Alderwood Mall - Aveda Store,,3000 184th St SW STE 517 ,,LYNNWOOD ,WA,98037,United States,425-672-0710,,,,,,
Karma Beauty Bar,,18500 33RD AVE W STE C ,,LYNNWOOD ,WA,98037-4777,United States,425-776-1013,,,,,,
NORDSTROM - ALDERWOODS,,3200 184TH STREET SW ,,LYNNWOOD ,WA,98037,United States,,,,,,,
Seaport Salon & Spa,,9130 WASHINGTON AVE NW ,,SILVERDALE ,WA,98383-8379,United States,360-698-0781,,,,,,
Inspiritu Salon,,19980 10TH AVE NE STE 102 ,,POULSBO ,WA,98370-6322,United States,360-598-3333,,,,,,
Salon Bellissima,,4418 AUBURN WAY N STE 1 ,,AUBURN ,WA,98002-1385,United States,253-854-1650,,,,,,
Salon Ina,,32921 1ST AVE S STE C ,,FEDERAL WAY ,WA,98003-2609,United States,253-661-2700,,,,,,
Bella Dolche Salon & Spa,,35 SE EVERETT MALL WAY STE 101 ,,EVERETT ,WA,98208-3215,United States,425-513-9360,,,,,,
Jax Salon & Spa,,3111 HARBORVIEW DR STE 100 ,,GIG HARBOR ,WA,98335-2124,United States,253-851-5599,,,,,,
FoxFire Salon & Spa,,2701 N PROCTOR ,,TACOMA ,WA,98407-5227,United States,253-565-7765,,,,,,
Namaste Salon on Broadway,,1301 SPEER BLVD STE A ,,DENVER ,CO,80204-2570,United States,303-777-5914,,,,,,
Aveda Institute - Denver,,700 16TH ST ,,DENVER ,CO,80202-3229,United States,303-567-7500,,,,,,
Veda Salon & Spa,,1717 CHAMPA ST ,,DENVER ,CO,80202-2704,United States,303-308-0524,,,,,,
Aveda Academy - Denver,,1650 MARKET ST ,,DENVER ,CO,80202-1514,United States,303-892-8922,,,,,,
Namaste Salon,,1019 E 9TH AVE ,,DENVER ,CO,80218-3321,United States,303-837-1300,,,,,,
Zandi K Hair & Skin Studio,,572 INCA ST ,,DENVER ,CO,80204-5018,United States,303-733-3733,,,,,,
Headlines-The Washington Park Salon,,284 S DOWNING ST ,,DENVER ,CO,80209-2433,United States,303-777-9251,,,,,,
Three Cutters on Pearl,,485 S PEARL ST ,,DENVER ,CO,80209-2021,United States,303-733-0845,,,,,,
Planet Laboratories - Cherry Creek,,200 CLAYTON ST ,,DENVER ,CO,80206-4843,United States,303-321-0022,,,,,,
BERENICES,,3500 E 12TH AVE ,,DENVER ,CO,80206-3434,United States,303-399-9156,,,,,,
NORDSTROM-CHERRY CREEK #37,,2810 EAST 1ST AVE ,,DENVER ,CO,80206,United States,,,,,,,
Cherry Creek - Aveda Store,,3000 E 1ST AVE STE 160 ,,DENVER ,CO,80206-5635,United States,303-320-0104,,,,,,
Vida Salon,,3390 W 32ND AVE ,,DENVER ,CO,80211-3686,United States,303-455-3320,,,,,,
Starling Salon,,40 W LOUISIANA AVE ,,DENVER ,CO,80223-3227,United States,303-284-9205,,,,,,
Evolution Salon,,4500 W 38TH AVE STE 120 ,,DENVER ,CO,80212-2005,United States,303-863-7041,,,,,,
Centre Salon Lakewood,,457 WADSWORTH BLVD STE B ,,LAKEWOOD ,CO,80226-1535,United States,303-233-8089,,,,,,
Ergo,,8216 NORTHFIELD BLVD STE 1330 ,,DENVER ,CO,80238-3116,United States,303-373-5455,,,,,,
Tribe,,1555 SIMMS ST ,,LAKEWOOD ,CO,80215-2609,United States,303-462-2003,,,,,,
Centre Salon - Tiffany Plaza,,,,DENVER ,CO,80231-4848,United States,303-773-3441,,,,,,
Obsessed Salon and Spa,,2611 S PARKER RD ,,AURORA ,CO,80014-1617,United States,303-337-6309,,,,,,
Get Gorgeous,,7170 W RADCLIFF AVE ,,LITTLETON ,CO,80123-1208,United States,303-933-2884,,,,,,
Hana Designs,,229 W LITTLETON BLVD ,,LITTLETON ,CO,80120-2331,United States,303-799-4262,,,,,,
Mode Salon,,2580 W MAIN ST ,,LITTLETON ,CO,80120-4627,United States,303-797-0393,,,,,,
Zandi K Salon West,,14235 W COLFAX AVE ,,LAKEWOOD ,CO,80401-3211,United States,303-733-3733,,,,,,
Dillards # 982 - Aurora,,14200 EAST ALAMEDA AVE ,,AURORA ,CO,80012-2511,United States,720-858-0909,,,,,,
Bella Luna Salon,,1258 S ABILENE ST ,,AURORA ,CO,80012-4629,United States,303-337-5862,,,,,,
Roosters - Denver West Promenade,,14710 W COLFAX AVE # 140 ,,LAKEWOOD ,CO,80401-3215,United States,303-278-8686,,,,,,
The Hair Lounge,,14799 W 6TH AVE STE A6 ,,GOLDEN ,CO,80401-5256,United States,303-278-1386,,,,,,
MONTANA SALON AND DAY SPA,,8000 E BELLEVIEW AVE STE B90 ,,GREENWOOD VILLAGE ,CO,80111-2642,United States,303-740-9140,,,,,,
THE HAIR STATION,,9765 OSCEOLA ST ,,WESTMINSTER ,CO,80030-2605,United States,303-465-5655,,,,,,
Salon AKA Inc,,2154 E COMMONS AVE STE 312 ,,CENTENNIAL ,CO,80122-3267,United States,303-331-6621,,,,,,
Dillards # 984 - Littleton,,8501 W BOWLES AVE ,,LITTLETON ,CO,80123-9502,United States,303-979-9402,,,,,,
Avalon Salon & Day Spa,,7301 S SANTA FE DR STE 350 ,,LITTLETON ,CO,80120-2981,United States,303-730-9399,,,,,,
Centre Salon,,15400 W 64TH AVE UNIT E11 ,,ARVADA ,CO,80007-6852,United States,303-425-0931,,,,,,
"Centre Salon & Spa, Westminster",,,,BROOMFIELD ,CO,80021-6093,United States,303-429-6465,,,,,,
Platinum Hair Studio,,3901 E 112TH AVE UNIT B ,,THORNTON ,CO,80233-2546,United States,303-450-2727,,,,,,
ADVANCED DESIGN SALON,,9690 E ARAPAHOE RD ,,GREENWOOD VILLAGE ,CO,80112-3703,United States,303-662-1912,,,,,,
Centre Salon & Spa Lone Tree,,7824 PARK MEADOWS DR STE 100 ,,LONE TREE ,CO,80124-2567,United States,303-799-4499,,,,,,
La Tierra,,9325 DORCHESTER ST STE 130 ,,HIGHLANDS RANCH ,CO,80129-2519,United States,303-470-7900,,,,,,
Park Meadows-Aveda Store,,8405 PARK MEADOWS CENTER Ste 1147 ,,LONE TREE ,CO,80124-5047,United States,303-799-1981,,,,,,
Wild Roots Salon,,291 E FLATIRON CROSSING DR UNIT B ,,BROOMFIELD ,CO,80021-8060,United States,303-469-4606,,,,,,
Flatiron Crossings - Aveda Store,,1 W Flatiron Circle STE 1176 ,,BROOMFIELD ,CO,80021,United States,720-887-1981,,,,,,
Altitude Salon LLC,,9854 ZENITH MERIDIAN DR STE B ,,ENGLEWOOD ,CO,80112-6334,United States,303-799-4242,,,,,,
Tribeca of NY Natural Hair Salon&Sp,,6820 S LIVERPOOL ST STE A ,,AURORA ,CO,80016-1774,United States,303-617-7778,,,,,,
Halcyon Salon and Spa,,3140 VILLAGE VISTA DR UNIT 103 ,,ERIE ,CO,80516-2529,United States,720-449-6228,,,,,,
Rize Salon,,2325 PRAIRIE CENTER PKWY UNIT A ,,BRIGHTON ,CO,80601-7035,United States,303-655-8242,,,,,,
Salon Nov,,765 E SOUTH BOULDER RD UNIT 200 ,,LOUISVILLE ,CO,80027,United States,720-890-3987,,,,,,
Evergreen Cottage,,502 W BASELINE RD ,,LAFAYETTE ,CO,80026-1723,United States,303-926-0426,,,,,,
"Rumors, A Salon",,301 S 4TH ST ,,BRIGHTON ,CO,80601-2035,United States,303-659-8872,,,,,,
Ninety Fifth Street Spa & Salon,,2765 DAGNY WAY STE 100 ,,LAFAYETTE ,CO,80026-8021,United States,303-666-7036,,,,,,
Corey Sutton Inc,,3601 ARAPAHOE AVE STE D180 ,,BOULDER ,CO,80303-1310,United States,720-465-9057,,,,,,
Zinke Hair Studio,,1810 29TH ST UNIT 2000 ,,BOULDER ,CO,80301-1062,United States,303-442-4247,,,,,,
Salon Sabiha,,2575 PEARL ST ,,BOULDER ,CO,80302-3851,United States,303-440-0722,,,,,,
Pompadours Hair Salon,,1320 PEARL ST STE 200 ,,BOULDER ,CO,80302-5279,United States,303-938-8015,,,,,,
On Broadway,,380 ARAPAHOE AVE ,,BOULDER ,CO,80302-5823,United States,303-444-0330,,,,,,
Avani Salon Spa,,75 NEWBURY ST # 2 ,,BOSTON ,MA,02116-3281,United States,617-267-3080,,,,,,
Element Day Spa,,91 MAIN ST ,,CHARLESTOWN ,MA,02129-3739,United States,617-242-3200,,,,,,
Rooster's Men's Grooming Center,,518 TREMONT ST UNIT 1B ,,BOSTON ,MA,02116-6311,United States,857-305-3106,,,,,,
Escape,,800 BOYLSTON ST UNIT 230 ,,BOSTON ,MA,02199-1900,United States,617-423-1350,,,,,,
Moxie Star Salon,,473 SHAWMUT AVE ,,BOSTON ,MA,02118-3838,United States,617-375-7827,,,,,,
Sway Spa,,485 COMMONWEALTH AVE ,,BOSTON ,MA,02215-2204,United States,617-651-0044,,,,,,
SOMA Salon and Spa,,471 ARTISAN WAY ,,SOMERVILLE ,MA,02145-1205,United States,617-628-7662,,,,,,
Pyara Spa & Salon - Cambridge,,1050 MASSACHUSETTS AVE ,,CAMBRIDGE ,MA,02138-5359,United States,781-270-9200,,,,,,
Citrus Spa & Salon,,233 HARVARD ST STE 12 ,,BROOKLINE ,MA,02446-5017,United States,617-277-3339,,,,,,
Hair Pluss,,1 GROVE ST ,,WATERTOWN ,MA,02472-2047,United States,617-924-4424,,,,,,
Salon SO,,588 MOUNT AUBURN ST ,,WATERTOWN ,MA,02472-4124,United States,617-923-1988,,,,,,
"Salon Lison, Inc.",,620 HAMMOND ST ,,CHESTNUT HILL ,MA,02467-2101,United States,617-734-8100,,,,,,
Centre Cuts Salon & Day Spa,,6 BELGRADE AVE STE 8 ,,ROSLINDALE ,MA,02131-3006,United States,617-325-0002,,,,,,
Chestnut Hill - Aveda Store,,199 BOYLSTON ST STE N125 ,,CHESTNUT HILL ,MA,02467-1607,United States,617-559-0121,,,,,,
Rosemary Park Hair Salon,,518 LINCOLN AVE ,,SAUGUS ,MA,01906-3849,United States,781-558-2538,,,,,,
Giacomo and Rondi Salon,,539 COMMONWEALTH AVE ,,BOSTON ,MA,02215-2005,United States,617-437-1313,,,,,,
Salone Estetica,,6 THOMPSON ST ,,WINCHESTER ,MA,01890-2904,United States,781-729-7484,,,,,,
Beautiful Moi!,,201 MASSACHUSETTS AVE ,,LEXINGTON ,MA,02420-4003,United States,781-863-5274,,,,,,
BLush Spa,,,,WALTHAM ,MA,02453-4313,United States,617-319-8821,,,,,,
Terra Spa,,587 HIGH ST ,,DEDHAM ,MA,02026-1863,United States,781-493-6000,,,,,,
Tania A Unique Salon & Spa,,87 ALBION ST ,,WAKEFIELD ,MA,01880-2801,United States,781-224-9826,,,,,,
South Shore Plaza - Aveda Store,,250 Granite St Ste 2059A ,,BRAINTREE ,MA,02184-2804,United States,781-843-0911,,,,,,
Tania Too,,18 CHESTNUT ST ,,WAKEFIELD ,MA,01880-2313,United States,781-820-0001,,,,,,
Jason B William Salon Inc,,576 SOUTH ST ,,WALTHAM ,MA,02453-8913,United States,781-891-0909,,,,,,
Raina's Color Studio,,134 HUMPHREY ST ,,SWAMPSCOTT ,MA,01907-2510,United States,781-593-3700,,,,,,
Burlington Mall - Aveda Store,,75 Middlesex Tpke Ste 1092 ,,BURLINGTON ,MA,01803,United States,781-270-4046,,,,,,
Zona - Hingham,,65 SOUTH ST ,,HINGHAM ,MA,02043-2524,United States,781-749-4500,,,,,,
Pyara Spa & Salon - Burlington,,101 MIDDLESEX TURNPIKE ,,BURLINGTON ,MA,01803-4914,United States,781-270-9200,,,,,,
Zona Salon,,1132 MAIN ST ,,WEYMOUTH ,MA,02190-1511,United States,781-335-4545,,,,,,
Daryl Christopher Beauty,,115A TOWER RD ,,WALTHAM ,MA,02451,United States,781-890-9211,,,,,,
NORDSTROM-NORTHSHORE#536,,210 ANDOVER STREET ,,PEABODY ,MA,01960,United States,,,,,,,
Radiance Lifestyle Salon & Spa,,316 DERBY ST ,,SALEM ,MA,01970-3633,United States,978-741-8110,,,,,,
Radiance Salon,,60 ATLANTIC AVE STE C ,,MARBLEHEAD ,MA,01945-3035,United States,781-639-1708,,,,,,
Razors & Blades LTD,,85 ANDOVER ST ,,DANVERS ,MA,01923-1417,United States,978-624-7277,,,,,,
Earth Tones Hair Salon,,812 CHIEF JUSTICE CUSHING HW STE 4 ,,COHASSET ,MA,02025-2151,United States,781-383-6663,,,,,,
Alantra Spa,,21 MAIN ST STE 1A ,,NORTH READING ,MA,01864-2286,United States,978-276-3400,,,,,,
Salon Monique,,776 WASHINGTON ST ,,CANTON ,MA,02021-3009,United States,781-828-8338,,,,,,
Deborah Coull Salon,,116 RANTOUL ST ,,BEVERLY ,MA,01915-4256,United States,978-922-0322,,,,,,
Zona - Norwell,,10 WASHINGTON ST ,,NORWELL ,MA,02061-1749,United States,781-871-4545,,,,,,
Earth Care Beauty & Wellness,,203 MAIN ST ,,WALPOLE ,MA,02081-4023,United States,508-668-7132,,,,,,
Deidre Salon & Spa,,50 FERNCROFT RD ,,DANVERS ,MA,01923-4017,United States,978-777-4813,,,,,,
Natick Mall - Aveda Store,,1245 Worcester St STE 1184 ,,NATICK ,MA,01760,United States,508-651-9229,,,,,,
Naturally You,,9 CHURCH ST ,,WEST CONCORD ,MA,01742-3001,United States,978-369-1009,,,,,,
Style Salon,,419 WORCESTER RD ,,FRAMINGHAM ,MA,01701-5367,United States,508-370-9866,,,,,,
Laura's Essentials Salon & Day Spa,,14 WEST ST ,,BEVERLY ,MA,01915-2226,United States,978-927-2883,,,,,,
Nu Yu,,268 GREAT RD ,,ACTON ,MA,01720-4709,United States,978-263-9027,,,,,,
Salon Bogart,,4 SUMMER ST STE A ,,MANCHESTER ,MA,01944-1567,United States,978-525-3221,,,,,,
RICHARD FRANCIS,,25 W UNION ST ,,ASHLAND ,MA,01721-1465,United States,508-881-4004,,,,,,
Allura Salon & Spa,,173 MARKET ST ,,LOWELL ,MA,01852-1810,United States,978-458-1132,,,,,,
Pure Salon and Spa,,155 BROADWAY RD ,,DRACUT ,MA,01826-2735,United States,978-674-8188,,,,,,
William Edge Salon - Nashville,,2214 ELLISTON PL STE 100 ,,NASHVILLE ,TN,37203-5285,United States,615-515-3767,,,,,,
TRUE BLUE SALON,,2817 W END AVE STE 109 ,,NASHVILLE ,TN,37203-1480,United States,615-329-4454,,,,,,
The Mall at Green Hills - Aveda Sto,,2126 Abbott Martin Rd Ste 214 ,,Nashville ,TN,37215-2639,United States,615-297-2621,,,,,,
SERAPHIM SALON & SPA,,2624 OLD LEBANON PIKE ,,NASHVILLE ,TN,37214,United States,615-889-5538,,,,,,
Jon Alan Salon- Nippers Corner,,15556 OLD HICKORY BLVD ,,NASHVILLE ,TN,37211-7330,United States,615-331-9800,,,,,,
Bishops Hair Salon,,135 BELLE FOREST CIR ,,NASHVILLE ,TN,37221-2103,United States,615-646-2722,,,,,,
Jon Alan Salon - Bellevue,,7052 HIGHWAY 70 S ,,NASHVILLE ,TN,37221,United States,615-646-8600,,,,,,
Dillards # 422 - Rivergate Mall,,1000 RIVERGATE PKWY STE 4 ,,GOODLETTSVILLE ,TN,37072-2405,United States,615-855-2728,,,,,,
Aveda Institute - Nashville,,1765 GALLERIA BLVD ,,FRANKLIN ,TN,37067-1602,United States,615-567-5417,,,,,,
Jon Alan Salon -Meridian@Cool Sprin,,2000 MERIDIAN BLVD STE 104 ,,FRANKLIN ,TN,37065-6347,United States,615-771-6400,,,,,,
Origina Salon Spa,,443 COOL SPRINGS BLVD STE 105 ,,FRANKLIN ,TN,37067-4628,United States,615-771-9005,,,,,,
Unruli Salon,,121 3RD AVE N ,,FRANKLIN ,TN,37064-2502,United States,615-599-5339,,,,,,
Alpha Studio,,817 S BOND ST ,,BALTIMORE ,MD,21231-3308,United States,410-327-1300,,,,,,
Balance the Salon,,2700 REMINGTON AVE STE 300 ,,BALTIMORE ,MD,21211-3041,United States,410-366-6169,,,,,,
East Bank Hair,,5726 FALLS RD ,,BALTIMORE ,MD,21209-3708,United States,410-435-4414,,,,,,
Elements Salon & Wellness Spa,,105 WARE AVE ,,TOWSON ,MD,21204-4004,United States,410-823-3942,,,,,,
Towson Town Center - Aveda Store,,825 Dulaney Valley Road SPC 4040 ,,TOWSON ,MD,21204,United States,410-847-9340,,,,,,
The Massage Boutique,,8086 MAIN ST ,,UPPR LEVEL ELLICOTT CITY ,MD,21043-4617,United States,410-480-5101,,,,,,
Luna's Day Spa,,9051 BALTIMORE NATIONAL PIKE STE 2 ,,ELLICOTT CITY ,MD,21042-3927,United States,410-203-1865,,,,,,
Soiree Salon,,9832 YORK RD STE 2F ,,COCKEYSVILLE ,MD,21030-4965,United States,410-628-6061,,,,,,
The Vanity Salon at Angies,,3905 MOUNTAIN RD STE D ,,PASADENA ,MD,21122-4441,United States,410-255-4119,,,,,,
Thirty Hair,,6925 OAKLAND MILLS RD STE E ,,COLUMBIA ,MD,21045-4714,United States,410-381-7070,,,,,,
Columbia Mall - Aveda Store,,10300 Little Patuxent Pkw STE 1835 ,,COLUMBIA ,MD,21044,United States,410-772-0100,,,,,,
Annapolis Mall - Aveda Store,,1510 Annapolis Mall ,,Annapolis ,MD,21401-3087,United States,410-224-2329,,,,,,
THE COLORLAB ACADEMY,,227 ARCHER STREET ,,BEL AIR ,MD,21014-3639,United States,410-838-0845,,,,,,
Varuna,,1 PARK PLACE STE 11 ,,ANNAPOLIS ,MD,21401-3475,United States,410-268-2828,,,,,,
Eden Salon LLC,,517 W MAIN ST ,,OKLAHOMA CITY ,OK,73102-2219,United States,405-722-3336,,,,,,
Eden Salon,,4200 N WESTERN AVE STE B ,,OKLAHOMA CITY ,OK,73118-5400,United States,405-525-6110,,,,,,
Monroe Salon and Spa LLC,,5740 N CLASSEN BLVD STE 1 ,,OKLAHOMA CITY ,OK,73118,United States,405-340-8190,,,,,,
BELLEFONTES' SALON,,2801 S DOUGLAS BLVD STE 102 ,,MIDWEST CITY ,OK,73130-7133,United States,405-741-0004-101,,,,,,
EDEN SALON,,12200 N MACARTHUR BLVD STE E ,,OKLAHOMA CITY ,OK,73162-1849,United States,405-722-3336,,,,,,
Salon Brigata,,316 W EDMOND RD ,,EDMOND ,OK,73003-5600,United States,405-844-4600,,,,,,
Ihloff Salon - Brookhaven,,3720 W ROBINSON STE 130 ,,NORMAN ,OK,73072-3640,United States,918-587-2566,,,,,,
Pioneer Place - Aveda Store,,700 SW 5TH AVE STE 2015 ,,PORTLAND ,OR,97204-2000,United States,503-224-9339,,,,,,
Aveda Institute Portland,,325 NW 13TH AVE ,,PORTLAND ,OR,97209,United States,503-294-6000,,,,,,
Brilliant Salon & Spa,,1811 SW RIVER DR STE 100 ,,PORTLAND ,OR,97201-5180,United States,503-226-1336,,,,,,
Wildroot Salon,,801 N RUSSELL ST ,,PORTLAND ,OR,97227-1731,United States,503-280-2044,,,,,,
Pure Salon & Spa,,1423 NE BROADWAY ,,PORTLAND ,OR,97232-1404,United States,503-287-0800,,,,,,
Salon Nyla,,10222 E BURNSIDE ST ,,PORTLAND ,OR,97216-2732,United States,503-517-8512,,,,,,
Vata Salon,,205 W 6TH ST ,,VANCOUVER ,WA,98660,United States,360-885-1077,,,,,,
Dosha - Clackamas,,12000 SE 82ND AVE STE L 125 ,,HAPPY VALLEY ,OR,97086,United States,503-228-8280,,,,,,
Main Street Day Spa,,2006 MAIN ST ,,VANCOUVER ,WA,98660-2637,United States,360-906-0826,,,,,,
Aveda Institute Portland-Vancouver,,6615 NE FOURTH PLAIN BLVD ,,VANCOUVER ,WA,98661-7264,United States,360-619-0008,,,,,,
Dosha Salon Spa - Beaverton,,14795 SW MURRAY SCHOLLS DR STE 101 ,,BEAVERTON ,OR,97007-9230,United States,503-579-1500,,,,,,
New Beginning Salon Spa,,19360 NW CORNELL RD ,,HILLSBORO ,OR,97124-9378,United States,503-645-2950,,,,,,
Vancouver Mall- Aveda Store,,8700 NE VANCOUVER MALL DR STE 128 ,,VANCOUVER ,WA,98662-7920,United States,360-253-3444,,,,,,
Sorelle Spa Salon,,19215 SE 34TH ST ,,CAMAS ,WA,98607-8829,United States,360-254-2120,,,,,,
Salon Fuss,,13203 SE 172ND AVE STE 172 ,,HAPPY VALLEY ,OR,97086-8738,United States,503-454-0565,,,,,,
Windflower Salon,,10 NW 3RD ST ,,GRESHAM ,OR,97030-7202,United States,503-489-5421,,,,,,
ArtiZan Salon,,21430 SW LANGER FARMS PKWY STE 152 ,,SHERWOOD ,OR,97140-9141,United States,503-822-5485,,,,,,
Salon Magnolia,,218 NE 4TH AVE ,,CAMAS ,WA,98607-2124,United States,360-844-6018,,,,,,
Pearl Salon & Boutique,,7509 S 5TH ST STE 113B ,,RIDGEFIELD ,WA,98642-7157,United States,360-921-7340,,,,,,
NORDSTROM-LAS VEGAS,,3200 LAS VEGAS BLVD SOUTH ,,LAS VEGAS ,NV,89109,United States,,,,,,,
WELL Spa,,211 E FLAMINGO RD FL 4 ,,LAS VEGAS ,NV,89169-4708,United States,702-636-2424,,,,,,
Aveda Institute - Las Vegas,,4856 S EASTERN AVE ,,LAS VEGAS ,NV,89119-6103,United States,702-459-2900,,,,,,
Aveda Experience Center-Town Square,,6639 LAS VEGAS BLVD S UNIT 129 ,,LAS VEGAS ,NV,89119-3265,United States,702-270-2860,,,,,,
Centennial Hills Salon & Spa,,7991 W TROPICAL PKWY STE 120 ,,LAS VEGAS ,NV,89149-4539,United States,702-839-9669,,,,,,
Creative Salon,,7625 S RAINBOW BLVD STE 103 ,,LAS VEGAS ,NV,89139-0402,United States,702-269-4566,,,,,,
True Salon & Spa,,4165 S GRAND CANYON DR ,,LAS VEGAS ,NV,89147-7175,United States,702-364-8783,,,,,,
Gianna Christine Salon and Spa,,2265 VILLAGE WALK DR STE 105 ,,HENDERSON ,NV,89052-5691,United States,702-407-0516,,,,,,
G Salon & Spa,,1825 FESTIVAL PLAZA DR STE 100 ,,LAS VEGAS ,NV,89135-2917,United States,702-444-4602,,,,,,
The Parlor,,7580 NORMAN ROCKWELL LN STE 110 ,,LAS VEGAS ,NV,89143-6019,United States,702-754-3300,,,,,,
True Salon & Spa,,10550 SOUTHERN HIGHLANDS P STE 150 ,,LAS VEGAS ,NV,89141-4388,United States,702-364-8783,,,,,,
G Spa Lago,,101 MONTELAGO BLVD ,,HENDERSON ,NV,89011-3203,United States,702-567-6000,,,,,,
Institute of Beauty & Wellness,,327 E SAINT PAUL AVE FL 1 ,,MILWAUKEE ,WI,53202-5817,United States,414-227-2889,,,,,,
Neroli Salon & Spa 3rd Ward,,327 E SAINT PAUL AVE FL 1 ,,MILWAUKEE ,WI,53202-5817,United States,414-227-2888,,,,,,
SALONE,,925 E OGDEN AVE ,,MILWAUKEE ,WI,53202-2830,United States,414-291-6161,,,,,,
Glamorosa Salon & Spa,,810 S 5TH ST ,,MILWAUKEE ,WI,53204-1729,United States,414-383-7088,,,,,,
Neroli Salon & Spa East Side,,1919 E KENILWORTH PL ,,MILWAUKEE ,WI,53202-1121,United States,414-227-2888,,,,,,
ROBERT LAURENCE HAIR STUDIO,,2624 N DOWNER AVE ,,MILWAUKEE ,WI,53211-4244,United States,414-961-7000,,,,,,
The Establishment,,4503 N OAKLAND AVE ,,SHOREWOOD ,WI,53211-1216,United States,414-963-4300,,,,,,
Lovely,,3724 S KINNICKINNIC AVE ,,SAINT FRANCIS ,WI,53235-4224,United States,414-482-7271,,,,,,
HARWOOD HAIR COMPANY,,7430 HARWOOD AVE ,,WAUWATOSA ,WI,53213-2641,United States,414-453-4672,,,,,,
Wulf Hair,,7620 W CENTER ST ,,MILWAUKEE ,WI,53222-5083,United States,414-808-2828,,,,,,
Neroli Salon & Spa Bayshore,,5714 N BAYSHORE DR ,,GLENDALE ,WI,53217-4518,United States,414-227-2888,,,,,,
Cody and Company Inc,,8735 W NORTH AVE ,,WAUWATOSA ,WI,53226-2723,United States,414-258-4744,,,,,,
Shine. A Color Space,,8851 W NORTH AVE ,,WAUWATOSA ,WI,53226-2725,United States,414-763-9498,,,,,,
Texture Salon,,6918 N PORT WASHINGTON RD ,,GLENDALE ,WI,53217-3921,United States,414-477-9877,,,,,,
Mayfair Mall - Aveda Store,,2500 N Mayfair Rd ,,Wauwatosa ,WI,53226-1409,United States,414-778-2255,,,,,,
Exquisite Threading,,2727 N MAYFAIR RD STE C ,,WAUWATOSA ,WI,53222-4400,United States,414-258-4444,,,,,,
Exquisite Threading,,4969 S 76TH ST ,,GREENFIELD ,WI,53220-4305,United States,414-282-8080,,,,,,
Metamorphosis Salon & Spa,,11533 W NORTH AVE ,,WAUWATOSA ,WI,53226-2127,United States,414-778-0098,,,,,,
Salon Lumani,,2336 N 124TH ST ,,WAUWATOSA ,WI,53226-1011,United States,414-774-3668,,,,,,
VICI AVEDA Institute,,4111 S 108TH ST ,,GREENFIELD ,WI,53228-1905,United States,414-425-1700,,,,,,
Aqua Salon & Spa,,7435 S HOWELL AVE ,,OAK CREEK ,WI,53154-2109,United States,414-762-7100,,,,,,
Inspire,,7441 S 27TH ST STE 3 ,,FRANKLIN ,WI,53132-9383,United States,414-483-3644,,,,,,
Salon Medusa,,15060 W GREENFIELD AVE STE 106 ,,BROOKFIELD ,WI,53005-7061,United States,262-789-0545,,,,,,
Aveda EC - Brookfield Square Mall,,95 N MOORLAND RD STE C4 ,,BROOKFIELD ,WI,53005-6021,United States,414-227-2888,,,,,,
Haven Salon,,15155 W NATIONAL AVE ,,NEW BERLIN ,WI,53151-5150,United States,262-202-8572,,,,,,
Gaia Microspa Franklin,,7720 S LOVERS LN RD STE 260 ,,FRANKLIN ,WI,53132-2289,United States,414-425-3485,,,,,,
Neroli Salon and Spa - Mequon,,10902 N PORT WASHINGTON STORE # 63 ,,MEQUON ,WI,53092-5031,United States,414-227-2888,,,,,,
Neroli Salon & Spa Brookfield,,3885 N BROOKFIELD RD ,,BROOKFIELD ,WI,53045-1983,United States,414-227-2888,,,,,,
Pink Lemonade Salon & Spa,,N88W16653 APPLETON AVE ,,MENOMONEE FALLS ,WI,53051-2852,United States,262-502-9115,,,,,,
Tres Jolie Solace,,166 GREEN BAY RD ,,THIENSVILLE ,WI,53092-1660,United States,262-238-0333,,,,,,
Haven Salon + Day Spa,,S76W17789 JANESVILLE RD ,,MUSKEGO ,WI,53150-9299,United States,262-971-2000,,,,,,
THE PARLOR,,N96W17035 DIVISION RD STE B ,,GERMANTOWN ,WI,53022-6419,United States,262-253-6800,,,,,,
Salon Noir,,W61 N306 WASHINGTON AVE STE. 102 ,,CEDARBURG ,WI,53012,United States,262-618-4922,,,,,,
The Klip Joynt,,5052 DOUGLAS AVE ,,RACINE ,WI,53402-2028,United States,262-681-5530,,,,,,
West Wood Health & Fitness Center,,2900 GOLF RD ,,PEWAUKEE ,WI,53072-5449,United States,262-650-8000,,,,,,
The Bluegrass,,3305 WASHINGTON AVE ,,RACINE ,WI,53405-3038,United States,262-633-5505,,,,,,
Kirsten Salon,,151 E CAPITOL DR ,,HARTLAND ,WI,53029-2129,United States,262-367-0204,,,,,,
Studio 231,,231 N FRANKLIN ST ,,PORT WASHINGTON ,WI,53074-1934,United States,262-268-9140,,,,,,
Enve' Salon and Day Spa,,212 W MAIN ST ,,WATERFORD ,WI,53185-4132,United States,262-534-9700,,,,,,
MARK PARDO hair skin body,,3500 CENTRAL AVE SE ,,ALBUQUERQUE ,NM,87106-1446,United States,505-266-2400,,,,,,
Mark Pardo Salon Spa EDO,,401 CENTRAL AVE NE ,,ALBUQUERQUE ,NM,87102-3517,United States,505-298-2983,,,,,,
AXIS Salon and Spa,,201 3RD ST NW STE O ,,ALBUQUERQUE ,NM,87102-3375,United States,505-839-1885,,,,,,
Axis Salon and Spa,,500 COPPER NW UNIT 1B ,,ALBUQUERQUE ,NM,87102-5304,United States,505-839-1885,,,,,,
CASA VERDE,,5113 COMANCHE RD NE ,,ALBUQUERQUE ,NM,87110-1182,United States,505-881-0464,,,,,,
Aveda Institute New Mexico,,1816 CENTRAL AVE SW ,,ALBUQUERQUE ,NM,87104-1160,United States,505-294-5333,,,,,,
Conjure Salon,,404 SAN FELIPE ST NW STE C1 ,,ALBUQUERQUE ,NM,87104-1472,United States,505-273-9723,,,,,,
MARK PARDO hair skin body,,1100 JUAN TABO BLVD NE ,,ALBUQUERQUE ,NM,87112-5703,United States,505-298-2983,,,,,,
ABQ HAIR STUDIO,,,,ALBUQUERQUE ,NM,87120,United States,505-792-0116,,,,,,
Golden Shears Salon & Day Spa,,5101 COORS BLVD NW STE A ,,ALBUQUERQUE ,NM,87120-1923,United States,505-897-3356,,,,,,
MARK PARDO hair skin body,,8001 WYOMING BLVD NE ,,ALBUQUERQUE ,NM,87113-2009,United States,505-856-7700,,,,,,
ARTE DE LA MANO,,3600 HWY 528 NW ,,ALBUQUERQUE ,NM,87114-8900,United States,505-898-1105,,,,,,
MARK PARDO hair skin body,,10420 COORS BYPASS NW STE B ,,ALBUQUERQUE ,NM,87114-1368,United States,505-298-2983,,,,,,
Elements Hair & Color Studio,,1751 HIGHWAY 528 STE 105 ,,RIO RANCHO ,NM,87124,United States,505-220-6205,,,,,,
Elements of Beauty,,4020 PEGGY RD SE STE E ,,RIO RANCHO ,NM,87124-1035,United States,505-891-9131,,,,,,
Inner Beauty Hair Studio & Spa,,1160 BOSQUE FARMS BLVD STE J ,,BOSQUE FARMS ,NM,87068-9335,United States,505-869-3000,,,,,,
Amenities - Fig Garden,,5054 N PALM AVE ,,FRESNO ,CA,93704-2201,United States,559-224-2667,,,,,,
Elle Style Bar,,610 5TH ST ,,CLOVIS ,CA,93612-1107,United States,559-322-0465,,,,,,
Tress Salon,,1603 HOWARD RD ,,MADERA ,CA,93637-5128,United States,559-395-4402,,,,,,
