store_name,store_number,address,address2,city,state,zip_code,country,phone_number,latitude,longitude,store_hours,store_type,other_fields,coming_soon
"Glasgow, KY Shoe Sensation ",623,Festival Plaza 106 Shane Drive, #60,Glasgow ,Kentucky,42141,US,(270) 629-2610,37.00594800,-85.92729900,"monday 10am - 9pm, tuesday 10am - 9pm, wednesday 10am - 9pm, thursday 10am - 9pm, friday 10am - 9pm, saturday 10am - 9pm, sunday 12pm - 6pm",,,
"Arkadelphia, AR Shoe Sensation ",624,Pine Plaza 2750 Pine Street, Suite D,Arkadelphia,Arkansas,71923,US,(870) 464-1534,34.12239600,-93.08491800,"monday 9am - 8pm, tuesday 9am - 8pm, wednesday 9am - 8pm, thursday 9am - 8pm, friday 9am - 9pm, saturday 9am - 9pm, sunday 12pm - 6pm",,,
"Grove, OK Shoe Sensation ",625,Honey Creek Plaza 1122 S. Main Street,,Grove,Oklahoma,74344,US,(918) 791-6132,36.58349100,-94.76916800,"monday 9am - 8pm, tuesday 9am - 8pm, wednesday 9am - 8pm, thursday 9am - 8pm, friday 9am - 9pm, saturday 9am - 9pm, sunday 12pm - 6pm",,,
"Hillsboro, OH Shoe Sensation ",626,Highland Plaza Shopping Center 1472 N. High Street, Suite 300,Hillsboro,Ohio,45133,US,(937) 402-3044,39.22930400,-83.60912800,"monday 10am - 9pm, tuesday 10am - 9pm, wednesday 10am - 9pm, thursday 10am - 9pm, friday 10am - 9pm, saturday 10am - 9pm, sunday 12pm - 5pm",,,
"Du Quoin, IL Shoe Sensation ",627,Southtowne Shopping Center 256 Southtowne Shopping Center,,Du Quoin,Illinois,62832,US,(618) 790-9128,37.99550100,-89.23529600,"monday 9am - 8pm, tuesday 9am - 8pm, wednesday 9am - 8pm, thursday 9am - 8pm, friday 9am - 9pm, saturday 9am - 9pm, sunday 12pm - 5pm",,,
"Covington, TN Shoe Sensation ",628,North Plaza 973 Highway 51 North,,Covington,Tennessee,38019,US,(901) 296-5420,35.58250900,-89.64306400,"monday 9am - 8pm, tuesday 9am - 8pm, wednesday 9am - 8pm, thursday 9am - 8pm, friday 9am - 9pm, saturday 9am - 9pm, sunday 12pm - 6pm",,,
"Bolivar, MO Shoe Sensation ",629,Cribber’s Corner 2520 S. Springfield Ave.,,Bolivar,Missouri,65613,US,(417) 326-8705,37.59171700,-93.40390700,"monday 9am - 8pm, tuesday 9am - 8pm, wednesday 9am - 8pm, thursday 9am - 8pm, friday 9am - 9pm, saturday 9am - 9pm, sunday 12pm - 6pm",,,
"Monett, MO Shoe Sensation ",630,Monett Marketplace 903 Highway 60,,Monett,Missouri,65708,US,(417) 393-0479,36.91350500,-93.88583800,"monday 9am - 8pm, tuesday 9am - 8pm, wednesday 9am - 8pm, thursday 9am - 8pm, friday 9am - 9pm, saturday 9am - 9pm, sunday 12pm - 6pm",,,
"Tell City, IN Shoe Sensation ",631,Lincoln Park Plaza 37 East Highway 66,,Tell City,Indiana,47586,US,(812) 566-5100,37.94001000,-86.76129900,"monday 10am - 8pm, tuesday 10am - 8pm, wednesday 10am - 8pm, thursday 10am - 8pm, friday 10am - 8pm, saturday 9am - 8pm, sunday 12pm - 6pm",,,
"Clinton, IA Shoe Sensation ",632,Suite C2900 SW 25th Street, Suite C,Clinton,Iowa,52732,US,(563) 242-0963,41.81644400,-90.24603800,"monday 9am - 8pm, tuesday 9am - 8pm, wednesday 9am - 8pm, thursday 9am - 8pm, friday 9am - 8pm, saturday 9am - 8pm, sunday 11am - 6pm",,,
"Storm Lake, IA Shoe Sensation ",633,Shoppes on Lake 1515 Lake Ave., Suite 2,Storm Lake,Iowa,50588,US,(712) 732-8273,42.65658300,-95.20077500,"monday 9am - 8pm, tuesday 9am - 8pm, wednesday 9am - 8pm, thursday 9am - 8pm, friday 9am - 8pm, saturday 9am - 8pm, sunday 11am - 6pm",,,
"Ozark, MO Shoe Sensation ",634,Ozark Town Center III 1950 W Retail Lane,,Ozark,Missouri,65721,US,(417) 485-3999,37.00158000,-93.22643100,"monday 9am - 8pm, tuesday 9am - 8pm, wednesday 9am - 8pm, thursday 9am - 8pm, friday 9am - 9pm, saturday 9am - 9pm, sunday 12pm - 6pm",,,
"Pierre, SD Shoe Sensation ",636,Northbridge Plaza 1615 N. Harrison Avenue, Suite 2-B,Pierre,South Dakota,57501,US,(605) 494-0421,44.37933000,-100.31831900,"monday 10am - 9pm, tuesday 10am - 9pm, wednesday 10am - 9pm, thursday 10am - 9pm, friday 10am - 9pm, saturday 10am - 6pm, sunday 12pm - 5pm",,,
"Faribault, MN Shoe Sensation ",637,Faribo West Mall 200 Western Avenue, Suites B2,Faribault,Minnesota,55021,US,(507) 334-5223,44.29177600,-93.30459900,"monday 10am - 8pm, tuesday 10am - 8pm, wednesday 10am - 8pm, thursday 10am - 8pm, friday 10am - 8pm, saturday 10am - 5pm, sunday 12pm - 5pm",,,
"Lexington, TN Shoe Sensation ",638,Beech Lake Shopping Center 657 W. Church Street, Space #C,Lexington,Tennessee,38351,US,(731) 968-0310,35.65597400,-88.41439800,"monday 9am - 8pm, tuesday 9am - 8pm, wednesday 9am - 8pm, thursday 9am - 8pm, friday 9am - 8pm, saturday 9am - 8pm, sunday 12pm - 6pm",,,
"Arkansas City, KS Shoe Sensation ",639,Ark City Plaza 2139 N. Summit,,Arkansas City,Kansas,67005,US,(620) 307-5462,37.08653500,-97.04133300,"monday 10am - 8pm, tuesday 10am - 8pm, wednesday 10am - 8pm, thursday 10am - 8pm, friday 10am - 8pm, saturday 10am - 8pm, sunday 12pm - 6pm",,,
"Sioux Center, IA Shoe Sensation ",640,Centre Mall 251 N. Main Avenue, Space 305,Sioux Center,Iowa,51250,US,(712) 722-0351,43.07920000,-96.17727700,"monday 9am - 8pm, tuesday 9am - 8pm, wednesday 9am - 8pm, thursday 9am - 8pm, friday 9am - 8pm, saturday 9am - 5pm, sunday 0am - 0am",,,
"Fort Scott, KS Shoe Sensation ",641,Fort Scott Retail Center 2420 Main Street,,Fort Scott,Kansas,66701,US,(620) 223-1622,37.80997400,-94.70694600,"monday 10am - 8pm, tuesday 10am - 8pm, wednesday 10am - 8pm, thursday 10am - 8pm, friday 10am - 8pm, saturday 10am - 8pm, sunday 12pm - 6pm",,,
"Hannibal, MO Shoe Sensation ",642,Huck Finn Shopping Center 212 Huck Finn Shopping Center,,Hannibal,Missouri,63401,US,(573) 719-3320,39.72299800,-91.39449900,"monday 9am - 8pm, tuesday 9am - 8pm, wednesday 9am - 8pm, thursday 9am - 8pm, friday 9am - 8pm, saturday 9am - 8pm, sunday 12pm - 5pm",,,
"Franklin, KY Shoe Sensation ",643,Franklin Shoppe 1447 Nashville Road,,Franklin,Kentucky,42134,US,(270) 253-5190,36.69733500,-86.57151000,"monday 9am - 8pm, tuesday 9am - 8pm, wednesday 9am - 8pm, thursday 9am - 8pm, friday 9am - 8pm, saturday 9am - 8pm, sunday 12pm - 5pm",,,
"Radcliff, KY Shoe Sensation ",644,Radcliff Square Shopping Center 149 E. Lincoln Trail Blvd,,Radcliff,Kentucky,40160,US,(270) 801-0000,37.84059700,-85.93732800,"monday 10am - 8pm, tuesday 10am - 8pm, wednesday 10am - 8pm, thursday 10am - 8pm, friday 10am - 8pm, saturday 10am - 8pm, sunday 11am - 5pm",,,
"Lawrenceburg, KY Shoe Sensation ",645,Anderson Crossing 1244 Anderson Crossing Drive,,Lawrenceburg,Kentucky,40342,US,(502) 353-4389,37.98861600,-84.97694200,"monday 10am - 9pm, tuesday 10am - 9pm, wednesday 10am - 9pm, thursday 10am - 9pm, friday 10am - 9pm, saturday 10am - 9pm, sunday 12pm - 5pm",,,
"Coffeyville, KS Shoe Sensation ",646,Coffeyville Plaza 902-A Hall Street,,Coffeyville,Kansas,67337,US,(620) 688-6024,37.03518300,-95.63991800,"monday 10am - 8pm, tuesday 10am - 8pm, wednesday 10am - 8pm, thursday 10am - 8pm, friday 10am - 8pm, saturday 10am - 8pm, sunday 12pm - 6pm",,,
"Meadville, PA Shoe Sensation ",647,Park Avenue Plaza 18999 Park Avenue Plaza,,Meadville,Pennsylvania,16335,US,(814) 807-1976,41.62372500,-80.16186300,"monday 9am - 9pm, tuesday 9am - 9pm, wednesday 9am - 9pm, thursday 9am - 9pm, friday 9am - 9pm, saturday 9am - 9pm, sunday 11am - 6pm",,,
"Louisa, KY Shoe Sensation ",648,Louisa Plaza 220 Town Hill Road,,Louisa,Kentucky,41230,US,(606) 826-0386,38.11109700,-82.61353700,"monday 10am - 8pm, tuesday 10am - 8pm, wednesday 10am - 8pm, thursday 10am - 8pm, friday 10am - 9pm, saturday 10am - 9pm, sunday 12pm - 6pm",,,
"Ottawa, KS Shoe Sensation ",649,Shops at Princeton 2208 S. Princeton Circle Drive,,Ottawa,Kansas,66067,US,(785) 992-4041,38.58223000,-95.26869600,"monday 10am - 8pm, tuesday 10am - 8pm, wednesday 10am - 8pm, thursday 10am - 8pm, friday 10am - 8pm, saturday 10am - 8pm, sunday 12pm - 6pm",,,
"Kenton, OH Shoe Sensation ",650,Kenton Plaza 989 E. Columbus St.,,Kenton,Ohio,43452,US,(419) 679-1532,40.65327300,-83.59170800,"monday 10am - 9pm, tuesday 10am - 9pm, wednesday 10am - 9pm, thursday 10am - 9pm, friday 10am - 9pm, saturday 10am - 9pm, sunday 12pm - 6pm",,,
"Ft. Dodge, IA Shoe Sensation ",801,Crossroads Mall 217 South 25th Street, Sp B10,Ft. Dodge,Iowa,50501,US,(515)955-2007,42.50329300,-94.16003500,"monday 10am - 9pm, tuesday 10am - 9pm, wednesday 10am - 9pm, thursday 10am - 9pm, friday 10am - 9pm, saturday 10am - 8pm, sunday 12pm - 6pm",,,
"Sterling, IL Shoe Sensation ",802,Northland Mall 2900 East Lincoln Way, Space 7,Sterling  ,Illinois,61081,US,(815)622-9270,41.80663500,-89.66426300,"monday 10am - 9pm, tuesday 10am - 9pm, wednesday 10am - 9pm, thursday 10am - 9pm, friday 10am - 9pm, saturday 10am - 9pm, sunday 12pm - 5pm",,,
"Dubois, PA Shoe Sensation ",806,The Commons 240 Commons Drive,,Dubois,Pennsylvania,15801,US,(814) 375-5699,41.12621600,-78.73343700,"monday 10am - 8pm, tuesday 10am - 8pm, wednesday 10am - 8pm, thursday 10am - 8pm, friday 10am - 9pm, saturday 10am - 9pm, sunday 12pm - 5pm",,,
"Gallipolis, OH Shoe Sensation ",807,Silver Bridge Plaza 428 Silver Bridge Plaza,,Gallipolis,Ohio,45631,US,(740)441-9330,38.83664300,-82.15563600,"monday 9am - 8pm, tuesday 9am - 8pm, wednesday 9am - 8pm, thursday 9am - 8pm, friday 9am - 9pm, saturday 9am - 9pm, sunday 12pm - 6pm",,,
"Mt. Sterling, KY Shoe Sensation ",808,Gateway Plaza 251 Indian Mound Drive,,Mt. Sterling,Kentucky,40353,US,(859) 498-8879,38.07381300,-83.94922200,"monday 10am - 9pm, tuesday 10am - 9pm, wednesday 10am - 9pm, thursday 10am - 9pm, friday 10am - 9pm, saturday 10am - 9pm, sunday 12pm - 6pm",,,
"Owosso, MI Shoe Sensation ",811,Owosso East Shopping Center 1417 East Main Street,,Owosso,Michigan,48867,US,(989)723-0414,42.99967000,-84.14543900,"monday 9am - 8pm, tuesday 9am - 8pm, wednesday 9am - 8pm, thursday 9am - 8pm, friday 9am - 8pm, saturday 9am - 8pm, sunday 11am - 5pm",,,
"Moundsville, WV Shoe Sensation ",812,Moundsville Plaza 1220 LaFayette Ave,,Moundsville,West Virginia,26041,US,(304) 845-4915,39.91305800,-80.74761600,"monday 9am - 8pm, tuesday 9am - 8pm, wednesday 9am - 8pm, thursday 9am - 9pm, friday 9am - 9pm, saturday 9am - 9pm, sunday 11am - 6pm",,,
"Jasper, IN Shoe Sensation ",813,Germantown Shopping Center 3637 North Newton Street,,Jasper,Indiana,47546,US,(812)482-5015,38.42514300,-86.94018900,"monday 9am - 8pm, tuesday 9am - 8pm, wednesday 9am - 8pm, thursday 9am - 8pm, friday 9am - 8pm, saturday 9am - 8pm, sunday 11am - 5pm",,,
"Van Wert, OH Shoe Sensation ",814,1138 South Shannon Street, Ste 11,Van Wert,Ohio,45891,US,(419)238-4027,40.85765200,-84.59771900,"monday 10am - 8pm, tuesday 10am - 8pm, wednesday 10am - 8pm, thursday 10am - 8pm, friday 10am - 9pm, saturday 10am - 9pm, sunday 12pm - 5pm",,,
"Effingham, IL Shoe Sensation ",815,Village Square Mall 1910 South Banker, Sp 59,Effingham,Illinois,62401,US,(217)342-6073,39.10504500,-88.54694500,"monday 10am - 8pm, tuesday 10am - 8pm, wednesday 10am - 8pm, thursday 10am - 8pm, friday 10am - 9pm, saturday 10am - 9pm, sunday 12pm - 5pm",,,
"Hazard, KY Shoe Sensation ",820,Black Gold Shopping Center 212 Black Gold Blvd, Sp A1,Hazard,Kentucky,41701,US,(606)487-0995,37.25157400,-83.20232700,"monday 10am - 9pm, tuesday 10am - 9pm, wednesday 10am - 9pm, thursday 10am - 9pm, friday 10am - 9pm, saturday 10am - 9pm, sunday 12pm - 6pm",,,
"Bellefontaine, OH Shoe Sensation ",823,Fontaine Plaza 1750 South Main Street,,Bellefontaine,Ohio,43311,US,(937)592-1006,40.33399900,-83.76219900,"monday 10am - 9pm, tuesday 10am - 9pm, wednesday 10am - 9pm, thursday 10am - 9pm, friday 10am - 9pm, saturday 10am - 9pm, sunday 12pm - 6pm",,,
"Tiffin, OH Shoe Sensation ",824,Westgate Plaza 746 West Market St,,Tiffin,Ohio,44883,US,(419)448-7463,41.11140800,-83.20602000,"monday 9am - 8pm, tuesday 9am - 8pm, wednesday 9am - 8pm, thursday 9am - 8pm, friday 9am - 9pm, saturday 9am - 9pm, sunday 10am - 5pm",,,
"Big Rapids, MI Shoe Sensation ",825,Sattler Square 748 Perry Ave,,Big Rapids,Michigan,49307,US,(231)796-1869,43.68755400,-85.49606100,"monday 9am - 8pm, tuesday 9am - 8pm, wednesday 9am - 8pm, thursday 9am - 8pm, friday 9am - 9pm, saturday 9am - 9pm, sunday 11am - 5pm",,,
"Warsaw, IN Shoe Sensation ",826,The Marketplace At Warsaw 2884 Frontage Road,,Warsaw,Indiana,46580,US,(574) 267-6598,41.23545100,-85.81547100,"monday 9am - 8pm, tuesday 9am - 8pm, wednesday 9am - 8pm, thursday 9am - 8pm, friday 9am - 9pm, saturday 9am - 9pm, sunday 12pm - 6pm",,,
"Greencastle, IN Shoe Sensation ",828,Putnam Plaza 27 Putnam Plaza, Suite B,Greencastle,Indiana,46135,US,(765)301-4441,39.64780300,-86.82992300,"monday 9am - 8pm, tuesday 9am - 8pm, wednesday 9am - 8pm, thursday 9am - 8pm, friday 9am - 8pm, saturday 9am - 8pm, sunday 11am - 5pm",,,
"Bowling Green, OH Shoe Sensation ",831,1111 South Main Street, Space 150,Bowling Green ,Ohio,43402,US,(419)353-0571,41.35547500,-83.64820800,"monday 10am - 8pm, tuesday 10am - 8pm, wednesday 10am - 8pm, thursday 10am - 8pm, friday 10am - 9pm, saturday 10am - 9pm, sunday 12pm - 6pm",,,
"Poplar Bluff, MO Shoe Sensation ",832,Mansion Mall Marketplace 1415 N. Westwood Blvd.,,Poplar Bluff,Missouri,63901,US,(573)785-0971,36.77036800,-90.41711500,"monday 9am - 9pm, tuesday 9am - 9pm, wednesday 9am - 9pm, thursday 9am - 9pm, friday 9am - 9pm, saturday 9am - 9pm, sunday 11am - 7pm",,,
"Mt. Vernon, OH Shoe Sensation ",833,Valley Plaza Shopping Center 1005 Coshocton Ave.,,Mt. Vernon,Ohio,43050,US,(740) 397-1374,40.40153900,-82.45261200,"monday 10am - 9pm, tuesday 10am - 9pm, wednesday 10am - 9pm, thursday 10am - 9pm, friday 10am - 9pm, saturday 10am - 9pm, sunday 12pm - 5pm",,,
"Rolla, MO Shoe Sensation ",834,Forum Plaza 1320 Forum Drive,,Rolla  ,Missouri,65401,US,(573) 426-3997,37.95363800,-91.75080500,"monday 9am - 8pm, tuesday 9am - 8pm, wednesday 9am - 8pm, thursday 9am - 8pm, friday 9am - 9pm, saturday 9am - 9pm, sunday 12pm - 6pm",,,
"Mt. Pleasant, MI Shoe Sensation ",835,Mt. Pleasant Shopping Center 2151 South Mission Street,,Mt. Pleasant ,Michigan,48858,US,(989) 773-4985,43.57860500,-84.76460400,"monday 9am - 8pm, tuesday 9am - 8pm, wednesday 9am - 8pm, thursday 9am - 8pm, friday 9am - 9pm, saturday 9am - 9pm, sunday 11am - 5pm",,,
"Kirksville, MO Shoe Sensation ",836,Kirksville Mall Shopping Center 2210 S. Baltimore Street,,Kirksville ,Missouri,63501,US,(660) 665-6576,40.17617000,-92.57191800,"monday 9am - 8pm, tuesday 9am - 8pm, wednesday 9am - 8pm, thursday 9am - 8pm, friday 9am - 9pm, saturday 9am - 9pm, sunday 12pm - 6pm",,,
"Centralia, IL Shoe Sensation ",837,Fairview Park Plaza Shopping Center 1059 W. Broadway,,Centralia,Illinois,62801,US,(618) 918-3660,38.52966500,-89.14993600,"monday 9am - 8pm, tuesday 9am - 8pm, wednesday 9am - 8pm, thursday 9am - 8pm, friday 9am - 8pm, saturday 9am - 8pm, sunday 12pm - 5pm",,,
"Seymour, IN Shoe Sensation ",838,Jackson Park Shopping Center 1210 W. Tipton Street,,Seymour,Indiana,47274,US,(812) 522-9194,38.95279800,-85.90346900,"monday 10am - 9pm, tuesday 10am - 9pm, wednesday 10am - 9pm, thursday 10am - 9pm, friday 10am - 9pm, saturday 10am - 9pm, sunday 12pm - 5pm",,,
"Wilmington, OH Shoe Sensation ",839,Wilmington Plaza 1354 Romback Ave.,,Wilmington,Ohio,45177,US,(937) 383-5689,39.44870200,-83.80544500,"monday 10am - 8pm, tuesday 10am - 8pm, wednesday 10am - 8pm, thursday 10am - 8pm, friday 10am - 8pm, saturday 10am - 8pm, sunday 12pm - 6pm",,,
"Warrensburg, MO Shoe Sensation ",840,West View Plaza 727A N. Charles Street,,Warrensburg,Missouri,64093,US,(660) 429-0800,38.77199100,-93.73282100,"monday 9am - 8pm, tuesday 9am - 8pm, wednesday 9am - 8pm, thursday 9am - 8pm, friday 9am - 9pm, saturday 9am - 9pm, sunday 12pm - 6pm",,,
"Muscatine, IA Shoe Sensation ",841,Muscatine Mall 1903 Park Avenue, Suite 2000,Muscatine,Iowa,52761,US,(563) 264-8808,41.44650800,-91.02784400,"monday 10am - 9pm, tuesday 10am - 9pm, wednesday 10am - 9pm, thursday 10am - 9pm, friday 10am - 9pm, saturday 10am - 9pm, sunday 12pm - 6pm",,,
"St. Mary’s, PA Shoe Sensation ",842,St. Mary’s Plaza 836 S. St. Mary’s Road,,St. Mary’s ,Pennsylvania,15857,US,(814) 781-1285,41.40920600,-78.56068500,"monday 10am - 8pm, tuesday 10am - 8pm, wednesday 10am - 8pm, thursday 10am - 8pm, friday 10am - 9pm, saturday 10am - 9pm, sunday 11am - 5pm",,,
"Freeport, IL Shoe Sensation ",843,Meadows Mall 1842 S. West Ave.,,Freeport,Illinois,61032,US,(815) 232-6600,42.27516400,-89.63434700,"monday 10am - 8pm, tuesday 10am - 8pm, wednesday 10am - 8pm, thursday 10am - 8pm, friday 10am - 8pm, saturday 10am - 7pm, sunday 12pm - 6pm",,,
"Mountain Home, AR Shoe Sensation ",844,40 Plaza Way, Mountain Home,Mountain Home,Arkansas,72653,US,(870) 492-2037,36.35592371,-92.33842325,"monday 9am - 8pm, tuesday 9am - 8pm, wednesday 9am - 8pm, thursday 9am - 8pm, friday 9am - 9pm, saturday 9am - 9pm, sunday 12pm - 6pm",,,
"West Plains, MO Shoe Sensation ",845,Southern Hills Shopping Center 1315 Southern Hills Center,,West Plains,Missouri,65775,US,417-255-1477,36.71294200,-91.87266000,"monday 9am - 8pm, tuesday 9am - 8pm, wednesday 9am - 8pm, thursday 9am - 8pm, friday 9am - 9pm, saturday 9am - 9pm, sunday 12pm - 6pm",,,
"Aurora, IN Shoe Sensation ",846,River Creek Village Shopping Center 936 Green Blvd.,,Aurora,Indiana,47001,US,(812) 926-4109,39.07327600,-84.89307200,"monday 10am - 9pm, tuesday 10am - 9pm, wednesday 10am - 9pm, thursday 10am - 9pm, friday 10am - 9pm, saturday 10am - 9pm, sunday 12pm - 6pm",,,
"Huntington, IN Shoe Sensation ",848,Forum Shops 2924 Wal-Mart Drive,,Huntington,Indiana,46750,US,(260) 358-4121,40.90031400,-85.51487000,"monday 10am - 8pm, tuesday 10am - 8pm, wednesday 10am - 8pm, thursday 10am - 8pm, friday 10am - 9pm, saturday 10am - 9pm, sunday 12pm - 6pm",,,
"Warren, PA Shoe Sensation ",849,Thorne’s Bi-Lo Plaza 8 Market Street,,Warren,Pennsylvania,16365,US,(814) 726-9200,41.84280600,-79.14475200,"monday 9am - 8pm, tuesday 9am - 8pm, wednesday 9am - 8pm, thursday 9am - 8pm, friday 9am - 9pm, saturday 9am - 9pm, sunday 11am - 5pm",,,
"Moberly, MO Shoe Sensation ",851,Northgate Shopping Center 1600 N. Morley Street Suite A-105,,Moberly,Missouri,65270,US,(660) 269-9991,39.43788300,-92.43096600,"monday 9am - 8pm, tuesday 9am - 8pm, wednesday 9am - 8pm, thursday 9am - 8pm, friday 9am - 9pm, saturday 9am - 9pm, sunday 12pm - 6pm",,,
"Decatur, IN Shoe Sensation ",852,Village Green Shopping Center 1009 S. 13th St.,,Decatur,Indiana,46733,US,(260) 724-8276,40.81854300,-84.93740600,"monday 9am - 8pm, tuesday 9am - 8pm, wednesday 9am - 8pm, thursday 9am - 8pm, friday 9am - 8pm, saturday 9am - 8pm, sunday 11am - 5pm",,,
"Mexico, MO Shoe Sensation ",853,West Plaza Shopping Center 540 W. Jackson Street,,Mexico,Missouri,65265,US,(573) 582-7772,39.17222500,-91.88728100,"monday 9am - 8pm, tuesday 9am - 8pm, wednesday 9am - 8pm, thursday 9am - 8pm, friday 9am - 9pm, saturday 9am - 9pm, sunday 12pm - 6pm",,,
"Fayetteville, TN Shoe Sensation ",854,River Oak Shopping Center 1216 Huntsville Highway, Suite A,Fayetteville,Tennessee,37334,US,(931) 438-2600,35.13864700,-86.56693200,"monday 9am - 9pm, tuesday 9am - 9pm, wednesday 9am - 9pm, thursday 9am - 9pm, friday 9am - 10pm, saturday 9am - 10pm, sunday 12pm - 6pm",,,
"Paragould, AR Shoe Sensation ",855,Paragould Plaza 1723 W. Kingshighway, Suite 3,Paragould,Arkansas,72450,US,870-236-5868,36.05510800,-90.50738400,"monday 9am - 8pm, tuesday 9am - 8pm, wednesday 9am - 8pm, thursday 9am - 8pm, friday 9am - 9pm, saturday 9am - 9pm, sunday 12pm - 6pm",,,
"Albert Lea, MN Shoe Sensation ",857,Leland Dr, Albert Lea,Albert Lea,Minnesota,56007,US,(507) 552-1664,43.66540364,-93.32687259,"monday 10am - 9pm, tuesday 10am - 9pm, wednesday 10am - 9pm, thursday 10am - 9pm, friday 10am - 9pm, saturday 10am - 7pm, sunday 12pm - 5pm",,,
"Lincoln, IL Shoe Sensation ",859,Heritage Plaza 1210 Woodlawn Road, Unit B-1,Lincoln,Illinois,62656,US,217-732-7600 ,40.15781000,-89.38913900,"monday 9am - 8pm, tuesday 9am - 8pm, wednesday 9am - 8pm, thursday 9am - 8pm, friday 9am - 8pm, saturday 9am - 8pm, sunday 11am - 6pm",,,
"Grundy, VA Shoe Sensation ",860,Grundy Town Center 1164 Riverview Street,,Grundy ,Virginia,24614,US,(276) 244-1167,37.27853700,-82.10199600,"monday 10am - 9pm, tuesday 10am - 9pm, wednesday 10am - 9pm, thursday 10am - 9pm, friday 10am - 9pm, saturday 10am - 9pm, sunday 12pm - 6pm",,,
"Fairmont, MN Shoe Sensation ",861,Five Lakes Centre 400 S. State Street, Suite 220,Fairmont,Minnesota,56031,US,507-238-9211,43.65038400,-94.44934400,"monday 10am - 8pm, tuesday 10am - 8pm, wednesday 10am - 8pm, thursday 10am - 8pm, friday 10am - 8pm, saturday 10am - 6pm, sunday 12pm - 5pm",,,
"Cadillac, MI Shoe Sensation ",862,Lakeland Square Shopping Center 2182 N. Mitchell Street,,Cadillac,Michigan,49601,US,231-775-7754,44.28001500,-85.40289200,"monday 10am - 8pm, tuesday 10am - 8pm, wednesday 10am - 8pm, thursday 10am - 8pm, friday 10am - 8pm, saturday 10am - 8pm, sunday 11am - 5pm",,,
"Bardstown, KY Shoe Sensation ",863,231 Kentucky Home Square,,Bardstown,Kentucky,40004,US,502-348-5518,37.82586700,-85.46529900,"monday 9am - 9pm, tuesday 9am - 9pm, wednesday 9am - 9pm, thursday 9am - 9pm, friday 9am - 9pm, saturday 9am - 9pm, sunday 11am - 6pm",,,
"Hillsdale, MI Shoe Sensation ",864,Kroger Center 270 West Carleton,,Hillsdale,Michigan,49242,US,517-437-2125,41.93116700,-84.64143000,"monday 10am - 8pm, tuesday 10am - 8pm, wednesday 10am - 8pm, thursday 10am - 8pm, friday 9am - 8pm, saturday 9am - 8pm, sunday 11am - 6pm",,,
"Kendallville, IN Shoe Sensation ",865,Publix Village Shopping Center 318 W. North Street,,Kendallville,Indiana,46755,US,(260) 349-1222,41.45329600,-85.27134100,"monday 9am - 8pm, tuesday 9am - 8pm, wednesday 9am - 8pm, thursday 9am - 8pm, friday 9am - 9pm, saturday 9am - 9pm, sunday 11am - 5pm",,,
"Salem, OH Shoe Sensation ",866,Eastgate Shopping Center 2333 E. State Street,,Salem,Ohio,44460,US,(330) 332-7055,40.89973200,-80.82770900,"monday 9am - 8pm, tuesday 9am - 8pm, wednesday 9am - 8pm, thursday 9am - 8pm, friday 9am - 9pm, saturday 9am - 9pm, sunday 11am - 5pm",,,
"Fremont, OH Shoe Sensation ",867,Potter Village Shopping Center 1106 Oak Harbor Rd,,Fremont,Ohio,43420,US,(419) 355-8736,41.35880600,-83.13666600,"monday 9am - 8pm, tuesday 9am - 8pm, wednesday 9am - 8pm, thursday 9am - 8pm, friday 9am - 8pm, saturday 9am - 8pm, sunday 12pm - 6pm",,,
"Macomb, IL Shoe Sensation ",868,Rialto Cinema Center 1403 E. Jackson Street,,Macomb,Illinois,61455,US,(309) 833-2822,40.45849400,-90.65226300,"monday 9am - 8pm, tuesday 9am - 8pm, wednesday 9am - 8pm, thursday 9am - 8pm, friday 9am - 9pm, saturday 9am - 9pm, sunday 12pm - 6pm",,,
"Litchfield, IL Shoe Sensation ",869,Litchfield Plaza 18A Litchfield Plaza,,Litchfield,Illinois,62056,US,(812) 288-7659,39.18065400,-89.66889700,"monday 9am - 8pm, tuesday 9am - 8pm, wednesday 9am - 8pm, thursday 9am - 8pm, friday 9am - 9pm, saturday 9am - 9pm, sunday 11am - 5pm",,,
"Lower Burrell, PA Shoe Sensation ",870,Hillcrest Shopping Center 195 Hillcrest Shopping Center,,Lower Burrell,Pennsylvania,15068,US,(724) 335-1690,40.58411000,-79.70894300,"monday 10am - 8pm, tuesday 10am - 8pm, wednesday 10am - 8pm, thursday 10am - 8pm, friday 10am - 9pm, saturday 10am - 9pm, sunday 12pm - 6pm",,,
"Elizabethton, TN Shoe Sensation ",871,Elk Crossing Shopping Center 725 W. Elk Avenue,,Elizabethton,Tennessee,37643,US,(423) 543-1126,36.35135800,-82.23798600,"monday 10am - 8pm, tuesday 10am - 8pm, wednesday 10am - 8pm, thursday 10am - 8pm, friday 10am - 8pm, saturday 10am - 8pm, sunday 1pm - 6pm",,,
"Washington, IN Shoe Sensation ",872,Cherry Tree Plaza 114 Cherry Tree Plaza,,Washington,Indiana,47501,US,(812) 257-1179,38.65104500,-87.15421600,"monday 10am - 9pm, tuesday 10am - 9pm, wednesday 10am - 9pm, thursday 10am - 9pm, friday 10am - 9pm, saturday 10am - 9pm, sunday 12pm - 5pm",,,
"Chillicothe, MO Shoe Sensation ",873,Park Center Shopping Center 498 Park Lane,,Chillicothe,Missouri,64601,US,(660) 646-1440,39.80582500,-93.55042500,"monday 9am - 8pm, tuesday 9am - 8pm, wednesday 9am - 8pm, thursday 9am - 8pm, friday 9am - 9pm, saturday 9am - 9pm, sunday 12pm - 6pm",,,
"Greenville, MI Shoe Sensation ",874,Greenville West Shopping Center 301 S. Maplewood Dr. Suite 10,,Greenville,Michigan,48838,US,(616) 255-8925,43.17850700,-85.27727300,"monday 10am - 9pm, tuesday 10am - 9pm, wednesday 10am - 9pm, thursday 10am - 9pm, friday 10am - 9pm, saturday 10am - 9pm, sunday 11am - 5pm",,,
"Hutchinson, MN Shoe Sensation ",875,Hutchinson Mall 1060 Highway 15 South Suite 21,,Hutchinson,Minnesota,55350,US,(320) 587-8520,44.90582600,-94.36820100,"monday 10am - 9pm, tuesday 10am - 9pm, wednesday 10am - 9pm, thursday 10am - 9pm, friday 10am - 9pm, saturday 10am - 6pm, sunday 12pm - 5pm",,,
"Hastings, MI Shoe Sensation ",876,Hastings Plaza 806 W. State Street,,Hastings,Michigan,49058,US,(269) 953-1050,42.64866100,-85.30070300,"monday 10am - 9pm, tuesday 10am - 9pm, wednesday 10am - 9pm, thursday 10am - 9pm, friday 10am - 9pm, saturday 10am - 9pm, sunday 11am - 6pm",,,
"Baxter, MN Shoe Sensation ",877,West Gate Mall 14136 Baxter Drive, Suite 69,Baxter,Minnesota,56425,US,(218) 454-0440,46.35705900,-94.22550400,"monday 10am - 9pm, tuesday 10am - 9pm, wednesday 10am - 9pm, thursday 10am - 9pm, friday 10am - 9pm, saturday 10am - 6pm, sunday 12pm - 5pm",,,
"Fremont, NE Shoe Sensation ",878,Fremont Mall 910 E. 23rd Street, Unit 120,Fremont,Nebraska,68025,US,(402) 721-9228,41.45152000,-96.48519900,"monday 10am - 9pm, tuesday 10am - 9pm, wednesday 10am - 9pm, thursday 10am - 9pm, friday 10am - 9pm, saturday 10am - 9pm, sunday 12pm - 5pm",,,
"Shawano, WI Shoe Sensation ",879,Shawano Plaza 180 Woodlawn Drive,,Shawano,Wisconsin,54166,US,(715) 526-5611,44.78508500,-88.58499000,"monday 10am - 8pm, tuesday 10am - 8pm, wednesday 10am - 8pm, thursday 10am - 8pm, friday 10am - 8pm, saturday 9am - 7pm, sunday 11am - 6pm",,,
"Corydon, IN Shoe Sensation ",880,Old Capital Plaza Shopping Center 449 Old Capitol Plaza NW,,Corydon,Indiana,47112,US,(812) 734-1429,38.22766600,-86.13552000,"monday 9am - 9pm, tuesday 9am - 9pm, wednesday 9am - 9pm, thursday 9am - 9pm, friday 9am - 9pm, saturday 9am - 9pm, sunday 11am - 6pm",,,
"Vincennes, IN Shoe Sensation ",881,Vincennes Plaza 620 Niblack Blvd.,,Vincennes,Indiana,47591,US,(812) 886-9080,38.68945900,-87.50338700,"monday 9am - 8pm, tuesday 9am - 8pm, wednesday 9am - 8pm, thursday 9am - 8pm, friday 9am - 8pm, saturday 9am - 8pm, sunday 12pm - 6pm",,,
"Emporia, KS Shoe Sensation ",882,Flint Hills Mall 1664 Industrial Road, Suite 122,Emporia,Kansas,66801,US,(620) 340-8199,38.41798300,-96.21703900,"monday 10am - 9pm, tuesday 10am - 9pm, wednesday 10am - 9pm, thursday 10am - 9pm, friday 10am - 9pm, saturday 10am - 9pm, sunday 12pm - 6pm",,,
"Menominee, MI Shoe Sensation ",883,M&M Plaza 1331 8th Ave.,,Menominee,Michigan,49858,US,(906) 424-4128,45.10551100,-87.61887400,"monday 9am - 8pm, tuesday 9am - 8pm, wednesday 9am - 8pm, thursday 9am - 8pm, friday 9am - 8pm, saturday 9am - 7pm, sunday 11am - 6pm",,,
"Kewanee, IL Shoe Sensation ",884,Midland Plaza 137 W. South Street, Unit D,Kewanee,Illinois,61443,US,(309) 761-8063,41.22107400,-89.92768900,"monday 9am - 8pm, tuesday 9am - 8pm, wednesday 9am - 8pm, thursday 9am - 8pm, friday 9am - 8pm, saturday 9am - 7pm, sunday 11am - 6pm",,,
"Sidney, OH Shoe Sensation ",885,West Towne Square 2350 Michigan Street,,Sidney,Ohio,45365,US,(937) 492-5060,40.28789900,-84.17967000,"monday 10am - 9pm, tuesday 10am - 9pm, wednesday 10am - 9pm, thursday 10am - 9pm, friday 10am - 9pm, saturday 10am - 9pm, sunday 12pm - 6pm",,,
"Wisconsin Rapids, WI Shoe Sensation ",886,Crossroads Center 1000 E. Riverview Expressway, Suite 130,Wisconsin Rapids,Wisconsin,54494,US,(715) 421-4445,44.37852100,-89.81494300,"monday 9am - 8pm, tuesday 9am - 8pm, wednesday 9am - 8pm, thursday 9am - 8pm, friday 9am - 8pm, saturday 9am - 7pm, sunday 10am - 5pm",,,
"Beatrice, NE Shoe Sensation ",887,Indian Creek Mall 2205 N. 6th Street,,Beatrice,Nebraska,68310,US,(402) 223-0304,40.28742900,-96.74752500,"monday 10am - 8pm, tuesday 10am - 8pm, wednesday 10am - 8pm, thursday 10am - 8pm, friday 10am - 8pm, saturday 10am - 6pm, sunday 12pm - 5pm",,,
"Taylorville, IL Shoe Sensation ",888,Grand Plaza Shopping Center 105 East Bidwell Street,,Taylorville,Illinois,62568,US,(217) 777-7463,39.55884600,-89.29545400,"monday 9am - 8pm, tuesday 9am - 8pm, wednesday 9am - 8pm, thursday 9am - 8pm, friday 9am - 8pm, saturday 9am - 8pm, sunday 11am - 6pm",,,
"St. Robert, MO Shoe Sensation ",889,St. Robert Retail Centre 215 St. Robert Blvd.,,St. Robert,Missouri,65584,US,(573) 329-2224,37.82593400,-92.15593000,"monday 9am - 8pm, tuesday 9am - 8pm, wednesday 9am - 8pm, thursday 9am - 8pm, friday 9am - 9pm, saturday 9am - 9pm, sunday 12pm - 6pm",,,
"Elkhart, IN Shoe Sensation ",920,Concord Mall 3701 S. Main, Sp. 1238,Elkhart,Indiana,46517,US,(574) 875-5567,41.64056400,-85.92955400,"monday 10am - 9pm, tuesday 10am - 9pm, wednesday 10am - 9pm, thursday 10am - 9pm, friday 10am - 9pm, saturday 10am - 9pm, sunday 12pm - 6pm",,,
"Crawfordsville, IN Shoe Sensation ",922,Crawfordsville Square 1624 Crawfordsville Square Dr., Sp 17,Crawfordsville,Indiana,47933,US,(765)361-9341,40.02483000,-86.90131500,"monday 10am - 8pm, tuesday 10am - 8pm, wednesday 10am - 8pm, thursday 10am - 8pm, friday 10am - 8pm, saturday 10am - 8pm, sunday 11am - 5pm",,,
"Cookeville, TN Shoe Sensation ",925,Cumberland Station Shopping Center 768 S. Jefferson, Suite D,Cookeville,Tennessee,38501,US,(931)526-5293,36.14611800,-85.49769800,"monday 9am - 9pm, tuesday 9am - 9pm, wednesday 9am - 9pm, thursday 9am - 9pm, friday 9am - 10pm, saturday 9am - 10pm, sunday 12pm - 6pm",,,
"New Boston, OH Shoe Sensation ",926,New Boston Plaza 3624 Rhodes Ave.,,New Boston,Ohio,45662,US,(740) 456-5777,38.74590800,-82.94335400,"monday 10am - 8pm, tuesday 10am - 8pm, wednesday 10am - 8pm, thursday 10am - 8pm, friday 10am - 9pm, saturday 10am - 9pm, sunday 12pm - 5pm",,,
"Danville, KY Shoe Sensation ",927,Danville Manor 1560 Hustonville Rd, Suite 229,Danville,Kentucky,40422,US,(859)236-4287,37.61881100,-84.77248800,"monday 10am - 9pm, tuesday 10am - 9pm, wednesday 10am - 9pm, thursday 10am - 9pm, friday 9am - 9pm, saturday 9am - 9pm, sunday 12pm - 7pm",,,
"Heath, OH Shoe Sensation ",928,Indian Mound Mall 771 S. 30th St., Sp. 737,Heath,Ohio,43056,US,(740)522-3797,40.03129000,-82.44392100,"monday 10am - 9pm, tuesday 10am - 9pm, wednesday 10am - 9pm, thursday 10am - 9pm, friday 10am - 9pm, saturday 10am - 9pm, sunday 12pm - 6pm",,,
"New Philadelphia, OH Shoe Sensation ",932,New Towne Mall 400 Mill Ave., Sp. 441 SE,New Philadelphia,Ohio,44663,US,(330)339-1300,40.48059000,-81.44154400,"monday 10am - 9pm, tuesday 10am - 9pm, wednesday 10am - 9pm, thursday 10am - 9pm, friday 10am - 9pm, saturday 10am - 9pm, sunday 12pm - 6pm",,,
"Marion, IL Shoe Sensation ",933,Illinois Center 3000 W. Deyoung Street, Sp. 106,Marion,Illinois,62959,US,(618)997-8094,37.74836700,-88.97789600,"monday 10am - 9pm, tuesday 10am - 9pm, wednesday 10am - 9pm, thursday 10am - 9pm, friday 10am - 9pm, saturday 10am - 9pm, sunday 12pm - 5pm",,,
"Campbellsville, KY Shoe Sensation ",934,Green River Plaza 399 Campbellsville Bypass,,Campbellsville,Kentucky,42718,US,(270)789-4221,37.34224000,-85.36730500,"monday 9am - 9pm, tuesday 9am - 9pm, wednesday 9am - 9pm, thursday 9am - 9pm, friday 9am - 9pm, saturday 9am - 9pm, sunday 12pm - 6pm",,,
"New Martinsville, WV Shoe Sensation ",937,Riverside Plaza 140 N.State Rt. 2,,New Martinsville,West Virginia,26155,US,(304)455-3535,39.67682800,-80.85759600,"monday 9am - 8pm, tuesday 9am - 8pm, wednesday 9am - 8pm, thursday 9am - 9pm, friday 9am - 9pm, saturday 9am - 9pm, sunday 9am - 6pm",,,
"Murray, KY Shoe Sensation ",939,Chestnut Hills Plaza 714 N. 12th Street,,Murray,Kentucky,42071,US,(270)753-6242,36.62198000,-88.31494800,"monday 10am - 9pm, tuesday 10am - 9pm, wednesday 10am - 9pm, thursday 10am - 9pm, friday 10am - 9pm, saturday 10am - 9pm, sunday 12pm - 5pm",,,
"Findlay, OH Shoe Sensation ",941,Findlay Mall 1800 Tiffin Road, Sp. 281,Findlay,Ohio,45840,US,(419)423-6888,41.05518100,-83.61366900,"monday 10am - 9pm, tuesday 10am - 9pm, wednesday 10am - 9pm, thursday 10am - 9pm, friday 10am - 9pm, saturday 10am - 9pm, sunday 12pm - 6pm",,,
"Russell, KY Shoe Sensation ",943,Ashland Plaza 361 Diederich Blvd.,,Russell,Kentucky,41169,US,(606)327-5547,38.50345300,-82.67948000,"monday 10am - 8pm, tuesday 10am - 8pm, wednesday 10am - 8pm, thursday 10am - 8pm, friday 10am - 8pm, saturday 10am - 8pm, sunday 12pm - 6pm",,,
"Piqua, OH Shoe Sensation ",946,Miami Valley Mall 987 E. Ash St., Suite 156,Piqua,Ohio,45356,US,(937)773-2033,40.14823500,-84.22292100,"monday 10am - 9pm, tuesday 10am - 9pm, wednesday 10am - 9pm, thursday 10am - 9pm, friday 10am - 9pm, saturday 10am - 9pm, sunday 12pm - 6pm",,,
"Columbus, IN Shoe Sensation ",947,Fair Oaks Mall 2286 25th Street, Sp. C116,Columbus,Indiana,47201,US,(812) 372-1946,39.22452900,-85.89907000,"monday 10am - 9pm, tuesday 10am - 9pm, wednesday 10am - 9pm, thursday 10am - 9pm, friday 10am - 9pm, saturday 10am - 9pm, sunday 12pm - 6pm",,,
"Danville, IL Shoe Sensation ",948,Village Mall Shopping Center 2917 N. Vermillion St, Sp C55,Danville,Illinois,61832,US,(217)446-7074,40.17254800,-87.62818900,"monday 10am - 9pm, tuesday 10am - 9pm, wednesday 10am - 9pm, thursday 10am - 9pm, friday 10am - 9pm, saturday 10am - 9pm, sunday 11am - 5pm",,,
"Somerset, KY Shoe Sensation ",955,Somerset Mall 4150 S. Hwy 27, Sp. 15,Somerset,Kentucky,42501,US,(606) 679-3384,37.03503300,-84.62506400,"monday 10am - 9pm, tuesday 10am - 9pm, wednesday 10am - 9pm, thursday 10am - 9pm, friday 10am - 9pm, saturday 10am - 9pm, sunday 1pm - 5pm",,,
"Maysville, KY Shoe Sensation ",956,Kroger Shopping Center 397 Market Square Drive,,Maysville,Kentucky,41056,US,(606)759-1190,38.62713000,-83.79108700,"monday 9am - 9pm, tuesday 9am - 9pm, wednesday 9am - 9pm, thursday 9am - 9pm, friday 9am - 9pm, saturday 10am - 9pm, sunday 10am - 6pm",,,
"Shelbyville, IN Shoe Sensation ",964,Kroger Plaza 1609 E. Michigan Rd.,,Shelbyville,Indiana,46176,US,(317)421-1601,39.51783100,-85.75380500,"monday 10am - 9pm, tuesday 10am - 9pm, wednesday 10am - 9pm, thursday 10am - 9pm, friday 10am - 9pm, saturday 10am - 9pm, sunday 12pm - 6pm",,,
"Mt. Vernon, IL Shoe Sensation ",966,Times Square Mall 3917 Broadway, Sp. 8,Mt. Vernon,Illinois,62864,US,(618)242-0377,38.31304700,-88.93997800,"monday 10am - 9pm, tuesday 10am - 9pm, wednesday 10am - 9pm, thursday 10am - 9pm, friday 10am - 9pm, saturday 10am - 9pm, sunday 12pm - 6pm",,,
"Butler, PA Shoe Sensation ",971,Clearview Mall 101 Clearview Circle, Unit 310,Butler,Pennsylvania,16001,US,(724)285-2625,40.89624100,-79.90439300,"monday 10am - 9pm, tuesday 10am - 9pm, wednesday 10am - 9pm, thursday 10am - 9pm, friday 10am - 9pm, saturday 10am - 9pm, sunday 12pm - 5pm",,,
"Madison, IN Shoe Sensation ",980,Riverpointe Shopping Center 501 East Clifty Drive,,Madison,Indiana,47250,US,(812)273-1177,38.78049700,-85.37963000,"monday 10am - 9pm, tuesday 10am - 9pm, wednesday 10am - 9pm, thursday 10am - 9pm, friday 10am - 9pm, saturday 10am - 9pm, sunday 12pm - 6pm",,,
"McMinnville, TN Shoe Sensation ",981,Three Star Mall 1410 Sparta Rd., Suite 2,McMinnville,Tennessee,37110,US,(931)473-7665,35.69395900,-85.74628400,"monday 10am - 8pm, tuesday 10am - 8pm, wednesday 10am - 8pm, thursday 10am - 8pm, friday 10am - 9pm, saturday 10am - 9pm, sunday 1pm - 5pm",,,
"Logansport, IN Shoe Sensation ",989,Eastgate Plaza 3055 E. Market Street,,Logansport,Indiana,46947,US,(574)737-7713,40.75849100,-86.32875900,"monday 9am - 8pm, tuesday 9am - 8pm, wednesday 9am - 8pm, thursday 9am - 8pm, friday 9am - 9pm, saturday 9am - 9pm, sunday 11am - 6pm",,,
"Yankton, SD Shoe Sensation ",604,Shoppes of Yankton 3100 Broadway Avenue,,Yankton,South Dakota,57078,US,(605) 665-7463,42.90820300,-97.39815800,"monday 10am - 9pm, tuesday 10am - 9pm, wednesday 10am - 9pm, thursday 10am - 9pm, friday 10am - 9pm, saturday 10am - 6pm, sunday 10am - 5pm",,,
"Sikeston, MO Shoe Sensation ",620, 1317 S. Main St.,,Sikeston ,Missouri,63801,US,(573) 621-5120,36.85795700,-89.58307800,"monday 9am - 8pm, tuesday 9am - 8pm, wednesday 9am - 8pm, thursday 9am - 8pm, friday 9am - 10pm, saturday 9am - 10pm, sunday 12pm - 6pm",,,
"Spencer, IA Shoe Sensation ",858,Southpark Mall 901 11th Street SW, Unit 19,Spencer,Iowa,51301,US,(712) 262-0148,43.12839000,-95.15737000,"monday 10am - 8pm, tuesday 10am - 8pm, wednesday 10am - 8pm, thursday 10am - 8pm, friday 10am - 8pm, saturday 10am - 6pm, sunday 12pm - 5pm",,,
"Batesville, IN Shoe Sensation ",602,210 Cross County Plaza,,Batesville,New York,47006,US,(812) 932-7463,39.31217500,-85.21583100,"monday 10am - 8pm, tuesday 10am - 8pm, wednesday 10am - 8pm, thursday 10am - 8pm, friday 10am - 8pm, saturday 10am - 8pm, sunday 11am - 5pm",,,
"Athens, OH Shoe Sensation ",614,The Market on State 1002 E. State St.,,Athens,Ohio,45701,US,(740) 249-4414,39.33715100,-82.05645800,"monday 10am - 8pm, tuesday 10am - 8pm, wednesday 10am - 8pm, thursday 10am - 8pm, friday 10am - 8pm, saturday 10am - 8pm, sunday 12pm - 6pm",,,
"Bedford, IN Shoe Sensation ",619,Town Fair Center 1116 James Avenue,,Bedford,Indiana,47421,US,(812) 329-1300,38.86635000,-86.51892000,"monday 10am - 9pm, tuesday 10am - 9pm, wednesday 10am - 9pm, thursday 10am - 9pm, friday 10am - 9pm, saturday 10am - 9pm, sunday 12pm - 6pm",,,
"Belton, MO Shoe Sensation ",622,Belton Marketplace 1147 E. North Ave,,Belton,Missouri,64012,US,(816) 535-5200,38.81209000,-94.51672200,"monday 9am - 8pm, tuesday 9am - 8pm, wednesday 9am - 8pm, thursday 9am - 8pm, friday 9am - 9pm, saturday 9am - 9pm, sunday 12pm - 6pm",,,
"Brookings, SD Shoe Sensation ",600,University Mall Shopping Center 860 22nd Avenue South,,Brookings,South Dakota,57006,US,(605) 692-7447,44.29612600,-96.76834500,"monday 9am - 8pm, tuesday 9am - 8pm, wednesday 9am - 8pm, thursday 9am - 8pm, friday 9am - 8pm, saturday 9am - 8pm, sunday 12pm - 5pm",,,
"Bryan, OH Shoe Sensation ",616,Walmart Plaza 1229 S. Main St.,,Bryan,Ohio,43506,US,(419) 633-0650,41.46137200,-84.54901600,"monday 10am - 8pm, tuesday 10am - 8pm, wednesday 10am - 8pm, thursday 10am - 8pm, friday 9am - 8pm, saturday 9am - 8pm, sunday 11am - 6pm",,,
"Clarksville, IN Shoe Sensation ",973,Green Tree Mall 757 Lewis and Clark Parkway East,,Clarksville,Indiana,47129,US,(812) 284-2546,38.31498800,-85.76370700,"monday 10am - 9pm, tuesday 10am - 9pm, wednesday 10am - 9pm, thursday 10am - 9pm, friday 10am - 9pm, saturday 10am - 9pm, sunday 11am - 6pm",,,
"Columbia City, IN Shoe Sensation ",635,Towne and Country Shopping Center 494A W. Plaza Drive,,Columbia City,Indiana,46725,US,info@shoesensation.com,41.17060300,-85.49915800,"monday 10am - 8pm, tuesday 10am - 8pm, wednesday 10am - 8pm, thursday 10am - 8pm, friday 9am - 9pm, saturday 9am - 9pm, sunday 11am - 6pm",,,
"Dodge City, KS Shoe Sensation ",607,Village Square Mall 2601 Central Ave.,,Dodge City,Kansas,67801,US,(620) 227-5353,37.77811400,-100.01825700,"monday 10am - 9pm, tuesday 10am - 9pm, wednesday 10am - 9pm, thursday 10am - 9pm, friday 10am - 9pm, saturday 10am - 9pm, sunday 12pm - 6pm",,,
"Escanaba, MI Shoe Sensation ",601,Delta Plaza Mall 301 North Lincoln Road, Sp. 37,Escanaba,Michigan,49829,US,(906) 233-7102,45.74841900,-87.08148600,"monday 10am - 9pm, tuesday 10am - 9pm, wednesday 10am - 9pm, thursday 10am - 9pm, friday 10am - 9pm, saturday 10am - 6pm, sunday 10am - 5pm",,,
"Great Bend, KS Shoe Sensation ",610,Shoe Sensation 3407 10th St.,,Great Bend,Kansas,67530,US,(620) 603-8960,38.36178700,-98.78534200,"monday 10am - 8pm, tuesday 10am - 8pm, wednesday 10am - 8pm, thursday 10am - 8pm, friday 10am - 8pm, saturday 10am - 8pm, sunday 12pm - 5pm",,,
"Hastings, NE Shoe Sensation ",606,Cimarron Plaza 3609 Cimarron Plaza, Bay 150,Hastings,Nebraska,68901,US,(402) 463-9192,40.62192700,-98.38578500,"monday 9am - 9pm, tuesday 9am - 9pm, wednesday 9am - 9pm, thursday 9am - 9pm, friday 9am - 9pm, saturday 9am - 9pm, sunday 12pm - 6pm",,,
"New Castle, IN Shoe Sensation ",617,Trojan Plaza 120 S. Memorial Dr.,,New Castle,Indiana,47362,US,(765) 521-2012,39.92987000,-85.37958500,"monday 9am - 8pm, tuesday 9am - 8pm, wednesday 9am - 8pm, thursday 9am - 8pm, friday 9am - 9pm, saturday 9am - 9pm, sunday 12pm - 6pm",,,
"Huron, SD Shoe Sensation ",621,Dakota Marketplace 2941 Dakota Ave. S.,,Huron ,South Dakota,57350,US,(605) 352-1773,44.33165500,-98.21427100,,,,
"Mayfield, KY Shoe Sensation ",615,Mayfield Marketplace 1109-C Paris Rd.,,Mayfield,Kentucky,42066,US,(270) 356-5067,36.72440300,-88.62950700,"monday 9am - 8pm, tuesday 9am - 8pm, wednesday 9am - 8pm, thursday 9am - 8pm, friday 9am - 9pm, saturday 9am - 9pm, sunday 12pm - 6pm",,,
"Lebanon, KY Shoe Sensation ",612,Lebanon Trade Center 190 Lebanon Trade Center,,Lebanon,Kentucky,40033,US,(270) 692-9003,37.55809900,-85.27106300,"monday 9am - 9pm, tuesday 9am - 9pm, wednesday 9am - 9pm, thursday 9am - 9pm, friday 9am - 9pm, saturday 9am - 9pm, sunday 11am - 5pm",,,
"Iowa Falls, IA Shoe Sensation ",609,River Hills Mall 680 S. Oak St.,,Iowa Falls,Iowa,50126,US,(641) 648-6714,42.50822000,-93.26088600,"monday 9am - 10pm, tuesday 9am - 10pm, wednesday 9am - 10pm, thursday 9am - 10pm, friday 9am - 10pm, saturday 9am - 9pm, sunday 12pm - 6pm",,,
"Marshalltown, IA Shoe Sensation ",611,Marshall Town Shopping Center 2500 S. Center,,Marshalltown,Iowa,50158,US,(641) 752-4970,42.01565200,-92.90988000,"monday 9am - 10pm, tuesday 9am - 10pm, wednesday 9am - 10pm, thursday 9am - 10pm, friday 9am - 10pm, saturday 9am - 9pm, sunday 12pm - 6pm",,,
"Lebanon, MO Shoe Sensation ",618,Lebanon Marketplace 1695 S. Southdale Dr.,,Lebanon,Missouri,65536,US,(417) 532-1131,37.66611600,-92.65228800,"monday 9am - 8pm, tuesday 9am - 8pm, wednesday 9am - 8pm, thursday 9am - 8pm, friday 9am - 9pm, saturday 9am - 9pm, sunday 12pm - 6pm",,,
"Ludington, MI Shoe Sensation ",603,Ludington Center 5582 West US Highway 10,,Ludington,Michigan,49431,US,(231) 843-4282,43.95627700,-86.41942200,"monday 9am - 8pm, tuesday 9am - 8pm, wednesday 9am - 8pm, thursday 9am - 8pm, friday 9am - 8pm, saturday 9am - 8pm, sunday 11am - 5pm",,,
"Petoskey, MI Shoe Sensation ",608,Bay Mall 910 Spring St.,,Petoskey,Michigan,49770,US,(231) 487-0066,45.36695500,-84.97335200,"monday 10am - 8pm, tuesday 10am - 8pm, wednesday 10am - 8pm, thursday 10am - 8pm, friday 10am - 8pm, saturday 10am - 8pm, sunday 12pm - 5pm",,,
"Mitchell, SD Shoe Sensation ",605,Walmart Outlet Retail Mall 1007 Spruce Street, Suite 103,Mitchell,South Dakota,57301,US,(605) 292-0343,43.68743200,-98.03376600,,,,
"Buckhannon, WV Shoe Sensation ",652,126 Skyline Plaza Dr, Buckhannon,Buckhannon,West Virginia,26201,US,(304) 472-9400,38.97344193,-80.23053195,"monday 9am - 9pm, tuesday 9am - 9pm, wednesday 9am - 9pm, thursday 9am - 9pm, friday 9am - 9pm, saturday 9am - 9pm, sunday 12pm - 6pm",,,
"Cynthiana, KY Shoe Sensation ",653,Forum Shops 809 US Highway 27S, Suites 101-104,Cynthiana,Kentucky,41031,US,(859) 569-3067,38.37928528,-84.31068591,"monday 10am - 8pm, tuesday 10am - 8pm, wednesday 10am - 8pm, thursday 10am - 8pm, friday 10am - 8pm, saturday 10am - 8pm, sunday 11am - 5pm",,,
"Sullivan, MO Shoe Sensation ",654,Dickey Bub Plaza 246 South Service Road E,,Sullivan,Kentucky,63080,US,(573) 468-2609,0.00000000,0.00000000,"monday 9am - 8pm, tuesday 9am - 8pm, wednesday 9am - 8pm, thursday 9am - 8pm, friday 9am - 9pm, saturday 9am - 9pm, sunday 12pm - 5pm",,,
"Marion, OH Shoe Sensation ",655,1632 Marion-Mt Gilead Rd,,Marion,Ohio,43302,US,740-914-6972,40.58270323,-83.08561921,"monday 9am - 10pm, tuesday 9am - 10pm, wednesday 9am - 10pm, thursday 9am - 10pm, friday 9am - 10pm, saturday 9am - 9pm, sunday 12pm - 6pm",,,
"Siloam Springs, AR Shoe Sensation ",656,Highland Park Shopping Center 153 Highway 412,,Siloam Springs,Arkansas,72761,US,(479) 373-6773,0.00000000,0.00000000,"monday 9am - 8pm, tuesday 9am - 8pm, wednesday 9am - 8pm, thursday 9am - 8pm, friday 9am - 9pm, saturday 9am - 9pm, sunday 12pm - 6pm",,,
"Sturgeon Bay, WI Shoe Sensation ",657,Cherry Point Mall 1300 Egg Harbor Rd., Suite 131,Sturgeon Bay,Wisconsin,54235,US,,0.00000000,0.00000000,"monday 9am - 10pm, tuesday 9am - 10pm, wednesday 9am - 10pm, thursday 9am - 10pm, friday 9am - 10pm, saturday 9am - 9pm, sunday 12pm - 6pm",,,
"Kennett, MO Shoe Sensation ",658,Bootheel Plaza Shopping Center 1778 First Street,,Kennett,Missouri,63857,US,,0.00000000,0.00000000,"monday 9am - 10pm, tuesday 9am - 10pm, wednesday 9am - 10pm, thursday 9am - 10pm, friday 9am - 10pm, saturday 9am - 9pm, sunday 12pm - 6pm",,,
"Poteau, OK Shoe Sensation ",659,Shoppes on Broadway 3100 N. Broadway, Suites 108 & 109,Poteau,Oklahoma,74953,US,,0.00000000,0.00000000,"monday 9am - 10pm, tuesday 9am - 10pm, wednesday 9am - 10pm, thursday 9am - 10pm, friday 9am - 10pm, saturday 9am - 9pm, sunday 12pm - 6pm",,,
"Neosho, MO Shoe Sensation ",660,Boulevard Shopping Center  1166 S. Neosho Blvd,,Neosho,Missouri,64850,US,,0.00000000,0.00000000,"monday 9am - 10pm, tuesday 9am - 10pm, wednesday 9am - 10pm, thursday 9am - 10pm, friday 9am - 10pm, saturday 9am - 9pm, sunday 12pm - 6pm",,,
"Savannah, TN Shoe Sensation ",661,Riverboat Plaza 1860 Wayne Road Suite F,,Savannah,Tennessee,38372,US,,0.00000000,0.00000000,"monday 9am - 10pm, tuesday 9am - 10pm, wednesday 9am - 10pm, thursday 9am - 10pm, friday 9am - 10pm, saturday 9am - 9pm, sunday 12pm - 6pm",,,
"Maryville, MO Shoe Sensation ",662,Mary Mart Shopping Center 1414 South Main Street,,Maryville,Missouri,64488,US,,0.00000000,0.00000000,"monday 9am - 10pm, tuesday 9am - 10pm, wednesday 9am - 10pm, thursday 9am - 10pm, friday 9am - 10pm, saturday 9am - 9pm, sunday 12pm - 6pm",,,
"Menomonie, WI Shoe Sensation ",651,Red Cedar Plaza 2421 Highway 25 N,,Menomonie,Wisconsin,54751,US,(715) 309-2865,44.91311349,-91.93477392,"monday 9am - 8pm, tuesday 9am - 8pm, wednesday 9am - 8pm, thursday 9am - 8pm, friday 9am - 8pm, saturday 9am - 7pm, sunday 11am - 5pm",,,
