store_name,store_number,address,address2,city,state,zip_code,country,phone_number,latitude,longitude,store_hours,store_type,other_fields,coming_soon
Virginia Beach,6756,4224 Virginia Beach Blvd.,Ste. 106,Virginia Beach,VA,23452,United States,(757) 961-3902,36.843773,-76.120313,"Monday 11:00 AM - 9:00 PM, Tuesday 11:00 AM - 9:00 PM, Wednesday 11:00 AM - 9:00 PM, Thursday 11:00 AM - 9:00 PM, Friday 11:00 AM - 9:00 PM, Saturday 11:00 AM - 9:00 PM, Sunday 11:00 AM - 9:00 PM",,,
"Raleigh, NC",6678,1310 E. Millbrook Rd.,,Raleigh,NC,27609,United States,(919) 790-6409,35.850223,-78.615644,"Monday 11:00 AM - 9:00 PM, Tuesday 11:00 AM - 9:00 PM, Wednesday 11:00 AM - 9:00 PM, Thursday 11:00 AM - 9:00 PM, Friday 11:00 AM - 9:00 PM, Saturday 11:00 AM - 9:00 PM, Sunday 11:00 AM - 9:00 PM",,,
Cordova,6667,4970 Bayou Blvd.,Ste. 300,Pensacola,FL,32503,United States,(850) 476-2200,30.471812,-87.207639,"Monday 11:00 AM - 10:00 PM, Tuesday 11:00 AM - 10:00 PM, Wednesday 11:00 AM - 10:00 PM, Thursday 11:00 AM - 10:00 PM, Friday 11:00 AM - 10:30 PM, Saturday 11:00 AM - 10:00 PM, Sunday 11:00 AM - 9:00 PM",,,
Ft. Walton Beach,6736,39 Eglin Parkway N.E.,,Ft. Walton Beach,FL,32548,United States,(850) 301-0002,30.414606,-86.605359,"Monday 11:00 AM - 10:00 PM, Tuesday 11:00 AM - 10:00 PM, Wednesday 11:00 AM - 10:00 PM, Thursday 11:00 AM - 10:00 PM, Friday 11:00 AM - 10:30 PM, Saturday 11:00 AM - 10:30 PM, Sunday 11:00 AM - 9:00 PM",,,
Tally #2,6683,2020 W. Pensacola St.,Ste. 230A,Tallahassee,FL,32304,United States,(850) 574-4689,30.442161,-84.319412,"Monday 11:00 AM - 10:00 PM, Tuesday 11:00 AM - 10:00 PM, Wednesday 11:00 AM - 10:00 PM, Thursday 11:00 AM - 10:00 PM, Friday 11:00 AM - 10:00 PM, Saturday 11:00 AM - 10:00 PM, Sunday 11:00 AM - 9:00 PM",,,
Parkside,6728,7165 O'Kelly Chapel Rd.,,Cary,NC,27519,United States,(919) 629-3200,35.844222,-78.888681,"Monday 11:00 AM - 9:00 PM, Tuesday 11:00 AM - 9:00 PM, Wednesday 11:00 AM - 9:00 PM, Thursday 11:00 AM - 9:00 PM, Friday 11:00 AM - 9:00 PM, Saturday 11:00 AM - 9:00 PM, Sunday 11:00 AM - 9:00 PM",,,
"Cary, NC",6694,151 S.E. Cary Pkwy.,,Cary,NC,27511,United States,(919) 468-6328,35.758527,-78.781532,"Monday 11:00 AM - 9:00 PM, Tuesday 11:00 AM - 9:00 PM, Wednesday 11:00 AM - 9:00 PM, Thursday 11:00 AM - 9:00 PM, Friday 11:00 AM - 9:00 PM, Saturday 11:00 AM - 9:00 PM, Sunday 11:00 AM - 9:00 PM",,,
Bradford,6741,12102 Bradford Green Square,,Cary,NC,27513,United States,(919) 322-3466,35.79373,-78.846389,"Monday 11:00 AM - 9:00 PM, Tuesday 11:00 AM - 9:00 PM, Wednesday 11:00 AM - 9:00 PM, Thursday 11:00 AM - 9:00 PM, Friday 11:00 AM - 9:00 PM, Saturday 11:00 AM - 9:00 PM, Sunday 11:00 AM - 9:00 PM",,,
Holly Springs,6719,161 Grand Hill Place,,Holly Springs,NC,27540,United States,(919) 629-7558,35.661918,-78.848266,"Monday 11:00 AM - 9:00 PM, Tuesday 11:00 AM - 9:00 PM, Wednesday 11:00 AM - 9:00 PM, Thursday 11:00 AM - 9:00 PM, Friday 11:00 AM - 9:00 PM, Saturday 11:00 AM - 9:00 PM, Sunday 11:00 AM - 9:00 PM",,,
Tallahassee (Mahan Dr.),6673,3111 Mahan Dr.,,Tallahassee,FL,32308,United States,(850) 597-7001,30.460072,-84.225196,"Monday 11:00 AM - 9:00 PM, Tuesday 11:00 AM - 9:00 PM, Wednesday 11:00 AM - 9:00 PM, Thursday 11:00 AM - 9:00 PM, Friday 11:00 AM - 9:00 PM, Saturday 11:00 AM - 9:00 PM, Sunday 11:00 AM - 9:00 PM",,,
Haywood,6742,586 Haywood Rd.,B,Greenville,SC,29607,United States,(864) 252-3500,34.847311,-82.339254,"Monday 11:00 AM - 9:00 PM, Tuesday 11:00 AM - 9:00 PM, Wednesday 11:00 AM - 9:00 PM, Thursday 11:00 AM - 9:00 PM, Friday 11:00 AM - 9:00 PM, Saturday 11:00 AM - 9:00 PM, Sunday 11:00 AM - 9:00 PM",,,
Woodruff,6740,1139 Woodruff Rd.,Ste. B,Greenville,SC,29607,United States,(864) 844-8148,34.825389,-82.295025,"Monday 11:00 AM - 9:00 PM, Tuesday 11:00 AM - 9:00 PM, Wednesday 11:00 AM - 9:00 PM, Thursday 11:00 AM - 9:00 PM, Friday 11:00 AM - 9:00 PM, Saturday 11:00 AM - 9:00 PM, Sunday 11:00 AM - 9:00 PM",,,
Gainesville 2,6707,3414 S.W. Archer Rd.,,Gainesville,FL,32608,United States,(352) 373-8967,29.626218,-82.374125,"Monday 11:00 AM - 10:00 PM, Tuesday 11:00 AM - 10:00 PM, Wednesday 11:00 AM - 10:00 PM, Thursday 11:00 AM - 10:00 PM, Friday 11:00 AM - 10:00 PM, Saturday 11:00 AM - 10:00 PM, Sunday 11:00 AM - 9:00 PM",,,
Gainesville,6656,1720 W. University Ave.,,Gainesville,FL,32602,United States,(352) 692-3093,29.652267,-82.345378,"Monday 11:00 AM - 10:00 PM, Tuesday 11:00 AM - 10:00 PM, Wednesday 11:00 AM - 10:00 PM, Thursday 11:00 AM - 10:00 PM, Friday 11:00 AM - 10:00 PM, Saturday 11:00 AM - 10:00 PM, Sunday 11:00 AM - 9:00 PM",,,
Winston-Salem,6753,227 Harvey St.,,Winston-Salem,NC,27103,United States,(336) 419-1800,36.084335,-80.294511,"Monday 11:00 AM - 9:00 PM, Tuesday 11:00 AM - 9:00 PM, Wednesday 11:00 AM - 9:00 PM, Thursday 11:00 AM - 9:00 PM, Friday 11:00 AM - 9:00 PM, Saturday 11:00 AM - 9:00 PM, Sunday 11:00 AM - 9:00 PM",,,
Concord Mills,6731,8680 Concord Mills Blvd.,Ste. #40,Concord,NC,28027,United States,(704) 626-5830,35.375002,-80.728883,"Monday 11:00 AM - 9:00 PM, Tuesday 11:00 AM - 9:00 PM, Wednesday 11:00 AM - 9:00 PM, Thursday 11:00 AM - 9:00 PM, Friday 11:00 AM - 10:00 PM, Saturday 11:00 AM - 10:00 PM, Sunday 11:00 AM - 9:00 PM",,,
UNC,6746,8926 J M Keynes Dr.,Ste. B,Charlotte,NC,28262,United States,(704) 626-5799,35.309049,-80.747749,"Monday 11:00 AM - 9:00 PM, Tuesday 11:00 AM - 9:00 PM, Wednesday 11:00 AM - 9:00 PM, Thursday 11:00 AM - 9:00 PM, Friday 11:00 AM - 9:00 PM, Saturday 11:00 AM - 9:00 PM, Sunday 11:00 AM - 9:00 PM",,,
Gastonia,6732,2272 E. Franklin Blvd,,Gastonia,NC,28054,United States,(704) 626-5770,35.262136,-81.138932,"Monday 11:00 AM - 9:00 PM, Tuesday 11:00 AM - 9:00 PM, Wednesday 11:00 AM - 9:00 PM, Thursday 11:00 AM - 9:00 PM, Friday 11:00 AM - 9:00 PM, Saturday 11:00 AM - 9:00 PM, Sunday 11:00 AM - 9:00 PM",,,
Pooler,6727,405 Pooler Pkwy.,Ste. 200,Pooler,GA,31322,United States,(912) 339-5330,32.137582,-81.252062,"Monday 11:00 AM - 9:00 PM, Tuesday 11:00 AM - 9:00 PM, Wednesday 11:00 AM - 9:00 PM, Thursday 11:00 AM - 9:00 PM, Friday 11:00 AM - 9:00 PM, Saturday 11:00 AM - 9:00 PM, Sunday 11:00 AM - 9:00 PM",,,
River City,6710,651 Nautica Dr.,Ste. 2,Jacksonville,FL,32218,United States,(904) 738-7642,30.478822,-81.636226,"Monday 11:00 AM - 10:00 PM, Tuesday 11:00 AM - 10:00 PM, Wednesday 11:00 AM - 10:00 PM, Thursday 11:00 AM - 10:00 PM, Friday 11:00 AM - 10:00 PM, Saturday 11:00 AM - 10:00 PM, Sunday 11:00 AM - 9:00 PM",,,
Riverside,6713,2025 Riverside Ave.,#4,Jacksonville,FL,32204,United States,(904) 389-5630,30.31127,-81.681144,"Monday 11:00 AM - 10:00 PM, Tuesday 11:00 AM - 10:00 PM, Wednesday 11:00 AM - 10:00 PM, Thursday 11:00 AM - 10:00 PM, Friday 11:00 AM - 10:00 PM, Saturday 11:00 AM - 10:00 PM, Sunday 11:00 AM - 9:00 PM",,,
Ortega Village,6690,5907 Roosevelt Blvd.,Ste. 100,Jacksonville,FL,32244,United States,(904) 908-4343,30.243272,-81.695952,"Monday 11:00 AM - 9:00 PM, Tuesday 11:00 AM - 9:00 PM, Wednesday 11:00 AM - 9:00 PM, Thursday 11:00 AM - 9:00 PM, Friday 11:00 AM - 9:00 PM, Saturday 11:00 AM - 9:00 PM, Sunday 11:00 AM - 9:00 PM",,,
Lakewood,6689,5635 San Jose Blvd.,,Jacksonville,FL,32207,United States,,30.261326,-81.644892,"Monday 11:00 AM - 10:00 PM, Tuesday 11:00 AM - 10:00 PM, Wednesday 11:00 AM - 10:00 PM, Thursday 11:00 AM - 10:00 PM, Friday 11:00 AM - 10:00 PM, Saturday 11:00 AM - 10:00 PM, Sunday 11:00 AM - 9:00 PM",,,
Victory,6730,1800 E. Victory Dr.,Unit F,Savannah,GA,31404,United States,(912) 344-9111,32.04507,-81.071058,"Monday 11:00 AM - 9:00 PM, Tuesday 11:00 AM - 9:00 PM, Wednesday 11:00 AM - 9:00 PM, Thursday 11:00 AM - 9:00 PM, Friday 11:00 AM - 9:00 PM, Saturday 11:00 AM - 9:00 PM, Sunday 11:00 AM - 9:00 PM",,,
Forest Drive,6748,106 Percival Rd.,Ste. 200,Columbia,SC,29206,United States,(803) 451-3130,34.023987,-80.95047,"Monday 11:00 AM - 9:00 PM, Tuesday 11:00 AM - 9:00 PM, Wednesday 11:00 AM - 9:00 PM, Thursday 11:00 AM - 9:00 PM, Friday 11:00 AM - 9:00 PM, Saturday 11:00 AM - 9:00 PM, Sunday 11:00 AM - 9:00 PM",,,
Woodruff,6740,1139 Woodruff Rd.,Ste. B,Greenville,SC,29607,United States,(864) 844-8148,34.825389,-82.295025,"Monday 11:00 AM - 9:00 PM, Tuesday 11:00 AM - 9:00 PM, Wednesday 11:00 AM - 9:00 PM, Thursday 11:00 AM - 9:00 PM, Friday 11:00 AM - 9:00 PM, Saturday 11:00 AM - 9:00 PM, Sunday 11:00 AM - 9:00 PM",,,
Fleming Island,6721,1647 CR 220,Ste. 103,Fleming Island,FL,32003,United States,(904) 264-1766,30.101692,-81.71885,"Monday 11:00 AM - 9:00 PM, Tuesday 11:00 AM - 9:00 PM, Wednesday 11:00 AM - 9:00 PM, Thursday 11:00 AM - 9:00 PM, Friday 11:00 AM - 10:00 PM, Saturday 11:00 AM - 10:00 PM, Sunday 11:00 AM - 9:00 PM",,,
Baymeadows,6655,9942 Old Baymeadows Rd.,,Jacksonville,FL,32256,United States,(904) 641-1090,30.219646,-81.553656,"Monday 11:00 AM - 10:00 PM, Tuesday 11:00 AM - 10:00 PM, Wednesday 11:00 AM - 10:00 PM, Thursday 11:00 AM - 10:00 PM, Friday 11:00 AM - 10:00 PM, Saturday 11:00 AM - 10:00 PM, Sunday 11:00 AM - 9:00 PM",,,
"Bartram Park, Jax",6700,13820 Old St. Augustine Rd.,#125,Jacksonville,FL,32258,United States,(904) 262-0484,30.140491,-81.549636,"Monday 11:00 AM - 10:00 PM, Tuesday 11:00 AM - 10:00 PM, Wednesday 11:00 AM - 10:00 PM, Thursday 11:00 AM - 10:00 PM, Friday 11:00 AM - 10:00 PM, Saturday 11:00 AM - 10:00 PM, Sunday 11:00 AM - 9:00 PM",,,
Haywood,6742,586 Haywood Rd.,B,Greenville,SC,29607,United States,(864) 252-3500,34.847311,-82.339254,"Monday 11:00 AM - 9:00 PM, Tuesday 11:00 AM - 9:00 PM, Wednesday 11:00 AM - 9:00 PM, Thursday 11:00 AM - 9:00 PM, Friday 11:00 AM - 9:00 PM, Saturday 11:00 AM - 9:00 PM, Sunday 11:00 AM - 9:00 PM",,,
Summerville,6749,1097 North Main Street,Ste. 202,Summerville,SC,29483,United States,(843) 486-8585,33.032202,-80.163764,"Monday 11:00 AM - 9:00 PM, Tuesday 11:00 AM - 9:00 PM, Wednesday 11:00 AM - 9:00 PM, Thursday 11:00 AM - 9:00 PM, Friday 11:00 AM - 9:00 PM, Saturday 11:00 AM - 9:00 PM, Sunday 11:00 AM - 9:00 PM",,,
Beach &#038 Hodges,6691,13529 Beach Blvd.,Ste. 201B,Jacksonville,FL,32224,United States,(904) 223-0041,30.288299,-81.461199,"Monday 11:00 AM - 10:00 PM, Tuesday 11:00 AM - 10:00 PM, Wednesday 11:00 AM - 10:00 PM, Thursday 11:00 AM - 10:00 PM, Friday 11:00 AM - 10:00 PM, Saturday 11:00 AM - 10:00 PM, Sunday 11:00 AM - 9:00 PM",,,
Ocala,6679,3950 S.W. College Rd.,,Ocala,FL,34474,United States,(352) 291-1316,29.145684,-82.188781,"Monday 11:00 AM - 9:00 PM, Tuesday 11:00 AM - 9:00 PM, Wednesday 11:00 AM - 9:00 PM, Thursday 11:00 AM - 9:00 PM, Friday 11:00 AM - 9:00 PM, Saturday 11:00 AM - 9:00 PM, Sunday 11:00 AM - 9:00 PM",,,
St. Augustine,7081,833 S. Ponce de Leon Blvd.,,St. Augustine,FL,32084,United States,(904) 201-8655,29.881331,-81.325113,"Monday 11:00 AM - 10:00 PM, Tuesday 11:00 AM - 10:00 PM, Wednesday 11:00 AM - 10:00 PM, Thursday 11:00 AM - 10:00 PM, Friday 11:00 AM - 10:00 PM, Saturday 11:00 AM - 10:00 PM, Sunday 11:00 AM - 9:00 PM",,,
Trinity,6702,10900 SR 54,Ste. 101,New Port Richey,FL,34655,United States,(727) 376-3500,28.193446,-82.635167,"Monday 11:00 AM - 10:00 PM, Tuesday 11:00 AM - 10:00 PM, Wednesday 11:00 AM - 10:00 PM, Thursday 11:00 AM - 10:00 PM, Friday 11:00 AM - 10:00 PM, Saturday 11:00 AM - 10:00 PM, Sunday 11:00 AM - 9:00 PM",,,
Clearwater,6726,2518 SR 580,Ste. A,Clearwater,FL,33761,United States,(727) 437-0915,28.019929,-82.732893,"Monday 11:00 AM - 10:00 PM, Tuesday 11:00 AM - 10:00 PM, Wednesday 11:00 AM - 10:00 PM, Thursday 11:00 AM - 10:00 PM, Friday 11:00 AM - 10:00 PM, Saturday 11:00 AM - 10:00 PM, Sunday 11:00 AM - 9:00 PM",,,
Oldsmar,6665,3687 Tampa Rd.,Ste. 203,Oldsmar,FL,34677,United States,(813) 749-8184,28.045372,-82.68155,"Monday 11:00 AM - 10:00 PM, Tuesday 11:00 AM - 10:00 PM, Wednesday 11:00 AM - 10:00 PM, Thursday 11:00 AM - 10:00 PM, Friday 11:00 AM - 10:00 PM, Saturday 11:00 AM - 10:00 PM, Sunday 11:00 AM - 9:00 PM",,,
Gastonia,6732,2272 E. Franklin Blvd,,Gastonia,NC,28054,United States,(704) 626-5770,35.262136,-81.138932,"Monday 11:00 AM - 9:00 PM, Tuesday 11:00 AM - 9:00 PM, Wednesday 11:00 AM - 9:00 PM, Thursday 11:00 AM - 9:00 PM, Friday 11:00 AM - 9:00 PM, Saturday 11:00 AM - 9:00 PM, Sunday 11:00 AM - 9:00 PM",,,
Leesburg,6696,10300 US Hwy. 441,Ste. 101,Leesburg,FL,34788,United States,(352) 343-3337,28.822369,-81.786127,"Monday 11:00 AM - 9:00 PM, Tuesday 11:00 AM - 9:00 PM, Wednesday 11:00 AM - 9:00 PM, Thursday 11:00 AM - 9:00 PM, Friday 11:00 AM - 10:00 PM, Saturday 11:00 AM - 10:00 PM, Sunday 11:00 AM - 9:00 PM",,,
Collier Pkwy,6703,23100 SR 54,,Lutz,FL,33549,United States,(813) 949-1155,28.185209,-82.43478,"Monday 11:00 AM - 10:00 PM, Tuesday 11:00 AM - 10:00 PM, Wednesday 11:00 AM - 10:00 PM, Thursday 11:00 AM - 10:00 PM, Friday 11:00 AM - 10:00 PM, Saturday 11:00 AM - 10:00 PM, Sunday 11:00 AM - 9:00 PM",,,
Westchase,6677,9520 W. Linebaugh Ave.,,Tampa,FL,33626,United States,(813) 792-1881,28.043209,-82.592402,"Monday 11:00 AM - 10:00 PM, Tuesday 11:00 AM - 10:00 PM, Wednesday 11:00 AM - 10:00 PM, Thursday 11:00 AM - 10:00 PM, Friday 11:00 AM - 10:00 PM, Saturday 11:00 AM - 10:00 PM, Sunday 11:00 AM - 9:00 PM",,,
Largo,6733,13100 Seminole Blvd.,Ste 105,Largo,FL,33778,United States,(727) 437-0919,27.89241,-82.78771,"Monday 11:00 AM - 10:00 PM, Tuesday 11:00 AM - 10:00 PM, Wednesday 11:00 AM - 10:00 PM, Thursday 11:00 AM - 10:00 PM, Friday 11:00 AM - 10:00 PM, Saturday 11:00 AM - 10:00 PM, Sunday 11:00 AM - 9:00 PM",,,
Largo,6664,180 S. Belcher Rd.,,Largo,FL,33771,United States,(727) 210-1190,27.914939,-82.74637,"Monday 11:00 AM - 10:00 PM, Tuesday 11:00 AM - 10:00 PM, Wednesday 11:00 AM - 10:00 PM, Thursday 11:00 AM - 10:00 PM, Friday 11:00 AM - 10:00 PM, Saturday 11:00 AM - 10:00 PM, Sunday 11:00 AM - 9:00 PM",,,
Wesley Chapel,6701,27709 SR 56,Ste. 101,Wesley Chapel,FL,33543,United States,(813) 994-9010,28.186435,-82.35825,"Monday 11:00 AM - 10:00 PM, Tuesday 11:00 AM - 10:00 PM, Wednesday 11:00 AM - 10:00 PM, Thursday 11:00 AM - 10:00 PM, Friday 11:00 AM - 10:00 PM, Saturday 11:00 AM - 10:00 PM, Sunday 11:00 AM - 9:00 PM",,,
Mt. Dora / Eustis,6981,17375 US Hwy 441,,Mt. Dora,FL,32757,United States,(352) 508-1174,28.821129,-81.669832,"Monday 11:00 AM - 10:00 PM, Tuesday 11:00 AM - 10:00 PM, Wednesday 11:00 AM - 10:00 PM, Thursday 11:00 AM - 10:00 PM, Friday 11:00 AM - 10:00 PM, Saturday 11:00 AM - 10:00 PM, Sunday 11:00 AM - 9:00 PM",,,
Dale Mabry,6675,10019 N. Dale Mabry Hwy.,,Tampa,FL,33618,United States,(813) 849-6900,28.042047,-82.504102,"Monday 11:00 AM - 10:00 PM, Tuesday 11:00 AM - 10:00 PM, Wednesday 11:00 AM - 10:00 PM, Thursday 11:00 AM - 10:00 PM, Friday 11:00 AM - 10:00 PM, Saturday 11:00 AM - 10:00 PM, Sunday 11:00 AM - 9:00 PM",,,
New Tampa,6698,17501 Preserve Walk Ln.,#103,Tampa,FL,33647,United States,(813) 975-0483,28.127609,-82.369684,"Monday 11:00 AM - 10:00 PM, Tuesday 11:00 AM - 10:00 PM, Wednesday 11:00 AM - 10:00 PM, Thursday 11:00 AM - 10:00 PM, Friday 11:00 AM - 10:00 PM, Saturday 11:00 AM - 10:00 PM, Sunday 11:00 AM - 9:00 PM",,,
Fowler,6674,2782 E. Fowler Ave.,,Tampa,FL,33612,United States,(813) 975-0800,28.055712,-82.427563,"Monday 11:00 AM - 10:00 PM, Tuesday 11:00 AM - 10:00 PM, Wednesday 11:00 AM - 10:00 PM, Thursday 11:00 AM - 10:00 PM, Friday 11:00 AM - 10:00 PM, Saturday 11:00 AM - 10:00 PM, Sunday 11:00 AM - 9:00 PM",,,
Pinellas Park,6668,7860 US Hwy. 19 N.,,Pinellas Park,FL,33781,United States,(727) 209-3254,27.843578,-82.68697,"Monday 11:00 AM - 10:00 PM, Tuesday 11:00 AM - 10:00 PM, Wednesday 11:00 AM - 10:00 PM, Thursday 11:00 AM - 10:00 PM, Friday 11:00 AM - 10:00 PM, Saturday 11:00 AM - 10:00 PM, Sunday 11:00 AM - 9:00 PM",,,
Roosevelt,6718,10300 Roosevelt Blvd. N.,,St. Petersburg,FL,33716,United States,(727) 578-8970,27.865878,-82.64276,"Monday 11:00 AM - 10:00 PM, Tuesday 11:00 AM - 10:00 PM, Wednesday 11:00 AM - 10:00 PM, Thursday 11:00 AM - 10:00 PM, Friday 11:00 AM - 10:00 PM, Saturday 11:00 AM - 10:00 PM, Sunday 11:00 AM - 9:00 PM",,,
Fishers,6738,7834 E. 96th St.,,Fishers,IN,46038,United States,(317) 842-3528,39.928303,-86.024951,"Monday 11:00 AM - 9:00 PM, Tuesday 11:00 AM - 9:30 PM, Wednesday 11:00 AM - 9:30 PM, Thursday 11:00 AM - 9:30 PM, Friday 11:00 AM - 10:00 PM, Saturday 11:00 AM - 10:00 PM, Sunday 11:00 AM - 9:00 PM",,,
Tyrone,6662,2117 66th St. N.,,St. Petersburg,FL,33710,United States,(727) 209-0191,27.788539,-82.727652,"Monday 11:00 AM - 10:00 PM, Tuesday 11:00 AM - 10:00 PM, Wednesday 11:00 AM - 10:00 PM, Thursday 11:00 AM - 10:00 PM, Friday 11:00 AM - 10:00 PM, Saturday 11:00 AM - 10:00 PM, Sunday 11:00 AM - 9:00 PM",,,
Platt St.,6747,1617 W. Platt St.,,Tampa,FL,33606,United States,(813) 528-4646,27.942007,-82.476572,"Monday 11:00 AM - 10:00 PM, Tuesday 11:00 AM - 10:00 PM, Wednesday 11:00 AM - 10:00 PM, Thursday 11:00 AM - 10:00 PM, Friday 11:00 AM - 10:00 PM, Saturday 11:00 AM - 10:00 PM, Sunday 11:00 AM - 9:00 PM",,,
South Tampa,6918,4027 S. Dale Mabry Hwy.,,Tampa,FL,33611,United States,(813) 579-4624,27.905148,-82.507026,"Monday 11:00 AM - 10:00 PM, Tuesday 11:00 AM - 10:00 PM, Wednesday 11:00 AM - 10:00 PM, Thursday 11:00 AM - 10:00 PM, Friday 11:00 AM - 10:00 PM, Saturday 11:00 AM - 10:00 PM, Sunday 11:00 AM - 9:00 PM",,,
St. Pete,6660,944 4th Street N.,Ste. 100,St. Petersburg,FL,33701,United States,(727) 823-5882,27.781763,-82.638746,"Monday 11:00 AM - 10:00 PM, Tuesday 11:00 AM - 10:00 PM, Wednesday 11:00 AM - 10:00 PM, Thursday 11:00 AM - 10:00 PM, Friday 11:00 AM - 10:00 PM, Saturday 11:00 AM - 10:00 PM, Sunday 11:00 AM - 9:00 PM",,,
Clermont,6762,2560 E. Highway 50,#101,Clermont,FL,34711,United States,(352) 242-6561,28.548026,-81.708465,"Monday 11:00 AM - 10:00 PM, Tuesday 11:00 AM - 10:00 PM, Wednesday 11:00 AM - 10:00 PM, Thursday 11:00 AM - 10:00 PM, Friday 11:00 AM - 10:00 PM, Saturday 11:00 AM - 10:00 PM, Sunday 11:00 AM - 9:00 PM",,,
West Apopka,6906,1099 W. Orange Blossom Trail,,Apopka,FL,32712,United States,(321) 248-8698,28.684794,-81.531833,"Monday 11:00 AM - 10:00 PM, Tuesday 11:00 AM - 10:00 PM, Wednesday 11:00 AM - 10:00 PM, Thursday 11:00 AM - 10:00 PM, Friday 11:00 AM - 10:00 PM, Saturday 11:00 AM - 10:00 PM, Sunday 11:00 AM - 9:00 PM",,,
Winston-Salem,6753,227 Harvey St.,,Winston-Salem,NC,27103,United States,(336) 419-1800,36.084335,-80.294511,"Monday 11:00 AM - 9:00 PM, Tuesday 11:00 AM - 9:00 PM, Wednesday 11:00 AM - 9:00 PM, Thursday 11:00 AM - 9:00 PM, Friday 11:00 AM - 9:00 PM, Saturday 11:00 AM - 9:00 PM, Sunday 11:00 AM - 9:00 PM",,,
Gastonia,6732,2272 E. Franklin Blvd,,Gastonia,NC,28054,United States,(704) 626-5770,35.262136,-81.138932,"Monday 11:00 AM - 9:00 PM, Tuesday 11:00 AM - 9:00 PM, Wednesday 11:00 AM - 9:00 PM, Thursday 11:00 AM - 9:00 PM, Friday 11:00 AM - 9:00 PM, Saturday 11:00 AM - 9:00 PM, Sunday 11:00 AM - 9:00 PM",,,
Concord Mills,6731,8680 Concord Mills Blvd.,Ste. #40,Concord,NC,28027,United States,(704) 626-5830,35.375002,-80.728883,"Monday 11:00 AM - 9:00 PM, Tuesday 11:00 AM - 9:00 PM, Wednesday 11:00 AM - 9:00 PM, Thursday 11:00 AM - 9:00 PM, Friday 11:00 AM - 10:00 PM, Saturday 11:00 AM - 10:00 PM, Sunday 11:00 AM - 9:00 PM",,,
UNC,6746,8926 J M Keynes Dr.,Ste. B,Charlotte,NC,28262,United States,(704) 626-5799,35.309049,-80.747749,"Monday 11:00 AM - 9:00 PM, Tuesday 11:00 AM - 9:00 PM, Wednesday 11:00 AM - 9:00 PM, Thursday 11:00 AM - 9:00 PM, Friday 11:00 AM - 9:00 PM, Saturday 11:00 AM - 9:00 PM, Sunday 11:00 AM - 9:00 PM",,,
Speedway Village,6763,2280 W. International Speedway Blvd.,,Daytona Beach,FL,32114,United States,(386) 366-9117,29.184998,-81.078343,"Monday 11:00 AM - 10:00 PM, Tuesday 11:00 AM - 10:00 PM, Wednesday 11:00 AM - 10:00 PM, Thursday 11:00 AM - 10:00 PM, Friday 11:00 AM - 10:30 PM, Saturday 11:00 AM - 10:30 PM, Sunday 11:00 AM - 9:00 PM",,,
Brandon,6676,11007 Causeway Blvd.,,Brandon,FL,33511,United States,(813) 643-3020,27.922888,-82.337189,"Monday 11:00 AM - 10:00 PM, Tuesday 11:00 AM - 10:00 PM, Wednesday 11:00 AM - 10:00 PM, Thursday 11:00 AM - 10:00 PM, Friday 11:00 AM - 10:00 PM, Saturday 11:00 AM - 10:00 PM, Sunday 11:00 AM - 9:00 PM",,,
Orange City,6764,1169 Saxon Blvd.,,Orange City,FL,32763,United States,(386) 456-0003,28.911928,-81.279476,"Monday 11:00 AM - 10:00 PM, Tuesday 11:00 AM - 10:00 PM, Wednesday 11:00 AM - 10:00 PM, Thursday 11:00 AM - 10:00 PM, Friday 11:00 AM - 10:30 PM, Saturday 11:00 AM - 10:30 PM, Sunday 11:00 AM - 9:00 PM",,,
UNC,6746,8926 J M Keynes Dr.,Ste. B,Charlotte,NC,28262,United States,(704) 626-5799,35.309049,-80.747749,"Monday 11:00 AM - 9:00 PM, Tuesday 11:00 AM - 9:00 PM, Wednesday 11:00 AM - 9:00 PM, Thursday 11:00 AM - 9:00 PM, Friday 11:00 AM - 9:00 PM, Saturday 11:00 AM - 9:00 PM, Sunday 11:00 AM - 9:00 PM",,,
Winter Garden,6663,13770 W. Colonial Dr.,Ste. 120,Winter Garden,FL,34787,United States,(407) 656-4855,28.550321,-81.590154,"Monday 11:00 AM - 10:00 PM, Tuesday 11:00 AM - 10:00 PM, Wednesday 11:00 AM - 10:00 PM, Thursday 11:00 AM - 10:00 PM, Friday 11:00 AM - 10:00 PM, Saturday 11:00 AM - 10:00 PM, Sunday 11:00 AM - 9:00 PM",,,
Sanford,6671,5030 W. SR 46,Ste. 1036,Sanford,FL,32771,United States,(407) 936-0154,28.811964,-81.346186,"Monday 11:00 AM - 10:00 PM, Tuesday 11:00 AM - 10:00 PM, Wednesday 11:00 AM - 10:00 PM, Thursday 11:00 AM - 10:00 PM, Friday 11:00 AM - 10:00 PM, Saturday 11:00 AM - 10:00 PM, Sunday 11:00 AM - 9:00 PM",,,
Hunt Club,6652,444 S. Hunt Club Blvd.,,Apopka,FL,32703,United States,(407) 774-0402,28.673647,-81.450343,"Monday 11:00 AM - 10:00 PM, Tuesday 11:00 AM - 10:00 PM, Wednesday 11:00 AM - 10:00 PM, Thursday 11:00 AM - 10:00 PM, Friday 11:00 AM - 10:00 PM, Saturday 11:00 AM - 10:00 PM, Sunday 11:00 AM - 9:00 PM",,,
Concord Mills,6731,8680 Concord Mills Blvd.,Ste. #40,Concord,NC,28027,United States,(704) 626-5830,35.375002,-80.728883,"Monday 11:00 AM - 9:00 PM, Tuesday 11:00 AM - 9:00 PM, Wednesday 11:00 AM - 9:00 PM, Thursday 11:00 AM - 9:00 PM, Friday 11:00 AM - 10:00 PM, Saturday 11:00 AM - 10:00 PM, Sunday 11:00 AM - 9:00 PM",,,
Parkside,6728,7165 O'Kelly Chapel Rd.,,Cary,NC,27519,United States,(919) 629-3200,35.844222,-78.888681,"Monday 11:00 AM - 9:00 PM, Tuesday 11:00 AM - 9:00 PM, Wednesday 11:00 AM - 9:00 PM, Thursday 11:00 AM - 9:00 PM, Friday 11:00 AM - 9:00 PM, Saturday 11:00 AM - 9:00 PM, Sunday 11:00 AM - 9:00 PM",,,
Longwood,6666,2401 W. SR 434,#117,Longwood,FL,32779,United States,(407) 478-5974,28.687286,-81.402902,"Monday 11:00 AM - 10:00 PM, Tuesday 11:00 AM - 10:00 PM, Wednesday 11:00 AM - 10:00 PM, Thursday 11:00 AM - 10:00 PM, Friday 11:00 AM - 10:00 PM, Saturday 11:00 AM - 10:00 PM, Sunday 11:00 AM - 9:00 PM",,,
Lake Mary,6653,3005 W. Lake Mary Blvd.,Ste. 109,Lake Mary,FL,32746,United States,(407) 328-0907,28.754936,-81.332532,"Monday 11:00 AM - 10:00 PM, Tuesday 11:00 AM - 10:00 PM, Wednesday 11:00 AM - 10:00 PM, Thursday 11:00 AM - 10:00 PM, Friday 11:00 AM - 10:00 PM, Saturday 11:00 AM - 10:00 PM, Sunday 11:00 AM - 9:00 PM",,,
Port Orange,6755,1760 Dunlawton Ave.,Ste. 105,Port Orange,FL,32127,United States,(386) 271-4663,29.10885,-81.026311,"Monday 11:00 AM - 10:00 PM, Tuesday 11:00 AM - 10:00 PM, Wednesday 11:00 AM - 10:00 PM, Thursday 11:00 AM - 10:00 PM, Friday 11:00 AM - 10:00 PM, Saturday 11:00 AM - 10:00 PM, Sunday 11:00 AM - 9:00 PM",,,
Riverview,7094,13009 US Hwy. 301,,Riverview,FL,33578,United States,(813) 257-9250,27.796455,-82.334957,"Monday 11:00 AM - 10:00 PM, Tuesday 11:00 AM - 10:00 PM, Wednesday 11:00 AM - 10:00 PM, Thursday 11:00 AM - 10:00 PM, Friday 11:00 AM - 10:00 PM, Saturday 11:00 AM - 10:00 PM, Sunday 11:00 AM - 9:00 PM",,,
Altamonte Springs,6672,895 E. Altamonte Dr.,,Altamonte Springs,FL,32701,United States,(407) 478-3461,28.663643,-81.360099,"Monday 11:00 AM - 10:00 PM, Tuesday 11:00 AM - 10:00 PM, Wednesday 11:00 AM - 10:00 PM, Thursday 11:00 AM - 10:00 PM, Friday 11:00 AM - 10:00 PM, Saturday 11:00 AM - 10:00 PM, Sunday 11:00 AM - 9:00 PM",,,
Metro West,6657,2320 S. Kirkman Rd.,,Orlando,FL,32811,United States,(407) 822-4257,28.516536,-81.459946,"Monday 11:00 AM - 10:00 PM, Tuesday 11:00 AM - 10:00 PM, Wednesday 11:00 AM - 10:00 PM, Thursday 11:00 AM - 10:00 PM, Friday 11:00 AM - 10:00 PM, Saturday 11:00 AM - 10:00 PM, Sunday 11:00 AM - 9:00 PM",,,
Casselberry,6739,991 E. Semoran Blvd.,,Casselberry,FL,32707,United States,(407) 331-3529,28.645409,-81.32265,"Monday 11:00 AM - 10:00 PM, Tuesday 11:00 AM - 10:00 PM, Wednesday 11:00 AM - 10:00 PM, Thursday 11:00 AM - 10:00 PM, Friday 11:00 AM - 10:00 PM, Saturday 11:00 AM - 10:00 PM, Sunday 11:00 AM - 9:00 PM",,,
College Park,6692,2217 Edgewater Dr.,,Orlando,FL,32804,United States,(407) 425-4762,28.571795,-81.389205,"Monday 11:00 AM - 10:00 PM, Tuesday 11:00 AM - 10:00 PM, Wednesday 11:00 AM - 10:00 PM, Thursday 11:00 AM - 10:00 PM, Friday 11:00 AM - 10:00 PM, Saturday 11:00 AM - 10:00 PM, Sunday 11:00 AM - 9:00 PM",,,
Winter Springs,6735,160 Tuskawilla Rd.,Ste. 1208,Winter Springs,FL,32708,United States,(407) 706-2468,28.69555,-81.262915,"Monday 11:00 AM - 10:00 PM, Tuesday 11:00 AM - 10:00 PM, Wednesday 11:00 AM - 10:00 PM, Thursday 11:00 AM - 10:00 PM, Friday 11:00 AM - 10:30 PM, Saturday 11:00 AM - 10:30 PM, Sunday 11:00 AM - 9:00 PM",,,
Sand Lake,6699,7560 W. Sand Lake Rd.,,Orlando,FL,32819,United States,(407) 352-6113,28.45009,-81.478809,"Monday 11:00 AM - 10:00 PM, Tuesday 11:00 AM - 10:00 PM, Wednesday 11:00 AM - 10:00 PM, Thursday 11:00 AM - 10:00 PM, Friday 11:00 AM - 10:00 PM, Saturday 11:00 AM - 10:00 PM, Sunday 11:00 AM - 9:00 PM",,,
Aloma,6654,1955 Aloma Ave.,,Winter Park,FL,32792,United States,(407) 679-2132,28.601353,-81.326243,"Monday 11:00 AM - 10:00 PM, Tuesday 11:00 AM - 10:00 PM, Wednesday 11:00 AM - 10:00 PM, Thursday 11:00 AM - 10:00 PM, Friday 11:00 AM - 10:00 PM, Saturday 11:00 AM - 10:00 PM, Sunday 11:00 AM - 9:00 PM",,,
Orlando &#8211 Millenia,6990,4693 Gardens Park Blvd.,,Orlando,FL,32839,United States,(407) 965-5090,28.494622,-81.423681,"Monday 11:00 AM - 10:00 PM, Tuesday 11:00 AM - 10:00 PM, Wednesday 11:00 AM - 10:00 PM, Thursday 11:00 AM - 10:00 PM, Friday 11:00 AM - 10:00 PM, Saturday 11:00 AM - 10:00 PM, Sunday 11:00 AM - 9:00 PM",,,
E Colonial,6705,2914 E. Colonial Dr.,,Orlando,FL,32803,United States,(407) 897-7121,28.552832,-81.34638,"Monday 11:00 AM - 10:00 PM, Tuesday 11:00 AM - 10:00 PM, Wednesday 11:00 AM - 10:00 PM, Thursday 11:00 AM - 10:00 PM, Friday 11:00 AM - 10:00 PM, Saturday 11:00 AM - 10:00 PM, Sunday 11:00 AM - 9:00 PM",,,
Lakeland,6761,4796 S. Florida Ave.,,Lakeland,FL,33813,United States,(863) 937-9155,27.976579,-81.956854,"Monday 11:00 AM - 10:00 PM, Tuesday 11:00 AM - 10:00 PM, Wednesday 11:00 AM - 10:00 PM, Thursday 11:00 AM - 10:00 PM, Friday 11:00 AM - 10:00 PM, Saturday 11:00 AM - 10:00 PM, Sunday 11:00 AM - 9:00 PM",,,
Pineloch &#038 Orange,6670,3154 S. Orange Ave.,,Orlando,FL,32806,United States,(407) 859-6190,28.506589,-81.376703,"Monday 11:00 AM - 10:00 PM, Tuesday 11:00 AM - 10:00 PM, Wednesday 11:00 AM - 10:00 PM, Thursday 11:00 AM - 10:00 PM, Friday 11:00 AM - 10:00 PM, Saturday 11:00 AM - 10:00 PM, Sunday 11:00 AM - 9:00 PM",,,
Champions Gate,7063,8274 Champions Gate Blvd.,,ChampionsGate,FL,33896,United States,(863) 588-1740,28.261762,-81.618554,"Monday 11:00 AM - 10:00 PM, Tuesday 11:00 AM - 10:00 PM, Wednesday 11:00 AM - 10:00 PM, Thursday 11:00 AM - 10:00 PM, Friday 11:00 AM - 10:00 PM, Saturday 11:00 AM - 10:00 PM, Sunday 11:00 AM - 9:00 PM",,,
Tuskaloma,6758,3635 Aloma Ave.,Ste. 1021,Oviedo,FL,32765,United States,(407) 478-3468,28.617963,-81.264996,"Monday 11:00 AM - 10:00 PM, Tuesday 11:00 AM - 10:00 PM, Wednesday 11:00 AM - 10:00 PM, Thursday 11:00 AM - 10:00 PM, Friday 11:00 AM - 10:00 PM, Saturday 11:00 AM - 10:00 PM, Sunday 11:00 AM - 9:00 PM",,,
University,6651,7608 University Blvd.,,Winter Park,FL,32792,United States,(407) 673-2456,28.595553,-81.284784,"Monday 11:00 AM - 10:00 PM, Tuesday 11:00 AM - 10:00 PM, Wednesday 11:00 AM - 10:00 PM, Thursday 11:00 AM - 10:00 PM, Friday 11:00 AM - 10:00 PM, Saturday 11:00 AM - 10:00 PM, Sunday 11:00 AM - 9:00 PM",,,
Celebration,7079,6113 W. Irlo Bronson Memorial Hwy.,,Kissimmee,FL,32751,United States,(407) 624-5750,28.333633,-81.529422,"Monday 11:00 AM - 10:00 PM, Tuesday 11:00 AM - 10:00 PM, Wednesday 11:00 AM - 10:00 PM, Thursday 11:00 AM - 10:00 PM, Friday 11:00 AM - 10:00 PM, Saturday 11:00 AM - 10:00 PM, Sunday 11:00 AM - 9:00 PM",,,
Bradenton,6697,2127 Cortez Rd. W.,,Bradenton,FL,34207,United States,(941) 756-7351,27.461737,-82.583336,"Monday 11:00 AM - 10:00 PM, Tuesday 11:00 AM - 10:00 PM, Wednesday 11:00 AM - 10:00 PM, Thursday 11:00 AM - 10:00 PM, Friday 11:00 AM - 10:00 PM, Saturday 11:00 AM - 10:00 PM, Sunday 11:00 AM - 9:00 PM",,,
Oviedo,6737,1016 Lockwood Blvd.,Ste. 150,Oviedo,FL,32765,United States,(407) 706-1468,28.658186,-81.179878,"Monday 10:30 AM - 10:00 PM, Tuesday 10:30 AM - 10:00 PM, Wednesday 10:30 AM - 10:00 PM, Thursday 10:30 AM - 10:00 PM, Friday 10:30 AM - 10:30 PM, Saturday 10:30 AM - 10:30 PM, Sunday 10:30 AM - 9:00 PM",,,
UCF,6723,11551 University Blvd.,Ste. 6,Orlando,FL,32817,United States,(407) 601-4935,28.598338,-81.219712,"Monday 11:00 AM - 10:00 PM, Tuesday 11:00 AM - 10:00 PM, Wednesday 11:00 AM - 10:00 PM, Thursday 11:00 AM - 10:00 PM, Friday 11:00 AM - 10:00 PM, Saturday 11:00 AM - 10:00 PM, Sunday 11:00 AM - 9:00 PM",,,
Hunters Creek,6889,13651 Hunter’s Oak Dr.,Ste 107,Orlando,FL,32837,United States,(407) 770-0991,28.366526,-81.425917,"Monday 11:00 AM - 10:00 PM, Tuesday 11:00 AM - 10:00 PM, Wednesday 11:00 AM - 10:00 PM, Thursday 11:00 AM - 10:00 PM, Friday 11:00 AM - 10:00 PM, Saturday 11:00 AM - 10:00 PM, Sunday 11:00 AM - 9:00 PM",,,
Avalon Park,6757,1024 N. Avalon Park Blvd.,#108,Orlando,FL,32828,United States,(407) 373-0372,28.548799,-81.164626,"Monday 11:00 AM - 10:00 PM, Tuesday 11:00 AM - 10:00 PM, Wednesday 11:00 AM - 10:00 PM, Thursday 11:00 AM - 10:00 PM, Friday 11:00 AM - 10:30 PM, Saturday 11:00 AM - 10:30 PM, Sunday 11:00 AM - 9:00 PM",,,
Poinciana,6760,3331 S. Orange Blossom Trail,,Kissimmee,FL,34746,United States,(407) 931-2391,28.262317,-81.437666,"Monday 11:00 AM - 10:00 PM, Tuesday 11:00 AM - 10:00 PM, Wednesday 11:00 AM - 10:00 PM, Thursday 11:00 AM - 10:00 PM, Friday 11:00 AM - 10:00 PM, Saturday 11:00 AM - 10:00 PM, Sunday 11:00 AM - 9:00 PM",,,
Lake Nona,6669,9161 Narcoossee Rd.,Ste. 110,Orlando,FL,32827,United States,(407) 249-5323,28.434043,-81.256191,"Monday 11:00 AM - 10:00 PM, Tuesday 11:00 AM - 10:00 PM, Wednesday 11:00 AM - 10:00 PM, Thursday 11:00 AM - 10:00 PM, Friday 11:00 AM - 10:00 PM, Saturday 11:00 AM - 10:00 PM, Sunday 11:00 AM - 9:00 PM",,,
Winter Haven,6759,5935 Cypress Gardens Blvd.,,Winter Haven,FL,33884,United States,(863) 324-3262,27.992753,-81.689138,"Monday 11:00 AM - 10:00 PM, Tuesday 11:00 AM - 10:00 PM, Wednesday 11:00 AM - 10:00 PM, Thursday 11:00 AM - 10:00 PM, Friday 11:00 AM - 10:00 PM, Saturday 11:00 AM - 10:00 PM, Sunday 11:00 AM - 9:00 PM",,,
Sarasota UPC,6720,5215 University Pkwy.,Ste. 106,University Park,FL,34201,United States,(941) 306-5842,27.389413,-82.467224,"Monday 11:00 AM - 10:00 PM, Tuesday 11:00 AM - 10:00 PM, Wednesday 11:00 AM - 10:00 PM, Thursday 11:00 AM - 10:00 PM, Friday 11:00 AM - 10:00 PM, Saturday 11:00 AM - 10:00 PM, Sunday 11:00 AM - 9:00 PM",,,
Sarasota,6661,1635 S. Tamiami Trail,,Sarasota,FL,34239,United States,(941) 926-6090,27.318522,-82.52925,"Monday 11:00 AM - 10:00 PM, Tuesday 11:00 AM - 10:00 PM, Wednesday 11:00 AM - 10:00 PM, Thursday 11:00 AM - 10:00 PM, Friday 11:00 AM - 10:00 PM, Saturday 11:00 AM - 10:00 PM, Sunday 11:00 AM - 9:00 PM",,,
St. Cloud,6754,4100 13th St.,,St. Cloud,FL,34769,United States,(407) 979-4748,28.25167,-81.312843,"Monday 11:00 AM - 10:00 PM, Tuesday 11:00 AM - 10:00 PM, Wednesday 11:00 AM - 10:00 PM, Thursday 11:00 AM - 10:00 PM, Friday 11:00 AM - 10:00 PM, Saturday 11:00 AM - 10:00 PM, Sunday 11:00 AM - 9:00 PM",,,
Virginia Beach,6756,4224 Virginia Beach Blvd.,Ste. 106,Virginia Beach,VA,23452,United States,(757) 961-3902,36.843773,-76.120313,"Monday 11:00 AM - 9:00 PM, Tuesday 11:00 AM - 9:00 PM, Wednesday 11:00 AM - 9:00 PM, Thursday 11:00 AM - 9:00 PM, Friday 11:00 AM - 9:00 PM, Saturday 11:00 AM - 9:00 PM, Sunday 11:00 AM - 9:00 PM",,,
Sarasota #2,6687,3404 Clark Rd.,,Sarasota,FL,34231,United States,(941) 925-0729,27.268908,-82.501461,"Monday 11:00 AM - 10:00 PM, Tuesday 11:00 AM - 10:00 PM, Wednesday 11:00 AM - 10:00 PM, Thursday 11:00 AM - 10:00 PM, Friday 11:00 AM - 10:00 PM, Saturday 11:00 AM - 10:00 PM, Sunday 11:00 AM - 9:00 PM",,,
Merritt Island,6768,76 E Merritt Island Cswy.,#104,Merritt Island,FL,32952,United States,(321) 453-1881,28.357127,-80.698352,"Monday 11:00 AM - 10:00 PM, Tuesday 11:00 AM - 10:00 PM, Wednesday 11:00 AM - 10:00 PM, Thursday 11:00 AM - 10:00 PM, Friday 11:00 AM - 10:30 PM, Saturday 11:00 AM - 10:30 PM, Sunday 11:00 AM - 9:00 PM",,,
Viera,6744,7181 Lake Andrew Dr.,Ste. 101,Melbourne,FL,32940,United States,(321) 558-3355,28.235995,-80.725554,"Monday 11:00 AM - 10:00 PM, Tuesday 11:00 AM - 10:00 PM, Wednesday 11:00 AM - 10:00 PM, Thursday 11:00 AM - 10:00 PM, Friday 11:00 AM - 10:00 PM, Saturday 11:00 AM - 10:00 PM, Sunday 11:00 AM - 9:00 PM",,,
Virginia Beach,6756,4224 Virginia Beach Blvd.,Ste. 106,Virginia Beach,VA,23452,United States,(757) 961-3902,36.843773,-76.120313,"Monday 11:00 AM - 9:00 PM, Tuesday 11:00 AM - 9:00 PM, Wednesday 11:00 AM - 9:00 PM, Thursday 11:00 AM - 9:00 PM, Friday 11:00 AM - 9:00 PM, Saturday 11:00 AM - 9:00 PM, Sunday 11:00 AM - 9:00 PM",,,
Port Charlotte,6766,1100 El Jobean Rd.,Ste. 102,Port Charlotte,FL,33948,United States,(941) 766-8226,27.010805,-82.149579,"Monday 11:00 AM - 9:00 PM, Tuesday 11:00 AM - 9:00 PM, Wednesday 11:00 AM - 9:00 PM, Thursday 11:00 AM - 9:00 PM, Friday 11:00 AM - 9:00 PM, Saturday 11:00 AM - 9:00 PM, Sunday 11:00 AM - 9:00 PM",,,
Melbourne,6769,1270 N. Wickham Rd.,Ste. 2,Melbourne,FL,32935,United States,(321) 751-7144,28.126408,-80.673829,"Monday 11:00 AM - 10:00 PM, Tuesday 11:00 AM - 10:00 PM, Wednesday 11:00 AM - 10:00 PM, Thursday 11:00 AM - 10:00 PM, Friday 11:00 AM - 10:30 PM, Saturday 11:00 AM - 10:30 PM, Sunday 11:00 AM - 9:00 PM",,,
Melbourne,6752,10 E. New Haven Ave.,Ste. 103,Melbourne,FL,32904,United States,(321) 373-4022,28.079059,-80.620993,"Monday 11:00 AM - 10:00 PM, Tuesday 11:00 AM - 10:00 PM, Wednesday 11:00 AM - 10:00 PM, Thursday 11:00 AM - 10:00 PM, Friday 11:00 AM - 10:00 PM, Saturday 11:00 AM - 10:00 PM, Sunday 11:00 AM - 9:00 PM",,,
West Melbourne,6933,705 Palm Bay Rd. N.E.,,West Melbourne,FL,32904,United States,(321) 215-4860,28.035843,-80.652229,"Monday 11:00 AM - 10:00 PM, Tuesday 11:00 AM - 10:00 PM, Wednesday 11:00 AM - 10:00 PM, Thursday 11:00 AM - 10:00 PM, Friday 11:00 AM - 10:00 PM, Saturday 11:00 AM - 10:00 PM, Sunday 11:00 AM - 9:00 PM",,,
Six Mile,6715,8001 Dani Dr.,Unit 1,Ft. Myers,FL,33912,United States,(239) 362-9901,26.60587,-81.810427,"Monday 11:00 AM - 10:00 PM, Tuesday 11:00 AM - 10:00 PM, Wednesday 11:00 AM - 10:00 PM, Thursday 11:00 AM - 10:00 PM, Friday 11:00 AM - 10:00 PM, Saturday 11:00 AM - 10:00 PM, Sunday 11:00 AM - 9:00 PM",,,
Ft. Myers,6717,12640 Cleveland Ave.,#203,Ft. Myers,FL,33907,United States,(239) 204-9530,26.557799,-81.872301,"Monday 11:00 AM - 10:00 PM, Tuesday 11:00 AM - 10:00 PM, Wednesday 11:00 AM - 10:00 PM, Thursday 11:00 AM - 10:00 PM, Friday 11:00 AM - 10:00 PM, Saturday 11:00 AM - 10:00 PM, Sunday 11:00 AM - 9:00 PM",,,
Pooler,6727,405 Pooler Pkwy.,Ste. 200,Pooler,GA,31322,United States,(912) 339-5330,32.137582,-81.252062,"Monday 11:00 AM - 9:00 PM, Tuesday 11:00 AM - 9:00 PM, Wednesday 11:00 AM - 9:00 PM, Thursday 11:00 AM - 9:00 PM, Friday 11:00 AM - 9:00 PM, Saturday 11:00 AM - 9:00 PM, Sunday 11:00 AM - 9:00 PM",,,
Victory,6730,1800 E. Victory Dr.,Unit F,Savannah,GA,31404,United States,(912) 344-9111,32.04507,-81.071058,"Monday 11:00 AM - 9:00 PM, Tuesday 11:00 AM - 9:00 PM, Wednesday 11:00 AM - 9:00 PM, Thursday 11:00 AM - 9:00 PM, Friday 11:00 AM - 9:00 PM, Saturday 11:00 AM - 9:00 PM, Sunday 11:00 AM - 9:00 PM",,,
Pooler,6727,405 Pooler Pkwy.,Ste. 200,Pooler,GA,31322,United States,(912) 339-5330,32.137582,-81.252062,"Monday 11:00 AM - 9:00 PM, Tuesday 11:00 AM - 9:00 PM, Wednesday 11:00 AM - 9:00 PM, Thursday 11:00 AM - 9:00 PM, Friday 11:00 AM - 9:00 PM, Saturday 11:00 AM - 9:00 PM, Sunday 11:00 AM - 9:00 PM",,,
Victory,6730,1800 E. Victory Dr.,Unit F,Savannah,GA,31404,United States,(912) 344-9111,32.04507,-81.071058,"Monday 11:00 AM - 9:00 PM, Tuesday 11:00 AM - 9:00 PM, Wednesday 11:00 AM - 9:00 PM, Thursday 11:00 AM - 9:00 PM, Friday 11:00 AM - 9:00 PM, Saturday 11:00 AM - 9:00 PM, Sunday 11:00 AM - 9:00 PM",,,
Pooler,6727,405 Pooler Pkwy.,Ste. 200,Pooler,GA,31322,United States,(912) 339-5330,32.137582,-81.252062,"Monday 11:00 AM - 9:00 PM, Tuesday 11:00 AM - 9:00 PM, Wednesday 11:00 AM - 9:00 PM, Thursday 11:00 AM - 9:00 PM, Friday 11:00 AM - 9:00 PM, Saturday 11:00 AM - 9:00 PM, Sunday 11:00 AM - 9:00 PM",,,
Victory,6730,1800 E. Victory Dr.,Unit F,Savannah,GA,31404,United States,(912) 344-9111,32.04507,-81.071058,"Monday 11:00 AM - 9:00 PM, Tuesday 11:00 AM - 9:00 PM, Wednesday 11:00 AM - 9:00 PM, Thursday 11:00 AM - 9:00 PM, Friday 11:00 AM - 9:00 PM, Saturday 11:00 AM - 9:00 PM, Sunday 11:00 AM - 9:00 PM",,,
Pooler,6727,405 Pooler Pkwy.,Ste. 200,Pooler,GA,31322,United States,(912) 339-5330,32.137582,-81.252062,"Monday 11:00 AM - 9:00 PM, Tuesday 11:00 AM - 9:00 PM, Wednesday 11:00 AM - 9:00 PM, Thursday 11:00 AM - 9:00 PM, Friday 11:00 AM - 9:00 PM, Saturday 11:00 AM - 9:00 PM, Sunday 11:00 AM - 9:00 PM",,,
Victory,6730,1800 E. Victory Dr.,Unit F,Savannah,GA,31404,United States,(912) 344-9111,32.04507,-81.071058,"Monday 11:00 AM - 9:00 PM, Tuesday 11:00 AM - 9:00 PM, Wednesday 11:00 AM - 9:00 PM, Thursday 11:00 AM - 9:00 PM, Friday 11:00 AM - 9:00 PM, Saturday 11:00 AM - 9:00 PM, Sunday 11:00 AM - 9:00 PM",,,
Pooler,6727,405 Pooler Pkwy.,Ste. 200,Pooler,GA,31322,United States,(912) 339-5330,32.137582,-81.252062,"Monday 11:00 AM - 9:00 PM, Tuesday 11:00 AM - 9:00 PM, Wednesday 11:00 AM - 9:00 PM, Thursday 11:00 AM - 9:00 PM, Friday 11:00 AM - 9:00 PM, Saturday 11:00 AM - 9:00 PM, Sunday 11:00 AM - 9:00 PM",,,
Victory,6730,1800 E. Victory Dr.,Unit F,Savannah,GA,31404,United States,(912) 344-9111,32.04507,-81.071058,"Monday 11:00 AM - 9:00 PM, Tuesday 11:00 AM - 9:00 PM, Wednesday 11:00 AM - 9:00 PM, Thursday 11:00 AM - 9:00 PM, Friday 11:00 AM - 9:00 PM, Saturday 11:00 AM - 9:00 PM, Sunday 11:00 AM - 9:00 PM",,,
