store_name,store_number,address,address2,city,state,zip_code,country,phone_number,latitude,longitude,store_hours,store_type,other_fields,coming_soon
Arnot Mall,,3300 Chambers Rd ,,Horseheads ,NY,14845,United States,607-739-7403,,,"Mon-Thur: 10am - 9pm, Fri-Sat: 10am - 9:30pm, Sun:11am - 6pm",,,0
Colonial Mall Bel Air,,The Shoppes at Bel Air 3490 Bel Air Mall ,,Mobile ,AL,36606,United States,,,,"Mon-Fri: 9am - 6pm, Sat: 10am - 6pm, Sun: Closed",,,0
Eastdale Mall,,1076 Eastdale Mall ,,Montgomery ,AL,36117,United States,334-271-1900,,,"Mon-Fri: 10am - 9pm, Sat: 10am - 9pm, Sun: 12pm - 6pm",,,0
Fox River Mall,,4301 W Wisconsin Ave Space 439 ,,Appleton ,WI,54913,United States,920-734-8726,,,"Mon-Sat: 9am - 9pm, Sun: 9pm - 6pm",,,0
Park Plaza Mall,,6000 West Markham Street Space 1010 ,,Little Rock ,AR,72205,United States,501- 663-7726,,,"Mon-Sat: 11am - 9pm, Sun: 1pm - 6pm",,,0
Irving Mall,,3880 Irving Mall ,,Irving ,TX,75062,United States,972-252-6114,,,"Mon-Sat: 10am - 9pm, Sun:12pm - 6pm",,,0
North East Mall,,1101 Melbourne St Space B-90 ,,Hurst ,TX,76053,United States,817-589-0286,,,"Mon-Sat: 10am - 9pm, Sun: 12pm - 6pm",,,0
Town East Mall,,1166 Town East Mall ,,Mesquite ,TX,75150,United States,972-681-7661,,,Mon-Sat: 10am - 9pmSun: 12pm - 6pm,,,0
Hulen Mall,,4800 Hulen Park Dr Space 2116 ,,Fort Worth ,TX,76132,United States,817-263-6900,,,"Mon-Sat: 10am - 9pm, Sun: 12pm - 6pm",,,0
North East Mall - Kiosk,,1101 Melbourne Rd Space B-90 ,,Hurst ,TX,76053,United States,,,,Mon-Sat: 10am - 9pmSun: 12pm - 6pm,,,0
Augusta Mall,,3450 Wrightsboro Road Space 2403 ,,Augusta ,GA,30909,United States,,,,"Mon-Fri: 10am - 9pm, Sat: 10am - 9pm, Sun: 12pm - 6pm",,,0
Albany Mall,,2601 Dawson Road Space D-7 ,,Albany ,GA,31707,United States,229-435-5615,,,"Mon-Fri: 9am - 6pm, Sat: 10am - 6pm, Sun: Closed",,,0
Oakwood Center,,197 Westbank Expressway Space 5517 ,,Gretna ,LA,70056,United States,,,,"Mon-Sat: 10am - 9pm, Sun: 12pm - 6pm",,,0
Northgate Mall,,9501 Colerain Avenue Space 2403 ,,Cincinnati ,OH,45251,United States,513-923-2447,,,"Mon-Sat: 10am - 9pm, Sun: 12pm - 6pm",,,0
Battlefield Mall,,2825 S Glenstone Ave ,,Springfield ,MO,65804,United States,,,,"Mon-Fri: 9am - 6pm, Sat: 10am - 6pm, Sun: Closed",,,0
Bristol Mall,,510 Gate City Hwy ,,Bristol ,VA,24201,United States,,,,"We Moved!, Our new address is:, The Pinnacle, 532 Pinnacle Parkway, Bristol, TN 37620, (423) 652-9991",,,0
College Square Mall,,2550 East Morris Blvd Space 14 ,,Morristown ,TN,37813,United States,423-585-0100,,,"Mon-Sat: 10am - 9pm, Sun: 12pm - 6pm",,,0
Johnson City Mall,,2011 N Roan St Space F-5 ,,Johnson City ,TN,37601,United States,423-282-2444,,,"Mon-Sat: 10am - 9pm, Sun: 12pm - 6pm",,,0
Northgate Mall,,313 Northgate Mall Dr ,,Chattanooga ,TN,37415,United States,423-870-9778,,,Mon-Sat: 10am - 9pmSun: 12pm - 6pm,,,0
Peachtree Center,,231 Peachtree Street NE ,,Atlanta ,GA,30303,United States,404-577-1500,,,"Mon-Fri: 9am - 6pm, Sat: 10am - 6pm, Sun: Closed",,,0
St. Vincent Mall,,1133 St. Vincent Ave ,,Shreveport ,LA,71106,United States,318-674-8800,,,Mon-Fri: 10am - 9pmSat: 10am - 9pmSun: 12pm - 6pm,,,0
Pierre Bossier Mall,,2950 East Texas St Space 57 ,,Bossier City ,LA,71111,United States,318-742-1211,,,"Mon-Fri: 10am - 9pm, Sat: 10am - 9pm, Sun: 12pm - 6pm",,,0
Acadiana Mall,,5725 Johnston St ,,Lafayette ,LA,70503,United States,337-981-5713,,,Mon-Sat: 10am - 9pmSun: 12pm - 6pm,,,0
Alexandria Mall,,3437 Masonic Dr Space 1194 ,,Alexandria ,LA,71301,United States,318-767-5010,,,"Mon-Sat: 10am - 9pm, Sun: 12pm - 6pm",,,0
Almeda Mall,,12200 Gulf Fwy ,,Houston ,TX,77034,United States,713-910-3661,,,"Mon-Sat: 10am - 9pm, Sun: 12pm - 6pm",,,0
Arrowhead Mall,,501 N Main St Ste 86 ,,Muskogee ,OK,74401,United States,918-687-5006,,,"Mon-Sat: 10am - 9pm, Sun: 12pm - 6pm",,,0
Atlantic Station,,264 19th St NW ,,Atlanta ,GA,30363,United States,404-532-1970,,,"Mon-Thurs: 11am - 9pm, Fri-Sat: 11am - 10pm, Sun: 12pm - 6pm",,,0
Baybrook Mall,,1182 Baybrook Mall Dr ,,Friendswood ,TX,77546,United States,281-488-2129,,,Mon-Sat: 10am - 9pmSun: 12pm - 6pm,,,0
Bel Air Mall,,3490 Bel Air Mall Space G-6 ,,Mobile ,AL,36608,United States,251-476-2447,,,"Mon-Sat: 10am - 9pm, Sun: 12pm - 5:30pm",,,0
Belden Village Mall,,4230 Belden Village St NW ,,Canton ,OH,44718,United States,(330) 492-2253,,,Mon-Sat: 10am - 9pmSun: 12pm - 6pm,,,0
Bradley Square Mall,,200 Paul Huff Parkway ,,Cleveland ,TN,37312,United States,423-476-6841,,,"Mon-Sat: 10am - 9pm, Sun: 12pm - 6pm",,,0
Brandon Town Center,,535 Brandon Town Ctr Mall ,,Brandon ,FL,33511,United States,813-689-5343,,,"Mon-Sat: 10:30am - 8:30pm, Sun: 12pm - 5:30pm",,,0
Brazos Mall,,110 TX-332 ,,Lake Jackson ,TX,77566,United States,979-480-0449,,,"Mon-Sat: 10am - 9pm, Sun: 12pm - 6pm",,,0
Broadway Square,,4601 S Broadway Ave ,,Tyler ,TX,75703,United States,903-581-5715,,,"Mon-Sat: 10am - 9pm, Sun: 12pm - 6pm",,,0
Carriage Crossing,,4600 Merchants Park Cir ,,Collierville ,TN,38017,United States,901-850-1038,,,Mon-Sat: 10am - 9pmSun: 12pm - 6pm,,,0
Central Mall,,2400 Richmond Rd ,,Texarkana ,TX,75503,United States,903-838-7774,,,"Mon-Sat: 10am - 9pm, Sun: 12pm - 6pm",,,0
Central Mall,,200 Southwest C Ave ,,Lawton ,OK,73501,United States,580-353-7808,,,Mon-Sat: 10am - 9pmSun: 12pm - 6pm,,,0
Central Mall,,3100 Highway 365 ,,Port Arthur ,TX,77640,United States,409-727-5648,,,"Mon-Sat: 10am - 9pm, Sun: 12pm - 6pm",,,0
Central Mall,,5111 Rogers Ave ,,Fort Smith ,AR,72903,United States,479-452-9999,,,Mon-Sat: 10am - 9pmSun: 12pm - 6pm,,,0
Clearview Mall,,101 Clearview Cir Space K-2 ,,Butler ,PA,16001,United States,724-285-7848,,,"Mon-Sat: 10am - 9pm, Sun: 12pm - 6pm",,,0
Columbiana Center,,100 Columbiana Cir Ste 1468 ,,Columbia ,SC,29212,United States,803-781-3477,,,"Mon-Sat: 10am - 9pm, Sun: 12pm - 6pm",,,0
Concord Mills,,8111 Concord Mills Blvd Ste 502 ,,Concord ,NC,28027,United States,704-979-6600,,,"Mon-Sat: 11am - 9pm, Sun: 11am - 7pm",,,0
Countryside Mall,,27001 US Hwy 19 N Ste 1030 ,,Clearwater ,FL,33761,United States,727-796-1515,,,"Mon-Sat: 10:30am - 8pm, Sun: 12:30pm - 6pm",,,0
Dayton Mall,,2700 Miamisburg Centerville ,,Miami Township ,OH,45459,United States,937-439-2447,,,"Mon-Sat: 10am - 9pm, Sun: 12pm - 6pm",,,0
Deerbrook Mall,,20131 Eastex Fwy Ste 2090 ,,Humble ,TX,77338,United States,281-540-1611,,,"Mon-Sat: 10am - 9pm, Sun: 12pm - 6pm",,,0
First Colony Mall,,16535 SW Fwy Ste 82 ,,Sugar Land ,TX,77479,United States,281-565-5200,,,"Mon-Sat: 10am - 9pm, Sun: 12pm - 6pm",,,0
Florence Mall,,2028 Florence Mall Rd Ste 2072 ,,Florence ,KY,41042,United States,859-282-9222,,,"Mon-Sat: 10am - 9pm, Sun: 12pm - 6pm",,,0
Gallery at South Dekalb,,2801 Candler Road Suite 128 ,,Decatur ,GA,30034,United States,404-243-3390,,,"Mon-Sat: 10:30am - 9pm, Sun: 12:30pm - 6:30pm",,,0
Glenbrook Square Mall,,4201 Coldwater Road Space 6520 ,,Fort Wayne ,IN,46805,United States,260-482-8453,,,"Mon-Sat: 10am - 9pm, Sun: 11am - 6pm",,,0
Governor's Square Mall,,1500 Apalachee Pkwy ,,Tallahassee ,FL,32301,United States,850-878-2056,,,"Mon-Sat: 11am - 8:30pm, Sun: 1pm - 5:30pm",,,0
Grapevine Mills (Entrance 5),,3000 Grapevine Mills Pkwy ,,Grapevine ,TX,76051,United States,972-691-1825,,,Mon-Sat: 10am - 9pmSun: 11am - 7pm,,,0
Grapevine Mills II (Entrance 1),,3000 Grapevine Mills Pkwy Ste 118 ,,Grapevine ,TX,76051,United States,972-539-1230,,,"Mon-Sat: 10am - 9pm, Sun: 11am - 7pm",,,0
Great American Cookies of Conway,,605 Salem Road Building B Ste 1 ,,Conway ,AR,72034,United States,501-327-7522,,,"Mon-Thur: 11am - 9:30pm, Fri-Sat: 11am - 10:30 pm, Sun: 12pm - 9:30pm",,,0
Hillside Village,,305 West FM 1382 # 722 ,,Cedar Hill ,TX,75104,United States,972-293-3442,,,"Mon-Sat: 10am - 9pm, Sun: 12pm - 6pm",,,0
Houston Premium Outlets,,29300 US-290 Frontage # 840 ,,Cypress ,TX,77433,United States,281-373-0767,,,"Mon-Thur: 10am - 9pm, Fri-Sat: 10am - 10pm, Sun: 11am - 6pm",,,0
Independence Center,,18813 E. 39th St. South ,,Independence ,MO,64750,United States,816-795-8465,,,"Mon-Sat: 9am - 9pm, Sun: 10am - 6pm",,,0
Ingram Park Mall,,6401 Northwest Loop 410 Space T-12 ,,San Antonio ,TX,78238,United States,210-684-4302,,,Mon-Sat: 10am - 9pmSun: 12pm - 6pm,,,0
Jacksonville Mall,,350 Jacksonville Mall ,,Jacksonville ,NC,28546,United States,910-353-6060,,,"Mon-Sat: 10am - 9pm, Sun: 12pm - 6pm",,,0
Katy Mills,,5000 Katy Mills Cir Ste 136 ,,Katy ,TX,77494,United States,281-644-4444,,,"Mon-Sat: 10am - 9pm, Sun: 11am - 6pm",,,0
Killeen Mall,,2100 South West South Young Drive ,,Killeen ,TX,76543,United States,254-699-5596,,,Mon-Sat: 10am - 9pmSun: 12pm - 6pm,,,0
La Palmera Mall,,5844 S Padre Island Dr Ste 2080 ,,Corpus Christi ,TX,78411,United States,361-991-6699,,,"Mon-Sat: 10am - 9pm, Sun: 12pm - 6pm",,,0
La Palmera - Kiosk,,5844 S Padre Island Dr Space K-2 ,,Corpus Christi ,TX,78411,United States,3619912254,,,"Mon-Sat: 10am - 9pm, Sun: 12pm - 6pm",,,0
Lakeland Square Mall,,3800 U.S. 98 ,,Lakeland ,FL,33809,United States,863-859-2900,,,Mon-Sat: 10am - 9pmSun: 12pm - 6pm,,,0
Lakeshore Mall,,150 Pearl Nix Pkwy Ste D-3 ,,Gainesville ,GA,30501,United States,770-532-2329,,,"Mon-Sat: 10am - 9pm, Sun: 12pm - 6pm",,,0
Longview Mall,,3500 McCann Rd ,,Longview ,TX,75601,United States,903-753-1984,,,"Mon-Sat: 10am - 9pm, Sun: 12pm - 6pm",,,0
Lufkin Mall,,4600 S Medford Dr # K-3509 ,,Lufkin ,TX,75901,United States,936-639-6333,,,"Mon-Sat: 10am - 9pm, Sun: 12pm - 6pm",,,0
Lynnhaven Mall,,701 Lynnhaven Pkwy Space 5554 ,,Virginia Beach ,VA,23452,United States,757-340-0960,,,"Mon-Sat: 10am - 9pm, Sun: 11am - 6pm",,,0
Mall at Stonecrest,,2929 Turner Hill Road ,,Lithonia ,GA,30038,United States,770-484-5866,,,Mon-Sat: 10:30am - 9pmSun: 12pm - 6pm,,,0
Mall at Fairfield Commons,,2727 Fairfield Commons # E-142 ,,Dayton ,OH,45431,United States,937-427-8445,,,"Mon-Sat: 10am - 9pm, Sun: 12pm - 6pm",,,0
Mall at Turtle Creek,,3000 E Highland Dr ,,Jonesboro ,AR,72401,United States,870-336-2888,,,Mon-Sat: 10am - 9pmSun: 12pm - 6pm,,,0
Mall at Tuttle Crossing,,5043 Tuttle Crossing Blvd # 166 ,,Dublin ,OH,43016,United States,614-789-2253,,,"Mon-Sat: 10am - 9pm, Sun: 12pm - 6pm",,,0
Mall Del Norte Shoppe,,5300 San Dario Ste 3511 ,,Laredo ,TX,78041,United States,956-726-0399,,,"Mon-Sat: 10am - 9pm, Sun: 11am - 7pm",,,0
McCain Mall,,3929 Mccain Blvd Space H11B ,,North Little Rock ,AR,72116,United States,501-758-5511,,,"Mon-Sat: 11am - 9pm, Sun: 1pm - 6pm",,,0
Memorial City Mall I,,303 Memorial City Mall Space 675 A ,,Houston ,TX,77024,United States,832-358-3447,,,"Mon-Sat: 10am - 9pm, Sun: 12pm - 6pm",,,0
Memorial City II,,3030 Memorial City Way Ste 844 ,,Houston ,TX,77024,United States,832-358-2447,,,Mon-Sat: 10am - 9pmSun: 12pm - 6pm,,,0
Miller Hill Mall,,1600 Miller Trunk Highway ,,Duluth ,MN,55811,United States,218-722-1617,,,"Mon-Sat: 10am - 9pm, Sun: 11am - 6pm",,,0
Music City Mall,,4101 E 42nd St Ste 32 ,,Odessa ,TX,79762,United States,432-366-3333,,,"Mon-Sat: 10am - 9pm, Sun: 12pm - 6pm",,,0
North Star Mall (Macy's Wing),,7400 San Pedro Ave Suite 412 ,,San Antonio ,TX,78216,United States,210-366-2447,,,"Mon-Sat: 11am - 9pm, Sun: 11am - 7pm",,,0
Northlake Mall,,6801 Northlake Mall Drive ,,Charlotte ,NC,28216,United States,704-921-9322,,,"Mon-Sat: 11am - 9pm, Sun: 11am - 6pm",,,0
Northlake Mall,,4800 Briarcliff Road NE ,,Atlanta ,GA,30345,United States,770-908-8033,,,Mon-Sat: 10:30am - 9pmSun: 12pm - 6pm,,,0
NorthPark Center,,8687 N Central Expressway Ste 2364 ,,Dallas ,TX,75225,United States,214-750-6261,,,"Mon-Sat: 10am - 9pm, Sun: 12pm - 6pm",,,0
Northpark Mall,,320 N Kimberly Rd ,,Near JCPenney Entrance Davenport ,IA,52806,United States,563-386-9525,,,"Mon-Sat: 10:30am - 9pm, Sun: 12pm - 6pm",,,0
Oak Court Mall,,4465 Poplar Avenue St. 125 ,,Memphis ,TN,38117,United States,901-683-8803,,,"Mon-Sat: 10am - 9pm, Sun: 12pm - 6pm",,,0
Ohio Valley Mall,,67800 Mall Rd # K-09 ,,St. Clairsville ,OH,43950,United States,740-695-4900,,,"Mon-Sat: 10:30am - 9pm, Sun: 11am - 6pm",,,0
Parkdale Mall I,,6155 Eastex Fwy Ste 314 ,,Beaumont ,TX,77706,United States,409-899-5570,,,"Mon-Sat: 10am - 9pm, Sun: 12pm - 6pm",,,0
Parkdale Mall II,,6155 Eastex Fwy Ste 740 ,,Beaumont ,TX,77706,United States,409-892-4814,,,"Mon-Sat: 10am - 9pm, Sun: 12pm - 6pm",,,0
Pearland Town Center,,11200 Broadway St ,,Pearland ,TX,77584,United States,713-436-9926,,,Mon-Sat: 11am - 8pmSat: 11am - 9pmSun: 11am - 7pm,,,0
Pinnacle at Promenade,,2203 S Promenade Blvd ,,Rogers ,AR,72758,United States,479-986-0700,,,Mon-Sat: 10am - 9pmSun: 12pm - 6pm,,,0
Post Oak Mall,,1500 Harvey Rd Ste 3018 ,,College Station ,TX,77840,United States,979-764-0079,,,"Mon-Sat: 10am - 9pm, Sun: 12pm - 6pm",,,0
Potomac Mills Mall,,2700 Potomac Mills Circle ,,Woodbridge ,VA,22192,United States,703-910-4106,,,"Mon-Sat: 10am - 9pm, Sun: 11am - 6pm",,,0
Quail Springs Mall,,2501 W Memorial Rd Ste 138 ,,Oklahoma City ,OK,73134,United States,405-936-0101,,,"Mon-Sat: 10am - 9pm, Sun: 12pm - 6pm",,,0
Round Rock Premium Outlets,,4401 N Interstate Hwy 35 Ste 877 ,,Round Rock ,TX,78664,United States,512-869-0200,,,Mon-Sat: 10am - 9pmSun: 11am - 7pm,,,0
San Jacinto Mall,,1568 San Jacinto Mall ,,Baytown ,TX,77521,United States,281-839-1377,,,"Mon-Sat: 10am - 9pm, Sun: 12pm - 6pm",,,0
South Park Mall,,2310 SW Military Dr Space 3510 ,,San Antonio ,TX,78224,United States,210-928-2447,,,"Mon-Sat: 10am - 9pm, Sun: 11am - 6pm",,,0
Southpark Mall,,230 Southpark Circle Space F-85 ,,Colonial Heights ,VA,23834,United States,804-526-2058,,,"Mon-Sat: 10am - 9pm, Sun: 12pm - 6pm",,,0
Stonebriar Centre,,2601 Preston Rd Ste 2032 ,,Frisco ,TX,75034,United States,972-668-1570,,,"Mon-Sat: 10am - 9pm, Sun: 12pm - 6pm",,,0
Sunset Mall,,4001 Sunset Drive ,,San Angelo ,TX,76904,United States,325-223-1111,,,"Mon-Sat: 10am - 9pm, Sun: 12pm - 6pm",,,0
The Pavilion at Turkey Creek,,10972 Parkside Drive ,,Knoxville ,TN,37934,United States,865-288-4227,,,"Sun-Thur: 11am - 9pm, Fri-Sat: 11am - 10pm",,,0
Locust Grove \u2013 Tanger Outlets,,1000 Stanley K Tanger Blvd Suite 502A ,,Locust Grove ,GA,30248,United States,770-954-1058,,,"Mon-Sat: 9am - 9pm, Sun: 11am - 7pm",,,0
The Shops at Houston Center,,1200 Mckinney St. ,,Houston ,TX,77010,United States,713-650-0505,,,Mon-Fri: 9:30am - 6pmSat-Sun: Closed,,,0
Town Center at Cobb,,400 Ernest Barrett Pkwy NW Ste 278 ,,Kennesaw ,GA,30144,United States,770-423-1444,,,Mon-Sat: 10am - 9pmSun: 12pm - 6pm,,,0
Tulsa Promenade,,4107 Yale Ave Ste 217 ,,Tulsa ,OK,74135,United States,918-660-7115,,,"Mon-Fri: 10am - 9pm, Sat: 10am - 9pm, Sun: 10am - 6pm",,,0
Twin Cities Premium Outlets,,3965 Eagan Outlets Parkway Suite 345 ,,Eagan ,MN,55122,United States,651-454-5010,,,"Mon-Sat: 10am - 9pm, Sun: 10am - 7pm",,,0
University Town Center Mall,,140 University Town Center Drive ,,Sarasota ,FL,34243,United States,941-893-1157,,,Mon-Sat: 10am - 9pmSun: 11am - 6pm,,,0
Victoria Mall,,7800 N Navarro Ste 381 ,,Victoria ,TX,77904,United States,361-573-0660,,,,,,0
Vista Ridge Mall,,2401 S Stemmons Ste 2358 ,,Lewisville ,TX,75067,United States,972-315-3744,,,"Mon-Sat: 10am - 9pm, Sun: 12pm - 6pm",,,0
Willowbrook Mall I,,1138 Willowbrook Dr Ste 1138 ,,Houston ,TX,77070,United States,281-890-8879,,,"Mon-Sat: 10am - 9pm, Sun: 12pm - 6pm",,,0
Willowbrook Mall II,,1636 Willowbrook Mall Ste 1636 ,,Houston ,TX,77070,United States,281-890-2676,,,"Mon-Sat: 10am - 9pm, Sun: 12pm - 6pm",,,0
Woodlands Mall,,1201 Lake Woodlands Dr ,,The Woodlands ,TX,77380,United States,281-363-4410,,,Mon-Sat: 10am - 9pmSun: 12pm - 6pm,,,0
Anderson Mall,,3131 North Main Street Space R-4 ,,Anderson ,SC,29621,United States,864-231-7943,,,"Mon-Fri: 10am - 9pm, Sat: 10am - 9pm, Sun: 12:30pm - 6pm",,,0
Arbor Place Mall,,6700 Douglas Blvd Ste 1365 ,,Douglasville ,GA,30135,United States,770-577-2424,,,"Mon-Fri: 10am - 9pm, Sat: 10am - 9pm, Sun: 12pm - 6pm",,,0
Ashland Town Center,,500 Winchester Avenue ,,Ashland ,KY,41101,United States,606-325-3681,,,"Mon-Fri: 10am - 9pm, Sat: 10am - 9pm, Sun:12pm - 6pm",,,0
Ashley Park,,314-A Newnan Crossing Bypass ,,Newnan ,GA,30265,United States,770-254-0180,,,Please call store for hours.,,,0
Colonial University Village Auburn,,1627 Opelika Rd. ,,Auburn ,AL,36830,United States,334-821-4553,,,Mon-Sat: 10am - 9pmSun:12pm - 6pm,,,0
The Bridge Street Town Center,,355 The Bridge Street Ste 115 ,,Huntsville ,AL,35806,United States,256-327-8395,,,"Mon-Thurs: 10am - 8pm, Fri-Sat: 10am - 9pm, Sun:12pm - 6pm",,,0
Brookwood Village,,741 Brookwood Village ,,Homewood ,AL,35209,United States,205-871-1333,,,Mon-Fri: 10am - 9pmSat: 10am - 9pmSun:12m - 6pm,,,0
Colonial Mall,,1801 Beltline Rd ,,Decatur ,AL,35601,United States,256-340-1333,,,"Mon-Wed: 10:30am - 9pm, Thurs: 10:30am - 9:30pm, Fri-Sat: 10:30am - 9pm, Sun: 1pm - 6pm",,,0
Colonial Mall Gadsden,,1001 Rainbow Dr Ste 46 ,,Gadsden ,AL,35901,United States,256-543-8381,,,Please call store for hours.,,,0
Eastern Shore Center,,30500 AL-181 ,,Spanish Fort ,AL,36527,United States,251-621-7977,,,"Mon-Thurs: 11am - 9pm, Fri-Sat: 11am - 10pm, Sun:12pm - 7pm",,,0
Great American Cookies of Saraland,,1201 Industrial Parkway ,,Saraland ,AL,36571,United States,251-345-1928,,,Please call store for hours.,,,0
Parkway Place Mall,,2801 Memorial Pkwy SW ,,Huntsville ,AL,35801,United States,256-539-3255,,,"Mon-Fri: 10am - 9pm, Sat: 10am - 9pm, Sun:12pm - 6pm",,,0
Colonial Pinnacle at Tutwiler Farm,,5024 Pinnacle Square ,,Birmingham ,AL,35235,United States,205-655-6807,,,"Mon-Wed: 10am - 9pm, Thurs: 10:30am - 9pm, Fri-Sat: 10am - 9pm, Sun: 12pm - 6pm",,,0
Quintard Mall,,700 Quintard Dr Ste FC-9 ,,Oxford ,AL,36203,United States,256-835-5080,,,"Mon-Fri: 10am - 9pm, Sat: 10am - 9pm, Sun:1pm - 6pm",,,0
Regency Mall,,301 Cox Creek Pkwy Ste 1302 ,,Florence ,AL,35630,United States,256-760-8400,,,Please call store for hours.,,,0
Riverchase Galleria,,2000 Riverchase Galleria Ste 216 ,,Birmingham ,AL,35244,United States,205-985-0880,,,"Mon-Fri: 10am - 9pm, Sat: 10am - 9pm, Sun:12pm - 6pm",,,0
Shops of Schillenger,,740 Schillenger Rd S ,,Mobile ,AL,36695,United States,251-633-0636,,,"Sun-Thurs: 12pm - 9pm, Fri: 12pm- 11pm, Sat:12pm - 11pm",,,0
The Shoppes at East Chase,,7048 Eastchase Pkwy ,,Montgomery ,AL,36117,United States,334-356-8111,,,"Mon-Sat:10am - 9pm, Sun:1pm - 6pm",,,0
University Mall,,1701 McFarland Boulevard E ,,Tuscaloosa ,AL,35404,United States,205-553-8219,,,"Mon-Fri: 10am - 9pm, Sat: 10am - 9pm, Sun:12pm - 6pm",,,0
Wiregrass Commons,,900 Commons Dr ,,Dothan ,AL,36303,United States,(334) 677-4679,,,"Mon-Fri: 10am - 9pm, Sat: 10am - 9pm, Sun:12pm - 6pm",,,0
Great American Cookies Fayetteville,,3155 North College St. Suite 100A ,,Fayetteville ,AR,72703,United States,479-521-8898,,,"Mon-Fri: 11am - 10pm, Sat: 11am - 10pm, Sun:12pm - 9pm",,,0
Northwest Arkansas Mall,,4201 N Shiloh Drive ,,Fayetteville ,AR,72703,United States,479-521-2447,,,"Mon-Fri: 10am - 9pm, Sat: 10am - 9pm, Sun:12pm - 6pm",,,0
Colorado Mills,,14500 W. Colfax Ave ,,Lakewood ,CO,80401,United States,303-278-1984,,,Please call store for hours.,,,0
Citadel Mall,,750 Citadel Dr E Ste 2234 ,,Colorado Springs ,CO,80909,United States,719-550-9800,,,"Mon-Fri: 10:30am - 8:30pm, Sat: 10:30am - 8:30pm, Sun:1:30pm - 5:30pm",,,0
Coastland Center,,1900 Tamiami Trail North ,,Naples ,Fl,34102,United States,239-430-8333,,,"Mon-Fri: 10am - 9pm, Sat: 10am - 9pm, Sun:12pm - 6pm",,,0
Cordova Mall,,5100 N 9th Ave ,,Pensacola ,FL,32504,United States,(850) 478-2200,,,"Mon: 10am - 9pm, Tues: 10am - 8:30pm, Wed-Sat: 10pm - 9pm, Sun: 12pm - 6pm",,,0
Edison Mall Store,,4125 Cleveland Ave. Space 1220 ,,Fort Myers ,FL,33901,United States,239-939-0171,,,Please call store for hours.,,,0
International Plaza,,2223 North Westshore Blvd. ,,Tampa ,FL,33607,United States,813-870-1166,,,Mon-Fri: 10am - 9pmSat: 10am - 9pmSun:11am - 6pm,,,0
Orange Park Mall,,1920 Wells Road ,,Orange Park ,FL,32073,United States,904-264-7654,,,"Mon-Fri: 10am - 9pm, Sat: 10am - 9pm, Sun:12pm - 6pm",,,0
Panama City Mall,,2188 Martin Luther King Blvd ,,Panama City ,FL,32405,United States,850-763-9981,,,"Mon-Fri: 10am - 9pm, Sat: 10am - 9pm, Sun:12pm - 6pm",,,0
Pier Park,,100 Blue Fish Drive ,,Panama City Beach ,FL,32413,United States,850-233-6222,,,Mon-Fri: 10am - 9pmSat: 10am - 9pmSun:11am - 6:30pm,,,0
The Avenues,,10300 Southside Blvd Ste 2510 ,,Jacksonville ,FL,32256,United States,904-363-2447,,,"Mon-Fri: 10am - 9pm, Sat: 10am - 9pm, Sun:12pm - 6pm",,,0
Volusia Mall,,1700 W International Speedway Blvd ,,Daytona Beach ,FL,32114,United States,386-256-5707,,,Please call store for hours.,,,0
Great American Cookies Orlando,,8391 International Drive Space C-1 ,,Orlando ,Fl,32819,United States,407-757-0944,,,Please call store for hours.,,,0
Arbor Place Kiosk,,6700 Douglas Blvd Ste 1365 ,,Douglasville ,GA,30135,United States,770-577-2424,,,"Mon-Fri: 10am - 9pm, Sat: 10am - 9pm, Sun:12pm - 6pm",,,0
Cumberland Mall,,1127 Cumberland Mall ,,Atlanta ,GA,30339,United States,770-438-8811,,,Please call store for hours.,,,0
Georgia Square,,3700 Atlanta Hwy ,,Athens ,GA,30606,United States,706-354-8990,,,Mon-Fri: 10am - 9pmSat: 10am - 9pmSun:12pm - 6pm,,,0
Greenbriar Mall,,2841 Greenbriar Pkwy SW Space N-425 ,,Atlanta ,GA,30331,United States,404-349-6626,,,"Mon-Fri: 10am - 9pm, Sat: 10am - 9pm, Sun:12pm - 6pm",,,0
The Arena at Gwinnett Center #1,,6400 Sugarloaf Parkway ,,Duluth ,GA,30097,United States,678-847-0300,,,Events Only. Please order online at the Sugarloaf Mills location.,,,0
Mall Of Georgia,,3333 Buford Dr Lower Level: Space 1067 ,,Buford ,GA,30519,United States,770-614-4555,,,"Mon-Fri: 10am - 9pm, Sat: 10am - 9pm, Sun:12pm - 6pm",,,0
Mall Of Georgia,,3330 Buford Dr NE ,,Buford ,GA,30519,United States,770-831-1050,,,Mon-Fri: 10am - 9pmSat: 10am - 9pmSun:12pm - 6pm,,,0
Mount Berry Square,,2770 Martha Berry Highway ,,Rome ,GA,30165,United States,706-234-0904,,,Mon-Fri: 10am - 9pmSat: 10am - 9pmSun:12pm - 6pm,,,0
North Point Mall,,1000 North Point Circle (Lower Level) ,,Alpharetta ,GA,30022,United States,770-664-9004,,,Please call store for hours.,,,0
Oglethorpe Mall,,7804 Abercorn St ,,Savannah ,GA,31406,United States,912-355-7927,,,"Mon-Sat: 10am - 9pm, Sun: 12pm - 6pm",,,0
Tanger Outlets of Savannah,,200 Tanger Outlet Bvld ,,Pooler ,GA,31322,United States,912-450-4600,,,"Mon-Sat: 9am - 9pm, Sun: 10am - 7pm",,,0
Perimeter Mall,,4400 Ashford Dunwoody Rd ,,Atlanta ,GA,30346,United States,770-396-4666,,,"Mon-Fri: 10am - 9pm, Sat: 10am - 9pm, Sun:12pm - 7pm",,,0
Sugarloaf Mills,,5900 Sugarloaf Parkway Room 428 ,,Lawrenceville ,GA,30043,United States,678-847-0300,,,"Mon-Fri: 10am - 9pm, Sat: 10am - 9pm, Sun: 12pm - 6pm",,,0
The Avenues,,306 City Circle Cir ,,Peachtree City ,GA,30269,United States,770-486-9587,,,Please call store for hours.,,,0
The Collection at Forsyth,,410 Peachtree Pkwy Ste. 4148 ,,Cumming ,GA,30041,United States,678-341-9767,,,Please call store for hours.,,,0
The Forum on Peachtree Parkway,,5185 Peachtree Parkway ,,Peachtree Corners ,GA,30092,United States,770-729-0600,,,Please call store for hours.,,,0
The Shoppes at River Crossing,,5080 Riverside Drive Suite 434 ,,Macon ,GA,31210,United States,478-471-9449,,,Please call store for hours.,,,0
Valdosta,,1700 Norman Dr. Suite 566 ,,Valdosta ,GA,31601,United States,229-242-9644,,,Please call store for hours.,,,0
Walnut Square,,2150 East Walnut Avenue ,,Dalton ,GA,30721,United States,706-226-1107,,,Mon-Fri: 10am - 9pmSat: 10am - 9pmSun:12pm - 6pm,,,0
Centennial Olympic Park,,250 Park Avenue W NW ,,Atlanta ,GA,30313,United States,404-458-2759,,,Please call store for hours.,,,0
Lenox Square Mall,,3393 Peachtree Rd ,,Atlanta ,GA,30326,United States,404-261-3969,,,Please call store for hours.,,,0
Commerce \u2013 Tanger Outlets,,800 Steven B Tanger Blvd Suite 202 ,,Commerce ,GA,30529,United States,706-335-0918,,,Please call store for hours.,,,0
Outlet Shoppes at Atlanta,,915 Ridgewalk Pkw Suite 501 ,,Woodstock ,GA,30188,United States,678-224-6843,,,Please call store for hours.,,,0
Kennedy Mall,,555 John F Kennedy Rd Unit F-1 ,,Dubuque ,IA,52002,United States,(563) 583-8518,,,"Mon-Fri: 10am - 9pm, Sat: 10am - 9pm, Sun:12pm - 6pm",,,0
Southern Hills Mall,,4400 Sergeant Rd ,,Sioux City ,IA,51106,United States,712-276-2447,,,"Mon-Fri: 10am - 9pm, Sat: 10am - 9pm, Sun:12pm - 6pm",,,0
St. Clair Square,,252 St. Clair Square ,,Fairview Heights ,IL,62208,United States,618-628-8317,,,Please call store for hours.,,,0
Eastland Mall,,800 North Green River Road ,,Evansville ,IN,47715,United States,812-471-1774,,,Mon-Fri: 10am - 9pmSat: 10am - 9pmSun:12pm - 6pm,,,0
Fayette Mall,,3401 Nicholasville Rd Space B212 ,,Lexington ,KY,40503,United States,859-273-8888,,,"Mon-Fri: 10am - 9pm, Sat: 10am - 9pm, Sun:12pm - 6pm",,,0
Jefferson Mall,,4801 Outer Loop ,,Louisville ,KY,40219,United States,(502) 968-6410,,,Mon-Fri: 10am - 9pmSat: 10am - 9pmSun:12pm - 6pm,,,0
Kentucky Oaks Mall,,5101 Hinkleville Rd ,,Paducah ,KY,42001,United States,270-443-3444,,,Mon-Fri: 10am - 9pmSat: 10am - 9pmSun:11am - 6pm,,,0
The Outlet Shoppes of the Bluegrass,,1155 Buck Creek Road Space E504 ,,Simpsonville ,KY,40067,United States,502-722-8269,,,"Mon-Fri: 10am - 9pm, Sat: 10am - 9pm, Sun:11am - 7pm",,,0
Oxmoor Center,,7900 Shelbyville Rd ,,Louisville ,KY,40222,United States,(502) 425-1555,,,"Mon-Fri: 10am - 9pm, Sat: 10am - 9pm, Sun:12pm - 6pm",,,0
Towne Square Mall,,5000 Frederica St Ste 22 ,,Owensboro ,KY,42301,United States,270-685-0225,,,"Mon-Fri: 10am - 9pm, Sat: 10am - 9pm, Sun:12pm - 6pm",,,0
Mall St. Matthews,,5000 Shelbyville Road Ste 1265 ,,Louisville ,KY,40207,United States,(502) 895-6450,,,"Mon-Fri: 10am - 9pm, Sat: 10am - 9pm, Sun:12pm - 6pm",,,0
Cortana Mall,,9827 Cortana Pl ,,Baton Rouge ,LA,70815,United States,(225) 928-0848,,,"Mon-Fri: 10am - 9pm, Sat: 10am - 9pm, Sun:12pm - 6pm",,,0
Great American Cookies of Leesville,,2501-C McRae Road ,,Leesville ,LA,71446,United States,337-238-1050,,,Please call store for hours.,,,0
Lakeside Shopping Center,,3301 Veterans Hwy Space 78A ,,Metairie ,LA,70002,United States,504-837-0383,,,"Mon-Fri: 10am - 9pm, Sat: 10am - 9pm, Sun:12pm - 6pm",,,0
Mall of Louisiana,,6401 Bluebonnett Road Suite 1036 ,,Baton Rouge ,LA,70809,United States,225-769-0007,,,Mon-Fri: 10am - 9pmSat: 10am - 9pmSun:12pm - 6pm,,,0
Mall of Louisiana II,,6401 Blue Bonnet Blvd Suite 2052 ,,Baton Rouge ,LA,70809,United States,225-767-1066,,,Mon-Fri: 9am - 6pmSat: 10am - 6pmSun: Closed,,,0
Market Place 21,,70415 Hwy 21 ,,Covington ,LA,70435,United States,985-875-2288,,,"Mon-Fri: 10am - 9pm, Sat: 10am - 9pm, Sun:10am - 9pm",,,0
On The Boulevard Strip Center,,107 Arnold Blvd. ,,Lafayette ,LA,70506,United States,337-981-1701,,,"Mon-Fri: 10am - 10pm, Sat: 10am - 10pm, Sun:10am - 10pm",,,0
Pecanland Mall,,4700 Millhaven Rd Ste 1614 ,,Monroe ,LA,71203,United States,(318) 387-5777,,,"Mon-Fri: 10am - 9pm, Sat: 10am - 9pm, Sun:12pm - 6pm",,,0
Prien Lake Mall I,,340W Prien Lake Rd ,,Lake Charles ,LA,70601,United States,337-478-2447,,,"Mon-Fri: 10am - 9pm, Sat: 10am - 9pm, Sun:12pm - 6pm",,,0
Prien Lake Mall II,,596 W Prien Lake Rd ,,Lake Charles ,LA,70601,United States,337-474-6671,,,"Mon-Fri: 10am - 9pm, Sat: 10:30am - 9pm, Sun:12pm - 6pm",,,0
Southland Mall,,5953 West Park Avenue ,,Houma ,LA,70364,United States,985-851-6761,,,Mon-Fri: 10am - 9pmSat: 10am - 9pmSun:12pm - 6pm,,,0
Sugarcrest Retail Center,,219 St. Nazaire Street Suite L ,,DRIVE THRU Broussard ,LA,70518,United States,337-837-4000,,,"Mon-Fri: 10am - 9pm, Sat: 10am - 9pm, Sun:10pm - 9pm",,,0
The Esplanade,,1401 West Esplanade ,,Kenner ,LA,70065,United States,504-466-2447,,,"Mon-Fri: 10am - 9pm, Sat: 10am - 9pm, Sun: 12pm - 6pm",,,0
Fremaux Town Center,,166 Town Center Parkway ,,Slidell ,LA,70458,United States,985-265-4604,,,Please call store for hours.,,,0
Juban Crossing,,27306 Crossing Building B Suite 210 ,,Denham Springs ,LA,70726,United States,225-243-5910,,,Please call store for hours.,,,0
Columbia Mall,,10300 Little Patuxent Parkway ,,Columbia ,MD,21044,United States,410-997-4444,,,"Mon-Fri: 10am - 9pm, Sat: 10am - 9pm, Sun:11am - 6pm",,,0
Mall of America,,60 East Braodway ,,Bloomington ,MN,55425,United States,952-858-9814,,,Please call store for hours.,,,0
Chesterfield Mall,,291 Chesterfield Center ,,Chesterfield ,MO,63017,United States,636-536-9780,,,Please call store for hours.,,,0
Columbia Mall,,2300 Bernadette Dr. Suite 5528 ,,Columbia ,MO,65203,United States,573-447-4007,,,Please call store for hours.,,,0
Mid Rivers Mall,,1600 Mid Rivers Mall Ste. 1242 ,,St. Peters ,MO,63376,United States,636-279-1382,,,Please call store for hours.,,,0
Northpark Mall,,201 Rangeline Rd Space 266 ,,Joplin ,MO,64801,United States,417-624-2447,,,Please call store for hours.,,,0
St. Louis Galleria,,1495 St. Louis Galleria ,,St. Louis ,MO,63117,United States,314-862-7282,,,Please call store for hours.,,,0
West County Center,,80 West County Center Dr ,,Des Peres ,MO,63131,United States,314-821-1406,,,Please call store for hours.,,,0
Barnes Crossing Mall,,1001 Barnes Crossing Road ,,Tupelo ,MS,38801,United States,(662) 842-4453,,,Mon-Fri: 10am- 9pmSat: 10am - 9pmSun:12pm - 6pm,,,0
Crossroads Mall,,15206 Crossroads Pkwy ,,Gulfport ,MS,39503,United States,228-831-1600,,,"Mon-Thurs: 12pm - 9pm, Fri: 12pm - 11pm, Sat: 12pm - 11pm, Sun: 12pm - 9pm",,,0
Edgewater Mall,,2600 Beach Blvd Ste 14 ,,Biloxi ,MS,39531,United States,(228) 385-2447,,,"Mon-Fri: 10am - 9pm, Sat: 10am - 9pm, Sun:12pm - 6pm",,,0
Market Street Flowood,,146 Market Street ,,Flowood ,MS,39232,United States,601-919-9991,,,Mon-Thur: 10am - 8pmFri-Sat: 10am - 9pmSun: 12pm - 5:30pm,,,0
Outlets of Mississippi,,200 Bass Pro Drive ,,Pearl ,MS,39208,United States,769-230-4745,,,Please call store for hours.,,,0
Asheville Mall,,3 South Tunnel Rd ,,Asheville ,NC,28805,United States,828-298-2849,,,"Mon-Fri: 10am - 9pm, Sat: 10am - 9pm, Sun:1pm - 6pm",,,0
Asheville Mall Kiosk,,3 South Tunnel Rd # KSK-13 ,,Asheville ,NC,28805,United States,828-299-7383,,,"Mon-Fri: 10am - 9pm, Sat: 10am - 9pm, Sun:1pm - 6pm",,,0
Carolina Mall,,1480 Concord Pkwy N ,,Concord ,NC,28025,United States,704-795-3544,,,Mon-Fri: 10:30am - 9pmSat: 10:30am - 9pmSun:12:30pm - 6pm,,,0
Charlotte Premium Outlets,,5524 New Fashion Way Space 450 ,,Charlotte ,NC,28278,United States,704-504-8544,,,"Mon-Fri: 10am - 9pm, Sat: 10am - 9pm, Sun:10am - 7pm",,,0
Crosscreek Mall,,143 Crosscreek Mall Space TB-09 ,,Fayetteville ,NC,28303,United States,910-867-7618,,,Mon-Fri: 19am - 9pmSat: 10am - 9pmSun:12pm - 6pm,,,0
Golden East Crossing Mall,,1100 N Wesleyan Blvd. Ste 5026 ,,Rocky Mt. ,NC,27804,United States,252-972-9722,,,"Mon-Fri: 10am - 9pm, Sat: 10am - 9pm, Sun:1pm - 6pm",,,0
Hanes Mall,,3320 Silas Creek Pkwy ,,Winston-Salem ,NC,27103,United States,336-659-2992,,,"Mon-Fri: 10:30am - 9pm, Sat: 10:30am - 9pm, Sun:12pm - 6pm",,,0
Independence Mall,,3500 Oleander Drive D022 ,,Wilmington ,NC,28403,United States,910-392-0507,,,"Mon-Fri: 10am - 9pm, Sat: 10am - 9pm, Sun:1pm - 6pm",,,0
Independence Mall Kiosk,,3500 Oleander Drive Space 9107 ,,Wilmington ,NC,28403,United States,910-392-0525,,,"Mon-Sat: 10am - 9pm, Sun: 12pm - 6pm",,,0
Voorhees Town Center,,1465 Voorhees Town Center ,,Voorhees Township ,NJ,08043,United States,856-772-2224,,,Please call store for hours.,,,0
Galleria at Sunset GAC,,1300 W Sunset Road ,,Henderson ,NV,89014,United States,702-433-5588,,,Please call store for hours.,,,0
Crossgates Mall,,1 Crossgates Mall Road ,,Albany ,NY,12203,United States,518-608-4544,,,"Mon-Fri: 10am - 9:30pm, Sat: 10am - 9:30pm, Sun:11am - 6pm",,,0
Greece Ridge Mall,,420 Greece Ridge Center Dr Space J-17 ,,Rochester ,NY,14626,United States,585-227-2344,,,Please call store for hours.,,,0
Jefferson Valley Mall,,650 Lee Blvd- K-11 ,,GAC Kiosk Yorktown Heights ,NY,10598,United States,(914) 962-6999,,,Please call store for hours.,,,0
Findlay Village,,1800 Tiffin Ave ,,Findlay ,OH,45840,United States,419-422-3333,,,"Mon-Fri: 10am - 9pm, Sat: 10am - 9pm, Sun:12pm - 5pm",,,0
Fort Steuben Mall,,100 Mall Dr ,,Steubenville ,OH,43952,United States,740-264-7883,,,"Mon-Fri: 10am - 9pm, Sat: 10am - 9pm, Sun:11pm - 6pm",,,0
Kenwood Towne Centre,,7875 Montgomery Road ,,Cincinnati ,OH,45236,United States,513-791-2447,,,"Mon?Sat: 10am - 9pm, Sun: 12pm - 6pm",,,0
Liberty Center,,7100 Foundry Row S142 ,,Liberty Township ,OH,45069,United States,513-984-2447,,,"Mon?Sat: 10am - 9pm, Sun: 12pm - 6pm",,,0
Miami Valley Mall,,987 E Ash St Ste 103 ,,Piqua ,OH,45356,United States,(937) 778-9292,,,Please call store for hours.,,,0
Shops at Fallen Timbers,,3100 Main St Suite 750 ,,Maumee ,OH,43537,United States,419-878-3333,,,Mon-Fri: 10am - 9pmSat: 10am - 9pmSun:12pm - 6pm,,,0
Oakwood Mall,,4125 W Owen K Garriott Rd ,,Enid ,OK,73703,United States,580-242-2222,,,Mon-Fri: 10:30am - 9pmSat: 10:30am - 9pmSun:12:30pm - 6pm,,,0
Sooner Fashion Mall,,3515 West Main St ,,Norman ,OK,73072,United States,405-360-3737,,,Mon-Fri: 10am - 9pmSat: 10am - 9pmSun:12pm - 9pm,,,0
Woodland Hills,,7021 S Memorial Dr Suite K109A ,,Tulsa ,OK,74133,United States,918-307-0113,,,Please call store for hours.,,,0
Vista Columbia,,1001 Gervais St. ,,Columbia ,SC,29201,United States,803-765-9100,,,"Mon-Thur: 10am - 10pm, Fri-Sun:10am - 11pm",,,0
Haywood Mall,,700 Haywood Rd ,,Greenville ,SC,29607,United States,864-234-5559,,,"Mon-Fri: 10am - 9pm, Sat: 10am - 9pm, Sun:12pm - 6pm",,,0
Magnolia Mall,,2701 David H McLeod Blvd ,,Florence ,SC,29501,United States,843-664-0744,,,Please call store for hours.,,,0
North Charleston Tanger Outlets,,4840 Tanger Outlet Blvd # 1098 ,,N Charleston ,SC,29418,United States,843-566-7227,,,"Mon-Fri: 10am - 9pm, Sat: 10am - 9pm, Sun:11am - 6pm",,,0
Northwoods Mall,,2150 Northwoods Blvd Unit f24 ,,N Charleston ,SC,29418,United States,843-572-5114,,,"Mon-Fri: 10am - 9pm, Sat: 10am - 9pm, Sun:12pm - 6pm",,,0
Russell House University Union - University of South Carolina,,1409 Greene St ,,Columbia ,SC,29208,United States,803-550-1081,,,"Mon-Fri: 10am - 2am, Sat: 12pm - 2am, Sun: 4pm - 2am",,,0
Shoppes at Woodhill,,6080 Garners Ferry Rd. Suite A ,,Columbia ,SC,29209,United States,803-783-6243,,,Mon-Sun: 10am - 10pm,,,0
Sumter Mall,,1057 Broad Street Unit 55 ,,Sumter ,SC,29150,United States,803-773-4785,,,"Mon-Fri: 10am - 9pm, Sat: 10am - 9pm, Sun:12pm - 6pm",,,0
Westgate Mall,,205 Blackstock Road Suite 800 ,,Spartanburg ,SC,29301,United States,864-574-6940,,,Mon-Fri: 10am - 9pmSat: 10am - 9pmSun:12pm - 6pm,,,0
Empire Mall,,1710 Empire Mall Space CC3 ,,Sioux Falls ,SD,57106,United States,605-361-2447,,,"Mon-Fri: 10am - 9pm, Sat: 10am - 9pm, Sun:12pm - 6pm",,,0
Cool Springs Galleria,,1800 Galleria Blvd ,,Franklin ,TN,37067,United States,615-771-7557,,,Mon-Fri: 10am - 9pmSat: 10am - 9pmSun:12pm - 6pm,,,0
Hamilton Place,,2100 Hamilton Pl Blvd ,,Chattanooga ,TN,37421,United States,423-899-2447,,,Mon-Fri: 10am - 9pmSat: 10am - 9pmSun:12pm - 6pm,,,0
Old Hickory Mall,,2021 North Highland Ave ,,Jackson ,TN,38305,United States,731-512-3679,,,"Mon-Fri: 10am - 9pm, Sat: 10am - 9pm, Sun:12pm - 6pm",,,0
Opry Mills Mall,,142 Opry Mills Drive ,,Nashville ,TN,37214,United States,615-649-0844,,,"Mon-Fri: 10am - 9pm, Sat: 10am - 9pm, Sun:11pm - 7pm",,,0
Tanger Five Oaks,,1645 Parkway ,,Sevierville ,TN,37862,United States,865-774-2320,,,Please call store for hours.,,,0
West Town Mall,,7600 Kingston Pike Rm 1168 ,,Knoxville ,TN,37919,United States,(865) 691-2354,,,Please call store for hours.,,,0
Wolfchase Galleria,,2760 Germantown Pkwy Space 236 ,,Memphis ,TN,38133,United States,901-386-7871,,,"Mon-Fri: 10am - 9pm, Sat: 10am - 9pm, Sun:12pm - 6pm",,,0
Foothills Mall,,167 Foothills Mall ,,Maryville ,TN,37801,United States,(865) 983-2447,,,Please call store for hours.,,,0
Barton Creek (Sears Wing),,2901 S Capital Of Texas Hwy ,,Austin ,TX,78746,United States,512-327-7624,,,Please call store for hours.,,,0
Barton Creek (Nordstrom Wing),,2901 S Capital Of Texas Hwy ,,Austin ,TX,78746,United States,512-327-0881,,,Please call store for hours.,,,0
Common Market,,1308 Common St Suite 208 ,,New Braunfels ,TX,78130,United States,830-625-2663,,,"Sun-Thurs: 10am - 9:30pm, Fri-Sat: 10am - 11pm",,,0
Golden Triangle,,2201 S Interstate 35 E ,,Denton ,TX,76205,United States,940-383-1370,,,Mon-Sat: 10am - 9pmSun: 12pm - 6pm,,,0
Paragon Outlets at Grand Prairie,,2950 West Interstate 20 Suite 625 ,,Grand Prairie ,TX,75052,United States,972-641-2447,,,"Mon-Sat: 10am - 9pm, Sun: 12pm - 6pm",,,0
Great American Cookies of El Paso,,1325 George Dieter Dr ,,El Paso ,TX,79936,United States,915-595-3600,,,Sun-Thur: 11:00 am-10:00 pmFri-Sat: 11:00 am-11:00 pm,,,0
Lakeline Mall,,11200 Lakeline Mall Dr ,,Cedar Park ,TX,78613,United States,512-219-9101,,,Please call store for hours.,,,0
La Plaza Mall,,2200 S 10th St ,,McAllen ,TX,78503,United States,956-631-2555,,,"Mon-Fri: 10am - 9pm, Sat: 10am - 9pm, Sun:12pm - 6pm",,,0
Midland Park Mall,,4511 N Midkiff Space C-29 ,,Midland ,TX,79705,United States,(432) 689-8000,,,"Mon-Fri: 11am - 9pm, Sat: 11am - 9pm, Sun:1pm - 6pm",,,0
Richland Mall,,6001 Waco Dr ,,Waco ,TX,76710,United States,254-776-5029,,,Please call store for hours.,,,0
Ridgmar Mall,,2070 Green Oaks Road ,,Fort Worth ,TX,76116,United States,817-377-8515,,,"Mon-Sat: 10am - 9pm, Sun: 12pm - 6pm",,,0
Rolling Oaks Mall,,6909 N Loop 1604 E ,,San Antonio ,TX,78247,United States,210-651-6808,,,Please call store for hours.,,,0
South Plains Mall,,6002 Slide Rd # F24 ,,Lubbock ,TX,79414,United States,806-799-8766,,,"Mon-Fri: 8am - 9pm, Sat: 8am - 9pm, Sun:10am - 6pm",,,0
San Marcos Tanger Outlets Mall,,4015 I-35 South ,,San Marcos ,TX,78666,United States,512-392-6989,,,Please call store for hours.,,,0
Temple Mall,,3111 S 31st St Flr SPC # 3023 ,,Temple ,TX,76502,United States,254-773-7472,,,Please call store for hours.,,,0
The Fountains Shopping Center,,12510 Fountain Lakes Circle ,,Stafford ,TX,77477,United States,281-980-0543,,,Please call store for hours.,,,0
The Shops at La Cantera,,15900 La Cantera PKWY Suite 8880 ,,San Antonio ,TX,78256,United States,210-558-7755,,,Please call store for hours.,,,0
The Shops at Willow Bend,,6121 West Park Blvd Suite D 117 A ,,Plano ,TX,75093,United States,214-601-6606,,,"Mon-Sat: 10am - 9pm, Sun:12pm - 6pm",,,0
Valle Vista Mall,,2020 Expressway 83 Space B21 ,,Harlingen ,TX,78552,United States,956-423-3606,,,Please call store for hours.,,,0
Westgate Mall,,7701 W Interstate 40 ,,Amarillo ,TX,79121,United States,806-358-7388,,,Please call store for hours.,,,0
Westover Hills,,8603 Highway 151 Ste 209 ,,San Antonio ,TX,78245,United States,210-509-3339,,,"Mon-Thurs: 11am - 9pm, Fri: 11am - 10pm, Sat-Sun: 10am - 10pm",,,0
Stephen F. Austin State University,,Baker Patillo Student Center 222 Vista Drive ,,Nacogdoches ,TX,75962,United States,936-468-7431,,,"Mon-Fri: 11am - 9pm, Sat: 11am - 9pm, Sun:11am - 9pm",,,0
Bellaire Town Center,,5117 Bellaire Blvd. ,,Bellaire ,TX,77401,United States,713-665-1122,,,Please call store for hours.,,,0
Bella Terra,,5434 W Grand Parkway South Suite # 300 ,,Richmond ,TX,77406,United States,281-762-2557,,,Please call store for hours.,,,0
The Carillion,,10001 Westheimer Rd. ,,Houston ,TX,77042,United States,713-783-2283,,,Please call store for hours.,,,0
Gulfgate Center Mall,,760 Gulfgate Center Mall ,,Houston ,TX,77087,United States,713-649-9400,,,Please call store for hours.,,,0
Fair Oaks Mall,,11750 Fair Oaks Mall ,,Fairfax ,VA,22033,United States,703-991-6838,,,"Mon-Fri: 10am - 9:30pm, Sat: 10am - 9:30pm, Sun:11pm - 6pm",,,0
Patrick Henry Mall,,12300 Jefferson Ave Ste 709 ,,Newport News ,VA,23602,United States,757-249-8403,,,"Mon-Fri: 10:30am - 9pm, Sat: 10:30am - 9pm, Sun:12pm - 6pm",,,0
Crossroads Mall,,36 Crossroads Mall Mt. ,,Hope ,WV,25880,United States,304-255-2911,,,"Mon-Fri: 10am - 9pm, Sat: 10am - 9pm, Sun:12pm - 6pm",,,0
Huntington Mall,,673 Huntington Mall ,,Barboursville ,WV,25504,United States,304-736-7300,,,Mon-Fri: 10am - 9pmSat: 10am - 9pmSun:11am - 6pm,,,0
Huntington Mall Kiosk,,673 Huntington Mall ,,Barboursville ,WV,25504,United States,304-736-4925,,,Mon-Fri: 10am - 9pmSat: 10am - 9pmSun:11am - 6pm,,,0
Meadowbrook Mall,,2625 Meadowbrook Mall ,,Bridgeport ,WV,26330,United States,304-842-2002,,,Mon-Fri: 10am - 9pmSat: 10am - 9pmSun:11am - 6pm,,,0
Mercer Mall,,261 Mercer Mall Road ,,Bluefield ,WV,24701,United States,304-327-7472,,,Mon-Fri: 10am - 9pmSat: 10am - 9pmSun:1pm - 6pm,,,0
University of Tennessee- Cart 1,,1600 Phillip Fulmer Way ,,Knoxville ,TN,37916,United States,,,,This is a seasonal location.,,,0
Hammond Square Mall,,426 Palace Drive ,,Hammond ,LA,70403,United States,985-340-5055,,,Mon-Fri: 10am - 9pmSat: 10am - 9pmSun:12pm - 6pm,,,0
Northpark Mall,,1200 E Countyline Road Suite 221 ,,Ridgeland ,MS,39157,United States,601-957-2891,,,Please call store for hours.,,,0
Willowbrook Mall,,1400 Willowbrook Mall ,,Wayne ,NJ,07470,United States,973-785-0059,,,"Mon-Fri: 10am - 9:30pm, Sat: 10am - 9:30pm, Sun:11am - 7pm",,,0
Tanger Outlet Center,,2410 South Tanger Boulevard ,,Gonzales ,LA,70737,United States,225-644-5842,,,Please call store for hours.,,,0
University of Tennessee- Cart 2,,1600 Phillip Fulmer Way ,,Knoxville ,TN,37916,United States,,,,This is a seasonal location.,,,0
Riverchase Galleria Kiosk,,3000-5552 Riverchase Galleria ,,Birmingham ,AL,35244,United States,205-985-0880,,,"Mon-Fri: 10am - 9pm, Sat: 10am - 9pm, Sun:12pm - 6pm",,,0
La Gran Plaza Fashion Mall,,Av. Vallarta 3959 Local Q2 Col. Don Bosco Vallarta 3er Piso ,,Zapopan ,Mexico,45049,United States,(33) 36211579,,,Please call for store hours.,,,0
Plaza Andares,,Blvd. Puerto de Hierro No. 4965 Space FC02 Plaza Andares Local U52 ,,Zapopan ,Mexico,45116,United States,(33) 36113232,,,Please call for store hours.,,,0
The Arena at Gwinnett Center #2,,6400 Sugarloaf Parkway ,,Duluth ,GA,30097,United States,,,,Events Only.Please order online at the Sugarloaf Mills location.,,,0
Woodlands Mall Kiosk,,1201 Lake Woodlands ,,The Woodlands ,TX,77380,United States,,,,Mon-Fri: 9am - 6pmSat: 10am - 6pmSun: Closed,,,0
Woodlands Mall,,1201 Lake Woodlands Dr ,,The Woodlands ,TX,77380,United States,,,,Mon-Fri: 9am - 6pmSat: 10am - 6pmSun: 12-6pm,,,0
Willowbrook Mall  - Kiosk,,1138 Willowbrook Mal l Space 5578 ,,Houston ,TX,77070,United States,,,,Mall hours.,,,0
Town Center at Cobb Kiosk,,400 Ernest Barrett Pkwy NW ,,Kennesaw ,GA,30144,United States,,,,Same as mall hours.,,,0
The Shops at La Cantera Kiosk,,15900 La Cantera Parkway Suite # 1801 ,,San Antonio ,TX,78256,United States,,,,Mall hours.,,,0
The Market at Hunting Bayou,,11430 East I-10 ,,Houston ,TX,77029,United States,713-455-5786,,,"Sun-Thur: 11:30am - 10pm, Fri-Sat: 11:30am - 11pm",,,0
Rolling Oaks Mall- Kiosk,,6909 N Loop 1604 East ,,San Antonio ,TX,78247,United States,,,,,,,0
Outlet Collection at Riverwalk,,1 Poydras Street Suite 209 ,,New Orleans ,LA,70130,United States,504-309-9650,,,Please call for store hours.,,,0
Oglethorpe Mall Kiosk,,7804 Abercorn St ,,Savannah ,GA,31406,United States,912-355-7927,,,"Mon-Sat: 10am - 9pm, Sun: 12pm - 6pm",,,0
Ingram Park Mall II,,6301 Northwest Loop 410 ,,San Antonio ,TX,78238,United States,210-684-4302,,,Please call for store hours.,,,0
Haywood Mall - Kiosk,,700 Haywood Road ,,Greenville ,SC,29607,United States,864-234-5559,,,"Sun: Noon-6:00 pm, Mon: 10:00 am-9:00 pm, Tue: 10:00 am-9:00 pm, Wed: 10:00 am-9:00 pm, Thur: 10:00 am-9:00 pm, Fri: 10:00 am-9:00 pm, Sat: 10:00 am-9:00 pm",,,0
Hamilton Place Mall - Kiosk,,2100 Hamilton Place Blvd ,,Chattanooga ,TN,37421,United States,423-899-2447,,,,,,0
Great American Cookies Missouri City,,6250 State Highway 6 South ,,Missouri City ,TX,77459,United States,281-208-5140,,,Please call for storehours.,,,0
Governor's Square Mall,,2801 Wilma Rudolph Blvd ,,Clarksville ,TN,37040,United States,931-906-3008,,,Mon-Sat: 10am-9pmSun:11am - 6pm,,,0
First Colony Mall - Kiosk,,16535 Southwest Freeway ,,Sugar Land ,TX,77479,United States,,,,,,,0
Deerbrook Mall - Kiosk,,20131 US-59 ,,Humble ,TX,77338,United States,,,,Mon-Fri: 9am - 6pmSat: 10am - 6pmSun: Closed,,,0
Capital Mall,,3600 Country Club Drive Space 506 ,,Jefferson City ,MO,65109,United States,573-556-6660,,,Please call for store hours.,,,0
Broadway Square Kiosk,,4601 South Broadway ,,Tyler ,TX,75703,United States,903-581-5715,,,Please call for store hours.,,,0
Battlefield Mall  - Kiosk,,2825 S Glenstone Avenue Space D-2 ,,Springfield ,MO,65804,United States,,,,"Mon-Fri: 9am - 6pm, Sat: 10am - 6pm, Sun: Closed",,,0
Augusta Mall Kiosk,,3450 Wrightsboro Road ,,Augusta ,GA,30909,United States,,,,"Mon-Fri: 10am - 9pm, Sat: 10am - 9pm, Sun: 12pm - 6pm",,,0
Lake Conroe,,15320 Hwy 105 W. Suite 100 ,,Montgomery ,TX,77356,United States,936-588-2005,,,"Sun-Thur: 11:30am - 9pm, Fri-Sat: 11:30am - 10pm",,,0
North Star Mall (Dillard's Wing),,7400 San Pedro Ave Suite 5505 ,,San Antonio ,TX,78216,United States,210-366-2447,,,"Mon-Fri: 10am - 9pm, Sat: 10am - 9pm, Sun: 11am - 7pm",,,0
Shops at River Center Mall,,849 E Commerce St. Ste. 642 ,,San Antonio ,TX,78205,United States,210-642-6006,,,"Mon-Fri: 10am - 9pm, Sat: 10am - 9pm, Sun: 11am - 7pm",,,0
Fort Henry Mall,,2101 Fort Henry Drive ,,Kingsport ,TN,37664,United States,423-246-2233,,,"Mon-Fri: 10am - 9pm, Sat: 10am - 9pm, Sun: 12pm - 6pm",,,0
The Mall at Wellington Green,,10300 W. Forrest Hill Blvd. ,,Wellington ,FL,33483,United States,561-513-6682,,,"Mon-Fri: 10am - 9pm, Sat: 10am - 9pm, Sun:12pm - 6pm",,,0
Tanger Outlets,,5205 Airways Blvd ,,Southhaven ,MS,38601,United States,662-298-3214,,,"Mon-Sat: 9am - 9pm, Sun: 10am - 7pm",,,0
Outlet Shops of Oklahoma City,,7650 West Reno Avenue Space # H-815 ,,Oklahoma City ,OK,73127,United States,405-437-2018,,,"Mon-Sat: 10am - 9pm, Sun:11am - 7pm",,,0
Trenton Park Plaza,,277 East Trenton ,,Edinburg ,TX,78539,United States,956-378-9801,,,"Mon-Fri: 11am - 10pm, Sat: 11am - 11pm, Sun:12pm - 10pm",,,0
Village at West Oaks,,2470 Hwy 6 South ,,Houston ,TX,77077,United States,281-531-9396,,,"Sun-Thur: 11am - 10pm, Fri-Sat: 11am - 11pm",,,0
West End,,2817 West End Ave. Suite 104 ,,Nashville ,TN,37203,United States,615-329-8020,,,"Sun-Thur: 11am - 10pm, Fri-Sat: 11am - 11pm",,,0
Inlet Beach,,12805 EAST Suite R102 US-98 ,,Inlet Beach ,FL,32413,United States,850-249-0205,,,Mon-Sun: 11am - 9pm,,,0
Great American Cookies Jeddah,,Shop No-6 AL Yuser Center North Mohammadiyah District Jeddah Saudi Arabia ,,,,,United States,+996 126599534,,,Mon-Fri: 9am - 6pmSat: 10am - 6pmSun: Closed,,,0
Village at Sandhill,,471-9 Town Center Place ,,Columbia ,SC,29229,United States,803-419-8300,,,Please call store for hours.,,,0
Polaris Fashion Place,,1500 Polaris Pkwy ,,Columbus ,OH,43240,United States,614-547-7278,,,"Mon?Thur: 10am - 9pm, Fri-Sat: 10am - 9:30pm, Sun: 12pm - 6pm",,,0
Polaris Fashion Place Kiosk,,1500 Polaris Pkwy # 2260 ,,Columbus ,OH,43240,United States,614-547-7278,,,"Mon?Thur: 10am - 9pm, Fri-Sat: 10am - 9:30pm, Sun: 12pm - 6pm",,,0
Grand Central Mall,,267 Grand Central Avenue ,,Vienna ,WV,26105,United States,304-428-5055,,,"Mon-Sat: 10am - 9pm, Sun: 12pm - 6pm",,,0
Franklin Park Mall,,5001 Monroe St ,,Toledo ,OH,43623,United States,419-474-9417,,,"Mon-Sat: 10am - 9pm, Sun: 11am - 6pm",,,0
Quorum Shopping Center,,4937 Belt Line Rd ,,Addison ,TX,75001,United States,972-503-7522,,,"Mon-Thur: 11:30am - 10:30pm, Fri-Sat: 11:30am - 11pm, Sun: 12pm - 10:30pm",,,0
Springs Cypress Corner,,22560 TX-249 Unit 250 ,,Houston ,TX,77070,United States,346-808-5993,,,Please call store for hours.,,,0
Summit Fair Shopping Center,,880 NW Blue Parkway Suite J ,,Lees Summit ,MO,64086,United States,816-554-2620,,,,,,0
The Pinnacle,,532 Pinnacle Parkway ,,Bristol ,TN,37620,United States,423-652-9991,,,"Mon-Sat: 10am - 9pm, Sun: 12pm - 6pm",,,0
Houston S Voss Road,,1725 S. Voss Rd ,,Houston ,TX,77057,United States,(713) 977-8585,,,Please call store for hours.,,,0
Germantown Village Square,,7706 Poplar ,,Germantown ,TN,38138,United States,901-379-8562,,,Mon-Sun: 10am - 10pm,,,0
The Village at Stone Creek,,22610 US Highway 281 N ,,San Antonio ,TX,78258,United States,,,,Mon-Sat: 10am - 9pmSun: 10am - 6pm,,,0
Vanderbilt Square Shopping Center,,3175 W Holcombe Blvd. ,,Houston ,TX,77025,United States,713-668-0431,,,"Sun-Thurs: 11am - 10pm, Fri-Sat: 11am - 11pm",,,0
Hulen Mall II,,4800 S Hulen St. Space 1300 ,,Ft Worth ,TX,76132,United States,,,,Please call store for hours.,,,0
Highland Court,,1801 West Jackson Avenue Unit A102 ,,Oxford ,MS,38655,United States,662-638-3928,,,"Mon-Thurs: 11am - 10p, Fri-Sat: 11am - 11pm, Sun:12:30pm - 7pm",,,0
Lake Conroe \u2013 Boardwalk Location,,15250 Hwy 105 W. Ste 180 ,,Montgomery ,TX,77356,United States,,,,,,,0
University Square,,350 N Guadalupe St. Ste 130 ,,San Marcos ,TX,78666,United States,512-392-4331,,,Please call store for hours.,,,0
Conyers Commons,,2239 Hwy 20 SE Suite K ,,Conyers ,GA,30013,United States,678-607-0316,,,Please call store for hours.,,,0
Towne East Square,,7700 East Kellogg Drive Space G06-D ,,Wichita ,KS,67207,United States,316-691-8829,,,"Mon-Sat: 10am - 9pm, Sun: 12pm - 6pm",,,0
City Base Shopping Center,,3138 SE Military Dr. Ste 111 ,,San Antonio ,TX,78223,United States,210-333-0314,,,Please call store for hours.,,,0
University of Central Arkansas – Donaghey Hall,,250 Donaghey Ave Ste 120 ,,Conway ,AR,72034,United States,501-329-4504,,,Please call store for hours.,,,0
Southlake Mall,,1000 Southlake Mall ,,Morrow ,GA,30260,United States,770-961-5270,,,"Mon-Sat: 10am - 9pm, Sun: 12pm - 6pm",,,0
Tanger Outlets,,1100 Cornerstone Blvd. ,,Daytona Beach ,FL,32117,United States,386-999-0243,,,"Mon-Sat: 9am - 9pm, Sun: 10am - 7pm",,,0
Branson Landing,,1107 Branson Landing ,,Branson ,MO,65616,United States,417-243-2663,,,Please call store for hours.,,,0
Dolphin Mall,,11401 12th St NW ,,Miami ,FL,33172,United States,,,,Please call store for hours.,,,0
The Parks at Arlington II,,3811 South Cooper Street # 2138 ,,Upper Level Arlington ,TX,76015,United States,817-472-5461,,,"Mon-Sat: 10am - 9pm, Sun: 12pm - 6pm",,,0
North Point Mall,,1000 North Point Circle (Upper Level Co-Brand with Marble Slab Creamery) ,,Alpharetta ,GA,30022,United States,770-752-6789,,,Please call store for hours.,,,0
Sawyer Heights,,1923 Taylor St Ste E ,,Houston ,TX,77007,United States,713-861-7522,,,Please call store for hours.,,,0
Cookeville,,541 South Willow Ave. Suite 106 ,,Cookeville ,TN,38501,United States,931-526-7522,,,,,,1
Grand Parkway Marketplace,,6630 Spring Stuebner Road # 505 ,,Spring ,TX,77389,United States,832-717-0225,,,Please call store for hours.,,,0
The Parks at Arlington I,,3811 South Cooper St. # 1160 ,,Lower Level Arlington ,TX,76015,United States,817-419-7011,,,"Mon-Sat: 10am - 9pm, Sun: 12pm - 6pm",,,0
Independence Plaza,,2438 Monarch Dr. A250 ,,Laredo ,TX,78045,United States,956-726-0399,,,Please call store for hours.,,,0
Constellation Field,,1 Stadium Dr. ,,Sugar Land ,TX,77498,United States,,,,Please call store for hours.,,,0
Dawson Crossroads,,145 Forest Blvd. Ste. 400 ,,Dawsonville ,GA,30534,United States,,,,,,,1
