store_name,store_number,address,address2,city,state,zip_code,country,phone_number,latitude,longitude,store_hours,store_type,other_fields,coming_soon
,ESS103,46 Toronto Road,,Port Hope,ON,L1A 3R7,Canada,,43.952067,-78.310336,,,,
,ULT046,1837 Main Street West,,Hamilton,ON,L8S 1H6,Canada,,43.252276,-79.938995,,,,
,A&W006,20 Bloor St E,Manulife Building,Toronto,ON,M4W 1A8,Canada,(416) 323-3108,43.671039,-79.386868,,,,
,A&W007,970 Princess Street,A & W,Kingston,ON,K7L 1H2,Canada,(613) 484-2887,44.2413784,-76.5122561,,,,
,A&W008,10 Legend Ct,A & W,Ancaster,ON,L9K 1J3,Canada,(905) 304-6582,43.2264722,-79.9483523,,,,
,BUC001,90 Woodbine Downs Blvd.,Westwood Arena,Etobicoke,ON,M9W 5S6,Canada,(416) 675-4604,43.739319,-79.60807,,,,
,BUC002,4000 Chesswood Dr,Chesswood Arena,North York,ON,M3J 2B9,Canada,(416) 630-8114,43.75721,-79.475273,,,,
,BUCK001,140 St. Andrews St,Buck Variety (and Shell Gas Bar),Cambridge,ON,N1S 1N3,Canada,(519) 623-0340,43.351959,-80.324371,,,,
,RAC001,1417 Lakeshore Road East,,Mississauga,ON,L5E 1G7,Canada,(905) 274-1941,43.585758,-79.550247,,,,
,BUC003,99 Brookside ST,,London,ON,N5Z 3J6,Canada,(416) 675-4604,42.970275,-81.226912,,,,
,SCH001,2049 Route 640 HWY,Hanwell Food Court,Hanwell,NB,E3C 1V3,Canada,(506) 459-4643,45.905837,-66.751380,,,,
,COG006,300 Gordon Street,Compass Group - Lakeridge Health Corp,Whitby,ON,L1N 5T2,Canada,(905) 668-6831 x 3105,43.856434,-78.943039,,,,
,COG008,47 Liberty Street South,Lakeridge Health,Bowmanville,ON,L1C 2N4,Canada,,43.908975,-78.679060,,,,
,COG009,451 Paxton Street,Compass Group - Lakeridge Health Corp,Port Perry ,ON,L9L 1L9,Canada,(905) 576-8711 x 3712,44.104748,-78.953873,,,,
,CRV001,555 McKeown Avenue,Crevier,North Bay,ON,L1N 5T2,Canada,(705) 471-3313,46.332645,-79.482193,,,,
,CRV004,68 Calabogie Road,Crevier,Arnprior,ON,K7S 3G8,Canada,(613) 432-3065,45.439524,-76.5071498,,,,
,CSD514,620 South Service Road,Esso Stoney Creek,Stoney Creek,ON,L8E 2W1,Canada,(905) 541-6505,43.228291,-79.698731,,,,
,CTC001,17740 Yonge St N,Canadian Tire Gas Bar,Newmarket,ON,L3Y 8P4,Canada,(905) 895-2212,44.060024,-79.481842,,,,
,CTC002,1333 Wilson Rd N,Canadian Tire Gas Bar,Oshawa,ON,L1K 2B8,Canada,(905) 725-3505,43.936306,-78.858688,,,,
,DRU001,3 Spencer Street ,Drummond's Gas,Spencerville,ON,K0E 1X0,Canada,(613) 658-5604,44.84277,-75.545288,,,,
,DRU002,305 St. Lawrence Street,Drummond's Gas,Merrickville,ON,K0G 1N0,Canada,(613) 269-3320,44.914604,-75.836372,,,,
,CSD518,13094 Yonge Street,Oak Ridges Esso,Richmond Hill ,ON,L4E 2T2,Canada,(905) 313-8955,43.946831,-79.455658,,,,
,ESS001,540 Evans Ave,Esso Evans Gas Bar,Etobicoke,ON,M8W 2V4,Canada,(416) 252-1112,43.612511,-79.542526,,,,
,ESS003,6951-53 Steeles Avenue West,Esso Gas Bar,Etobicoke,ON,M9B 6K7,Canada,(416) 674-5730,43.752781,-79.624321,,,,
,ESS004,436 Kipling Ave,Esso Gas Bar,Etobicoke,ON,M8Z 5C9,Canada,(416) 503-2882,43.606861,-79.520882,,,,
,ESS007,433 Kent Street West,Esso Gas Bar,Lindsay,ON,M9V 6C3,Canada,(705) 328-1033,44.349011,-78.763924,,,,
,ESS013,430 Pine Street,Esso Gas Bar,Waubashene,ON,L0K 2C0,Canada,(705) 538-2424,44.750549,-79.707695,,,,
,ESS017,448 Welland Avenue,Esso Gas Bar,St. Catharines,ON,L2M 7V3,Canada,(905) 684-0090,43.172871,-79.219521,,,,
,ESS019,5241 Bloomington Rd,Esso Gas Bar,Whitchurch-Stouffville,ON,L4A 7X3,Canada,(905) 640-1076 c: (416) 575-6333,44.000404,-79.29039,,,,
,ESS020,1120 Highway 17,PO Box 338,Terrace Bay,ON,P0T 2W0,Canada,(807) 825-3226,48.781822,-87.101013,,,,
,ESS021,1100 Highway 17 West,Esso Gas Bar,Iron Bridge,ON,P0R 1H0,Canada,(705) 843-1100,46.184574,-82.886986,,,,
,ESS022,2093 Buckhorn Drive,Esso Gas Bar,Lakefield,ON,K0L 2H0,Canada,(705) 652-1142,44.4678632,-78.3196789,,,,
,ESS027,2 Lafontaine Rd E,Esso Gas Bar,Penetanguishene,ON,L9M 2H7,Canada,(705) 533-2948,44.7750024,-79.974238,,,,
,ESS035,3 Trunk Road,Esso Gas Bar (McDougall Fuels),Sault Ste Marie,ON,P6A 3S2,Canada,(705) 949-6202,46.50946,-84.301834,,,,
,ESS036,225 Highway 108 North,Esso Gas Bar (McDougall Fuels),Elliot Lake,ON,P5A 2T1,Canada,(705) 848-4932,46.381504,-82.640091,,,,
,ESS037,176 Front Street East,Esso Gas Bar,Toronto,ON,M5A 1E6,Canada,(416) 663-1717,43.650639,-79.367752,,,,
,ESS038,932 Brock St N,Esso Gas Bar,Whitby,ON,L1N 4J6,Canada,(905) 665-8565,43.893139,-78.947968,,,,
,ESS043,1230 Plains Road East,Esso On-The-Run Gas Bar,Burlington,ON,L7S 1W6,Canada,(905) 333-5414,43.331421,-79.822418,,,,
,ESS046,2561 County Road 4,Esso Gas Bar,Camden East,ON,K0K 1J0,Canada,(613) 378-2683,44.3355677,-76.8334787,,,,
,ESS047,390 Arthur Street South,Esso Gas Bar,Elmira,ON,N3B 2P6,Canada,(519) 669-2015,43.576492,-80.563393,,,,
,ESS055,87 Garafraxa Street,Esso Gas Bar,Chatsworth,ON,N0G 1G0,Canada,(519) 279-6801,44.457249,-80.898483,,,,
,ESS060,1 King Street North,Oakland Foods Store (Esso Gas Bar),Oakland,ON,N0E 1L0,Canada,(519) 446-0051,43.031876,-80.331223,,,,
,ESS064,132 Hasting Street N,Esso Gas Bar (Pioneer Coporate Location),Bancroft,ON,K0L 1C0,Canada,(613) 332-1081,45.062126,-77.856651,,,,
,ESS065,300 First Street ,Esso Gas Bar,Collingwood,ON,L9Y 1B1,Canada,(705) 445-7183,44.501881,-80.225876,,,,
,ESS066,8824 Hwy 17 East,Esso Gas Bar,Warren,ON,P0H 2N0,Canada,(705) 967-2895,46.442173,-80.312622,,,,
,ESS068,6968 Hwy 9,Esso/Nicholby's,New Tecumseth,ON,L0G 1T0,Canada,(905) 939-9459,44.0045357,-79.7081311,,,,
,ESS069,6934 CR-34,Esso Gas Bar,Verona,ON,K0H 2W0,Canada,(613) 374-2394,44.4991364,-76.6775957,,,,
,ESS070,"11609 Highway 3, RR 2",Corner Caf_ Gas Bar & Variety (Esso Gas Bar),Wainfleet,ON,L0S 1V0,Canada,(905) 899-1586,42.890785,-79.356682,,,,
,ESS071,114 Sydenham Street,Esso Gas Bar ,Flesherton,ON,N0C 1E0,Canada,(519) 924-2220,44.264648,-80.55323,,,,
,ESS073,1402 Highway 17 East,Gagne's Red & White (Esso Gas Bar) ,Rutherglen,ON,P0H 2E0,Canada,(705) 776-2452,46.270374,-79.040726,,,,
,ESS074,12717 Woodbine Avenue,Esso On-The-Run Gas Bar,Gormley,ON,L0H 1G0,Canada,(905) 888-6179,43.95356,-79.379799,,,,
,ESS080,"202271 Hwy. #21, RR #5",Esso Gas Bar,Owen Sound,ON,N4K 5P7,Canada,(519) 371-6455,44.5591958,-80.9911289,,,,
,FFP001,5379 Old Highway 2,RR #2,Shannonville,ON,K0K 3A0,Canada,(613) 968-5344,44.1930567,-77.2502515,,,,
,FFP002,242 Main Street,Free Flow Petroleum,Bath,ON,K0H 1G0,Canada,(613) 352-5820,44.184795,-76.768852,,,,
,GAS003,2610 16 Avenue South,Southview Gas King ,Lethbridge,AB,T1K 1A2,Canada,(403) 328-2211,49.6762118,-112.8038334,,,,
,IND027,4726 Bank St,Stinsons Fuels,Gloucester,ON,K1T 3W7,Canada,(613) 822-7400,45.3246594,-75.5962718,,,,
,IND028,2955 Hwy. 43,MAIL SEE IND027,Kemptville,ON,K1T 3W7,Canada,(613) 258-1851,45.028507,-75.639679,,,,
,IND031,5 Main St E,Petro Canada,Milton,ON,L9T 2N1,Canada,(905) 878-8006,43.508858,-79.888039,,,,
,IND036,211 King St,UPI Petroleum,Eldee,ON,P0H 2J0,Canada,(705) 981-3812,46.22506,-79.363365,,,,
,IND038,17551 Woodbine Ave,Esso Gas Bar,East Gwillimbury,ON,L9N 0L6,Canada,(905) 898-6138,44.072628,-79.407654,,,,
,IND041,740 Dufferin St,Polaris Convenience Store,Toronto,ON,M6H 3K6,Canada,(416) 530-1232,43.652809,-79.432838,,,,
,IND045,2692 Hwy. 12 PO Box 66,Ultramar Gas Bar,Brechin,ON,L0K 1B0,Canada,(705) 484-5000,44.565216,-79.184921,,,,
,IND046,229 Rorke Ave,Petro Canada,Haileybury,ON,P0J 1K0,Canada,(705) 672-3667,47.441822,-79.637558,,,,
,IND052,22766 Woodbine Ave,Esso,Keswick,ON,L4P 3C8,Canada,(905) 478-4474,44.199108,-79.439957,,,,
,IND053,#1 - 1515 King Road,Esso,King City,ON,L7B 1L4,Canada,(905) 833-6332,43.93351,-79.506195,,,,
,IND054,169 Front St,aka CSD #418 (Gervais Restaurant),Sturgeon Falls,ON,P2B 2H9,Canada,(705) 753-1520,46.366085,-79.919869,,,,
,IND063,38 Main Street,Petro Canada,Coldwater,ON,L0K 1E0,Canada,(705) 686-3325,44.7099419,-79.643778,,,,
,PET083,5715 Ste-Catherine St.,,St. Isidore,ON,K0C 2B0,Canada,(613) 524-2000,45.350351,-74.900180,,,,
,IND069,653 Parkhill R W,Jackson Park Convenience,Peterborough,ON,K9J 6N7,Canada,(705) 742-7681,44.310299,-78.340782,,,,
,IND076,2317 St. Clair Ave W,Pioneer  ,Toronto,ON,M6N 1K9,Canada,(416) 766-2619,43.6698,-79.478882,,,,
,IND078,375 Guelph Street,Georgetown Esso,Georgetown,ON,L7G 4B6,Canada,(905) 873-4782,43.649368,-79.878609,,,,
,IND086,705 Queen Street East,Starbank Convenience,Toronto,ON,M4M 1G6,Canada,(416) 461-0430,43.658649,-79.349937,,,,
,IND087,1644 Dufferin Avenue,Taylor's Convenience Store,Wallaceburg,ON,N8A 2X2,Canada,(519) 627-8593,42.59322,-82.402634,,,,
,IND091,2534 Bayview Ave,Baskin Robbins,Toronto,ON,M2L 1A9,Canada,(416) 449-3498,43.747021,-79.384621,,,,
,IND095,313 Christina Street North,Christina Coffee Plus,Sarnia,ON,N7T 5V6,Canada,(519) 332-8358,42.977039,-82.405121,,,,
,IND101,213 Wellesley St E,Daisy Mart,Toronto,ON,M4X 1G1,Canada,(416) 922-8362,43.667278,-79.373055,,,,
,IND102,40 Elm Street,Doyle's Marketplace,Sudbury,ON,P3C 1S8,Canada,(705) 671-3112,46.493263,-80.992561,,,,
,IND107,992 Airport Road,Lucky 13 Convenience & Gas,North Bay,ON,P1C 1A6,Canada,(705) 471-3313,46.34742,-79.436127,,,,
,IND112,3520 Petawawa Boulevard,Pronto Food Mart,Petawawa,ON,K8H 3L1,Canada,(613) 687-5824,45.901459,-77.284599,,,,
,IND113,1382 Killarney Beach Road,Daisy Mart,Innisfil,ON,L0L 1W0,Canada,(705) 456-8383,44.261543,-79.557961,,,,
,IND114,#6 - 3635 Cawthra Road,Sonny's Variety,Mississauga,ON,L5A 2Y5,Canada,(905) 275-1082,43.60743,-79.617081,,,,
,IND117,937002 Airport Road,Mansfield General Store,Mansfield,ON,L0N 1M0,Canada,(705) 435-6945,44.169876,-80.038452,,,,
,IND119,#151 - 14800 Yonge Street ,Regency Variety,Aurora,ON,L4G 1N3,Canada,(905) 727-6691,43.988228,-79.465019,,,,
,IND122,999697 Highway 11 North,Thornloe Cheese Factory,Thornloe,ON,P0J 2S0,Canada,(705) 647-7441,47.6739658,-79.749091,,,,
,IND125,102 Main Street North,Lucky 13 Convenience,Callander,ON,P0H 1H0,Canada,(705) 471-3313,46.223694,-79.365288,,,,
,IND128,550 Finch Avenue,Hasty Market,Pickering,ON,L1V 0B2,Canada,(905) 831-0707,43.837776,-79.131699,,,,
,IND130,207 Wellington Street West,Wardlaw Fuels,Sault Ste Marie,ON,P6A 1H5,Canada,(705) 942-5795,46.523731,-84.344383,,,,
,IND136,89 Wellington Street South,Sunny Convenience,Drayton,ON,N0G 1P0,Canada,(519) 638-5319,43.749836,-80.67514,,,,
,IND137,4354 St. Clair Parkway,Shaykin Bait,Port Lambton,ON,L0P 2B0,Canada,(519) 677-1174,42.658386,-82.506401,,,,
,IND140,5566 Osgoode Main Street,Osgoode Confectionary & Gas Bar,Osgoode,ON,K0A 2W0,Canada,(613) 826-3652,45.14571,-75.606529,,,,
,IND147,251 County Road 22,Sherry's ,Kemptville,ON,K0G 1J0,Canada,(613) 258-3300,44.9700144,-75.5321484,,,,
,IND149,291 Brock Street West,Uxbridge Arena,Uxbridge,ON,L9P 1G1,Canada,(905) 862-2202,44.106419,-79.133934,,,,
,IND154,#1-2 670 Rexdale Blvd,Hasty Market,Etobicoke,ON,M9W 0B5,Canada,(416) 679-1129,43.720749,-79.613251,,,,
,IND156,4088 Highway 121 Main Street,Shop N' Save Convenience,Kinmount,ON,K0M 2A0,Canada,(705) 488-3173,44.781101,-78.65126,,,,
,IND157,224 Bonnechere St West PO BOX 848,The Wash Factory (Carwash),Eganville,ON,K0J 1T0,Canada,(613) 628-3111,45.543213,-77.104599,,,,
,IND158,1621 Chemin Kipawa,Depanneur Stop 102 (S.E.N.C.),Temiscaming,QC,J0Z 3R0,Canada,(819) 627-3190,46.737183,-79.066818,,,,
,IND161,RR #1 7329 Indian Line,Townline Variety,Wilsonville,ON ,L0E 1Z0,Canada,(519) 445-0259,43.0225417,-80.2167154,,,,
,IND163,380 Queensville Sideroad,River Variety,River Drive Park,ON,L9N 1A8,Canada,(905) 830-1089,44.125622,-79.51075,,,,
,IND165,"PO Box 69, 2 Pembroke Street",Highway Variety & Milano's Pizzeria,Cobden,ON,K0J 1K0,Canada,(613) 646-7647,45.6257499,-76.8767787,,,,
,IND166,340 Laurier Avenue West,G & M Smokeshop,Ottawa,ON,K1P 5K3,Canada,(613) 238-8588,45.417988,-75.700058,,,,
,IND171,PO Box 1625 285 County Rd 44,The Breakaway Canteen in NGMC,Kemptville,ON,K0G 1J0,Canada,(613) 229-2557,45.0231023,-75.6545756,,,,
,IND178,2 Corby Road,Grocery Counter Sandwich & Catering,Markham,ON,L3R 8A9,Canada,(905) 940-3347,43.860561,-79.345299,,,,
,IND181,300 Kingston Road - Unit 2,Pic N' Go Convenience,Pickering,ON,L1V 6Z9,Canada,(905) 509-8838,43.80846,-79.13163,,,,
,IND184,1703 Central Street,Claremont General Store,Claremont,ON,L1Y 1B1,Canada,(905) 649-2023,43.971958,-79.130249,,,,
,IND186,#10-10 Earlsbridge Blvd,AVO Convenience,Brampton,ON,L7A 3P1,Canada,(905) 495-6719,43.702538,-79.828438,,,,
,IND197,281 Pefferlaw Road,Lim's Grocery,Pefferlaw,ON ,L0E 1NO,Canada,(705) 437-1886,44.3146589,-79.2027018,,,,
,IND201,368 Hwy 94,Lucky 13 Convenience,Corbeil,ON,P0H 1K0,Canada,(705) 471-3313,46.265362,-79.294312,,,,
,IND204,469 Bouchard Street,Gloria's Convenience,Sudbury,ON,P3E 2K8,Canada,(705)522-1476,46.460571,-81.011772,,,,
,IND206,272 Dupont Street ,Food Plus Market,Toronto,ON,M5R 1V8,Canada,(416) 923-3939,43.675072,-79.406967,,,,
,IND207,989 Ward Street,The Pump,Bridgenorth,ON,K0L 1H0,Canada,(416) 786-6030,44.390945,-78.381249,,,,
,IND209,92 Rue Ontario,Algonquin Variety,Notre Dame Du Nord,QC,J0Z 3B0,Canada,(819) 723-2140,47.593365,-79.494774,,,,
,IND210,9829 Highway 12 West,Warminster Variety Snack & Gas Bar,Warminster,ON,L0K 2G0,Canada,(705) 325-2576,44.640778,-79.546356,,,,
,IND211,649 Astorville Road,Crevier Gas Station,Corbeil,ON,P0H 1K0,Canada,(705) 752-5057,46.143383,-79.258118,,,,
,IND220,849 Highway 54,KT Gas & Convenience,Ohsweken,ON,N3W 2G9,Canada,(519) 756-4825,43.024513,-79.891327,,,,
,IND224,1406 Mississauga Street,"Garfield's Convenience, Gifts and Video",Curve Lake,ON,K0L 1R0,Canada,(705) 657-2939,44.4948462,-78.3542776,,,,
,LOB002,2545 Weston Road,Super Centre Gas,Toronto,ON,M9N 2A7,Canada,(416) 241-0321,43.708241,-79.533546,,,,
,LOB003,2805 Eglinton Avenue West,Super Centre Gas,Mississauga,ON,L5M 6J3,Canada,(905) 569-7473,43.551659,-79.714935,,,,
,BUC004,1001 Franklin Blvd,,Cambridge,ON,N1T 1J3,Canada,(416) 675-4604,43.395849,-80.302042,,,,
,BUC005,57 Carl Hall Road,,North York,ON,M3K 2B6,Canada,(416) 675-4604,43.745255,-79.475651,,,,
,CSD347,396 Holland St. W.,,Bradford,ON,L3Z 1J7,Canada,(416) 602-9516,44.110790,-79.578924,,,,
,CAE001,747 Rue Notre-Dame,,Emburn,ON,K0A 1W0,Canada,(613) 443-2883,45.267350,-75.303929,,,,
,ESS081,8786 Highway #115 S/B,,Orono,ON,L0B 1M0,Canada,(905) 983-9742,44.046763,-78.619499,,,,
,ESS082,69 Oxford Street West,,Drumbo,ON,N0J 1G0,Canada,(519) 463-5557,43.236581,-80.556271,,,,
,ESS083,3460 Hwy 144,Berthiaume Service Centre,Chelmsford,ON,P0M 1L0,Canada,(705) 855-4538,46.569273,-81.200662,,,,
,ESS084,11760 167 Street NW,,Edmonton,AB,T5M 3Z2,Canada,(780) 444-8800,53.569578,-113.609985,,,,
,HSKO23,630 Fourth Line,Husky Gas Station,Oakville,ON,L6L 5B2,Canada,(905) 815-1001,43.433071,-79.701310,,,,
,ESS092,8906 Wellington Road 124,,Erin,ON,N1H 6H7,Canada,(416) 650-0488,43.698918,-80.132746,,,,
,NAR001,139 Columbus Drive,North Atlantic Refinery,Carbonear,NL,A1Y 1A6,Canada,(709) 596-4004,47.726597,-53.245995,,,,
,NIC001,5613 Victoria Avenue,Niagara Falls Convenience,Niagara Falls,ON,L2G 3L5,Canada,(905) 356-6103,43.09354,-79.073937,,,,
,PET001,508 Main Street,Petro Canada,Shelburne,ON,L0N 1S0,Canada,(519) 925-6022,44.080187,-80.1962852,,,,
,PET002,10779 Guelph Line,Petro Canada,Campbellville,ON,L0P 1B0,Canada,(905) 854-2593,43.4827769,-79.9758899,,,,
,PET004,8155 Torbram Road,Petro Canada,Brampton,ON,L6T 5C5,Canada,(905) 458-2040,43.718319,-79.685265,,,,
,PET010,17 Town Line,Petro Canada,Orangeville,ON,L9W 3R5,Canada,(519) 942-0996,43.9175901,-80.0865388,,,,
,PET013,2711 Barton Street,Petro Canada,Hamilton,ON,L8E 2J5,Canada,(905) 573-0722,43.233742,-79.7464555,,,,
,PET018,1366 Main St East,Petro Canada,Hamilton,ON,L8K 1B7,Canada,(416) 857-9981,43.24049,-79.81131,,,,
,PET031,24428 Hwy 48,Petro Canada ,Baldwin,ON,L0E 1A0,Canada,(905) 438-8442,44.262489,-79.345032,,,,
,PET032,295 Alma Street,PO Box 809,Rockwood,ON,N0B 2K0,Canada,(519) 856-2277,43.613995,-80.148644,,,,
,PET039,7017 Wellington County Road 124,Petro Canada,Guelph,ON,N1H 6J3,Canada,(519) 763-3787,43.4880208,-80.2871911,,,,
,PET041,2460 St. Clair Avenue West,Petro Canada,Toronto,ON,M6N 1L2,Canada,(416) 769-8069,43.669319,-79.483269,,,,
,PET042,925 - 16th Street East,Petro Canada,Owen Sound,ON,N4K 1Z4,Canada,(519) 371-5741,44.573399,-80.926491,,,,
,PET043,4608 Victoria Avenue,Petro Canada,Vineland Station,ON,L0R 2E0,Canada,(905) 562-9042,43.1832165,-79.3949479,,,,
,PET044,6692 Highway 11 North,Box 308,Temagami,ON,P0H 2H0,Canada,(705) 569-3310,47.061764,-79.791107,,,,
,PET045,121 Route 550,Petro Canada,Woodstock,NB,E7M 5H8,Canada,(506) 324-0076,46.15025,-67.574707,,,,
,PET048,1006 Brock Street,Petro Canada,Whitby,ON,L1N 4L8,Canada,(905) 665-4777,43.870049,-78.938156,,,,
,PET051,RR #1 86721 Bluewater Hwy,Petro Canada,Kincardine,ON,N2Z 2X3,Canada,(519) 395-5305,44.0426089,-81.717559,,,,
,PET052,27 Algonquin Blvd,Petro Canada,Timmins,ON,P4N 2R2,Canada,(705) 268-1136,48.4760736,-81.3357719,,,,
,PET054,30 Main Street East,Petro Canada,Beeton,ON,L0G 1A0,Canada,(906) 729-1100,44.079578,-79.782867,,,,
,PET057,292 Brock Road,Petro Canada,Aberfoyle,ON,N1H 6H9,Canada,(519) 763-4443,43.4571767,-80.1296651,,,,
,PET059,911-917 King Street East,Petro Canada,Hamilton,ON ,L8M 1B5,Canada,(905) 543-8570,43.251461,-79.838669,,,,
,PET060,5204 Stanley Road,Petro Canada,Niagara Falls,ON,L2E 5A4,Canada,(905) 371-3984,43.098747,-79.085297,,,,
,PET061,939 Prospect Street,Petro Canada,Fredericton ,NB,E3B 2T7,Canada,(506)459-8018,45.94405,-66.672829,,,,
,PET063,18405 Hurontario Street,Petro Canada,Caledon,ON,L7K 0X8,Canada,(416) 276-9114,43.8606,-79.995819,,,,
,PET070,2371 25th Sideroad,Petro Canada,Innisfil,ON,L9S 2G3,Canada,(705) 436-5424,44.328095,-79.542503,,,,
,PIO003,4499 Bath Rd,Pioneer Gas Bar,Amherstview,ON,K7N 1A5,Canada,(613) 389-4997,44.218697,-76.643562,,,,
,PIO004,1092 Highway #6 N,Pioneer Gas Bar,Hamilton,ON,L0R 2H0,Canada,(905) 690-8355,43.3374108,-79.9522957,,,,
,PIO005,93-99 King Edward Street,Pioneer Gas Bar,Paris,ON,N3L 2H1,Canada,(519) 442-2661,43.18668,-80.387711,,,,
,PIO006,857 10th St,Pioneer Site #241,Hanover,ON,N4N 1S1,Canada,(519) 364-1247,44.154839,-81.006851,,,,
,PIO007,859 Upper James St.,Pioneer Gas Bar,Hamilton,ON,L9C 3A3,Canada,(905) 385-3231,43.227242,-79.881729,,,,
,PIO009,6868 Highway 7,Pioneer Gas Bar,Springville,ON,K9J 6X6,Canada,(705) 742-6296,44.2297297,-78.3975688,,,,
,PIO015,2430 Fairview Street,Pioneer Gas Bar,Burlington,ON,L2R 2E4,Canada,(905) 681-8556,43.34605,-79.797958,,,,
,PIO017,161 Highway 17 East,Pioneer Gas Bar,Wahnapitae,ON,POM 2C0,Canada,(705) 694-5255,46.4872239,-80.7910114,,,,
,PIO018,565 Yonge Street,Pioneer Gas Bar,Barrie,ON,L4N 4E3,Canada,(705) 734-2311,44.359039,-79.652084,,,,
,PIO019,7445 Kingston Road,Pioneer Gas Bar,Scarborough,ON,M1B 5S3,Canada,(416) 281-2280,43.801949,-79.140869,,,,
,PIO020,610 King Street West,Pioneer Gas Bar,Hamilton,ON,L8P 1C2,Canada,(905) 521-8019,43.261951,-79.886414,,,,
,PIO021,1519 Dundas Street East,Pioneer Gas Bar,Whitby,ON,LIN 2K6,Canada,(905)666-1501,43.8854688,-78.9161533,,,,
,PIO022,5572 Hwy 9,Pioneer Gas Bar,Harriston,ON,N0G 1Z0,Canada,(519) 327-8715,43.946392,-80.934418,,,,
,PIO024,919 Upper Paradise Road,Pioneer Gas Bar,Hamilton,ON,L9B 2M9,Canada,(905) 385-8722,43.217789,-79.918259,,,,
,PIO025,386 Upper Gage Avenue,Pioneer Gas Bar,Hamilton,ON,L8V 4H9,Canada,(905) 388-3348,43.234669,-79.83651,,,,
,PIO026,12 Church Street,Pioneer Gas Bar,Delhi,ON,N4B 1V7,Canada,(519) 582-1599,42.853611,-80.494057,,,,
,PIO027,1501 RR 24,Pioneer Gas Bar,Pelham,ON,L0S 1C0,Canada,(905) 892-8254,43.0455012,Ê-79.2854093,,,,
,PIO028,2 Talbot Street,Pioneer Gas Bar,Cayuga,ON,N0A 1E0,Canada,(905) 772-5560,42.950344,-79.856247,,,,
,PIO031,7209 Drummond Road,Pioneer Gas Bar,Niagara Falls,ON,L2G 4P7,Canada,(905) 357-9582,43.071613,-79.097191,,,,
,PIO504,91 Bridge Street South,Pioneer Gas Bar,Hastings,ON ,K0L 1Y0,Canada,(705) 696-2411,44.303715,-77.954849,,,,
,PIO505,2881 Keele Street,Pioneer Gas Bar,Toronto,ON,M3M 2G9,Canada,(416) 633-4299,43.733479,-79.483231,,,,
,PUM001,5455 Steeles Avenue West,Pump Petroleum,Toronto,ON,M9L 1S7,Canada,(416) 741-5102,43.767448,-79.558083,,,,
,RAB001,20 Bristol Rd W,Rabba Convenience/Sunoco,Mississauga,ON,L5R 3K3,Canada,(905) 712-0022,43.613701,-79.663788,,,,
,RAB003,445 Eglinton Ave E,Rabba Convenience Store,Mississauga,ON,L4Z 3L4,Canada,(905) 568-9489,43.616459,-79.643219,,,,
,RAB005,2275 Lake Shore Blvd. W,Marina Del Rey,Toronto,ON,M8V 1A6,Canada,(905) 890-2436,43.619572,-79.485298,,,,
,RAB007,40 Asquith Avenue,Rabba Fine Foods,Toronto,ON,M4W 1J6,Canada,(416) 967-5326,43.671909,-79.385162,,,,
,RAB009,92 lakeshore Road,Rabba Fine Foods,Port Credit,ON,L5G 4S2,Canada,(905) 274-7491,43.553391,-79.58432,,,,
,RAB010,4175 Confederation Parkway,Rabba Fine Foods,Mississauga,ON,L5B 0A1,Canada,(905) 306-8401,43.58802,-79.648621,,,,
,SHL022,8348 Islington Avenue North,Shell Gas Bar,Woodbridge,ON,L4L 1W8,Canada,(905) 851-2213,43.79657,-79.58535,,,,
,SHL023,"6073 Highway #3, RR#1",Shell Gas Bar,Cayuga,ON,N0A 1E0,Canada,(905) 772-5248,42.9330425,-79.9284716,,,,
,SHL024,"13103 Highway 27, RR #2",Quick Gas Mart Incorporated (Shell),Phelpston,ON,L0L 2K0,Canada,(705) 322-0341,44.502068,-79.793579,,,,
,SHL027,635260 Highway 10,Shell Gas Bar,Orangeville,ON,L9W 2Z1,Canada,(519) 925-1423,44.0494679,-80.1293471,,,,
,SHL028,19364 Hwy 48,Shell Gas Bar ,Mount Albert,ON,L3R 1M0,Canada,(905) 473-1445,44.137978,-79.322456,,,,
,SHL029,13947 Hurontario Street,Shell Gas Bar,Caledon,ON,L7C 2C9,Canada,(905) 542-4286,43.772476,-79.876709,,,,
,SHL030,256 Highway 303 Conway,Shell Gas Bar,Digby,NS,B0V 1A0,Canada,(902) 245-2126,44.609379,-65.769867,,,,
,SHL032,2304 Courtright Line,Shell Gas Bar,Brigden,ON,N0N 1B0,Canada,(519) 864-1449,42.812077,-82.290062,,,,
,SHL033,10201 Highway 41,Shell Gas Bar,Kaladar,ON,K0H 1Z0,Canada,(613) 336-8679,44.648514,-77.122894,,,,
,SHL037,1213 Division Street,Shell Gas Bar,Kingston,ON,K7K 5W4,Canada,(613) 544-3524,44.266659,-76.498077,,,,
,SHL039,232 Main Street,Shell Gas Bar,Bobcaygeon,ON,K0M 1A0,Canada,(705) 738-3553,44.54908,-78.541443,,,,
,SHL040,94 Victoria Street,Shell Gas Bar,Alliston,ON,L9R 1G7,Canada,(705) 434-9494,44.15353,-79.871956,,,,
,SHL041,31044 Hwy #48,Shell Gas Bar,Pefferlaw,ON,L0E 1N0,Canada,(705) 437-1445,44.336964,-79.190643,,,,
,STI001,293 Mackay St,Stinsons Fuels,Pembroke,ON,K8A 1C5,Canada,(613) 822-7400,45.824387,-77.10997,,,,
,STI002,7 Vanjumar Drive,Stinsons Fuels,Arnprior,ON,K7S 3G8,Canada,(613) 623-6473,45.417999,-76.377296,,,,
,ULT003,992 Burton Road RR 1,Ultramar Gas Bar,Vars,ON,KOA 3H0,Canada,(613) 443-2853,45.3316428,-75.3465905,,,,
,ULT005,2991 Petawawa Blvd.,Ultramar Gas Bar,Petawawa,ON,K8H 1X9,Canada,(613) 639-7714,45.887322,-77.259331,,,,
,ULT007,661 Atherley Road,Ultramar Gas Bar,Orillia,ON,L3V 1P1,Canada,(705) 326-2547,44.604569,-79.373344,,,,
,ULT010,49 Winchester Road West,Ultramar Gas Bar,Brooklin,ON,L1M 2B5,Canada,(905) 655-6598,43.9521737,-78.9672087,,,,
,ULT013,607 South Drive,Ultramar Gas Bar,Summerside,PEI,C1N 3Z6,Canada,(902) 888-2252,46.4011,-63.809631,,,,
,ULT017,3342 Highway 35 North,Ultramar Gas Bar,Lindsay,ON,K9V 4K1,Canada,(705) 328-0774,44.378407,-78.78138,,,,
,ULT019,5267 Aurora Road,Ultramar Gas Bar,Stouffville,ON,L4A 7X4,Canada,(905) 438-8442,44.037853,-79.296669,,,,
,ULT023,"407 J.W. Pickersgill Blvd, PO BOX 99",Ultramar Gas Bar,Centreville,NL,A0G 4P0,Canada,(709) 678-2865,49.014607,-53.886044,,,,
,ULT024,11 Beaver Avenue ,Ultramar Gas Bar ,Beaverton,ON,L0K 1A0,Canada,(705) 426-4000,44.42841,-79.124497,,,,
,ULT025,50 King Street E,Ultramar Gas Bar (King's Mini Mart),Bobcaygeon,ON,K0M 1A0,Canada,(705) 731-0678,44.536541,-78.54026,,,,
,ULT027,2765 Highway 15,Ultramar Gas Bar,Portland,ON,K1V 0G0,Canada,(613) 272-2883,44.695259,-76.192932,,,,
,ULT033,306 Hwy 36,Ultramar Gas Bar,Lindsay,ON,K9V 4R6,Canada,(705) 324-7786,44.36182,-78.719421,,,,
,ULT500,9138 Commercial Street,Ultramar Gas Bar,New Minas,NS,B4N 3E5,Canada,(902) 681-0822,45.066818,-64.451286,,,,
,ULT501,88 Main Street West,Ultramar Gas Bar,Stewiacke,NS,B0N 2J0,Canada,(902) 639-1547,45.139977,-63.365482,,,,
,ULT502,640 Windmill Road,Ultramar Gas Bar,Dartmouth,NS,B3B 1B8,Canada,(902) 468-4544,44.698872,-63.604649,,,,
,ULT503,2283 Sydney Road,Ultramar Gas Bar,Reserve Mines,NS,B0A 1V0,Canada,(902) 849-1416,46.180439,-60.017246,,,,
,ULT504,581 Portland Street,Ultramar Gas Bar,Dartmouth,NS,B2W 2M5,Canada,(514) 499-6291,44.671459,-63.532929,,,,
,ULT505,219 Pleasant Street,Ultramar Gas Bar,Dartmouth,NS,B4Y 3R5,Canada,(902) 469-8483,44.65918,-63.550968,,,,
,ULT506,131 Dundonald Street,Ultramar Gas Bar,Fredericton,NB,E3B 1W7,Canada,(506) 457-1962,45.957249,-66.656158,,,,
,ULT507,11 Park Street,Ultramar Gas Bar,Kentville,NS,B4N 1L9,Canada,(902) 678-5554,45.078049,-64.505112,,,,
,ULT508,1985 Trim Road,Ultramar Gas Bar,Ottawa,ON,K4A 3P6,Canada,(613) 824-3501,45.471207,-75.454392,,,,
,ULT509,220 Cobequid Road,Ultramar Gas Bar,Lower Sackville,NS,B4C 2N5,Canada,(902) 865-8275,44.760281,-63.65966,,,,
,ULT510,395 Montreal Road,Ultramar Gas Bar,Ottawa,ON,K1L 6A8,Canada,(613) 742-5004,45.438999,-75.653999,,,,
,ULT511,3199 Hawthorne Road,Ultramar Gas Bar,Ottawa,ON,K1G 3V8,Canada,(613) 248-9319,45.382961,-75.601662,,,,
,ULT512,25 Bellevue Drive,Ultramar Gas Bar,Belleville,ON,K8N 4Z5,Canada,(613) 771-1755,44.18137,-77.446663,,,,
,ULT513,486 Hazeldean Road,Ultramar Gas Bar,Ottawa,ON,K2L 1V4,Canada,(613) 836-9248,45.296188,-75.889969,,,,
,ULT514,434 Taylor-Kidd Blvd,Ultramar Gas Bar,Kingston,ON,K7M 0B2,Canada,(613) 545-0388,44.251251,-76.561661,,,,
,ULT515,Po Box 3277 540 Route 190,Ultramar Gas Bar,Carlingford,NB,E7H 4H8,Canada,(506) 273-9682,46.750996,-67.727623,,,,
,ULT516,Po Box 1001 2995 Fredericton Road,Ultramar Gas Bar,Salisbury,NB,E4J 3E2,Canada,(506) 372-5318,46.050755,-65.060074,,,,
,ULT517,270 Coverdale Road,Ultramar Gas Bar,Riverview,NB,E1B 3J2,Canada,(506) 386-8553,46.0681,-64.793839,,,,
,ULT518,3084 104 Post Road,Ultramar Gas Bar,Antigonish,NS,B2G 2K3,Canada,(902) 863-5326,45.6114304,-62.0091406,,,,
,ULT519,705 Reeves Street,Ultramar Gas Bar,Port Hawkesbury,NS,B9A 2S2,Canada,(902) 625-3680,45.614639,-61.351547,,,,
,ULT521,225 Huntmar Drive,Ultramar Gas Bar,(Stittsville) Ottawa,ON,K2S 1B9,Canada,(613) 836-6057,45.293991,-75.927872,,,,
,ULT522,52 Kenmount Road,Ultramar Gas Bar,St. John's,NL,A1B 1W2,Canada,(709) 753-0149,47.559219,-52.752949,,,,
,ULT523,229 Countryview Road,Ultramar Gas Bar,Dartmouth,NS,B3B 0E7,Canada,(902) 481-1179,44.7042263,-63.5651368,,,,
,ULT524,16280 Highway 103,Ultramar Gas Bar,Hebbs Cross,NS,B4V 0Y7,Canada,(902) 543-1575,44.315441,-64.565109,,,,
,ULT527,172 Freshwater Road,Ultramar Gas Bar,St. John's,NL,A1C 2N9,Canada,(709) 579-2768,47.563408,-52.72739,,,,
,ULT525,967 Sir John A. MacDonald,Ultramar Gas Bar,Kingston,ON,K7L 1H3,Canada,(613) 542-6634,44.2446189,-76.5189918,,,,
,ULT526,1429 Portugal Cove Road,Ultramar Gas Bar,Portugal Cove,NL,A1M 3J8,Canada,(709) 895-2995,47.610954,-52.821777,,,,
,ULT528,85 Madawaska Boulevard,Ultramar Gas Bar,Arnprior,ON,K7S 3K1,Canada,(613) 622-0014,45.433872,-76.346268,,,,
,ULT529,1715 Limoges Road,Ultramar Gas Bar,Limoges,ON,K0A 2M0,Canada,(613) 443-5663,45.291881,-75.229350,,,,
,ULT530,90 Mapleview Drive East,Ultramar Gas Bar,Barrie,ON,L4N 0L1,Canada,(705) 735-9080,44.3363,-79.681297,,,,
,ULT533,2302 Tenth Line Road,Ultramar Gas Bar,Orleans,ON,K4A 0M9,Canada,(613) 590-0880,45.450878,-75.483002,,,,
,XTR002,12 Orchard Drive,XTR Gas Bar,Brampton,ON,L6W 2V7,Canada,(416) 819-3776,43.673706,-79.725761,,,,
,XTR005,232 John Street ,XTR Gas Bar,Pontypool,ON,L0A 1K0,Canada,(705) 277-2001,44.100338,-78.627556,,,,
,YF005,161 Bay St,"Box 122, Unit 130 BCE Place",Toronto,ON,M5J 2S1,Canada,(416) 363-6884,43.646519,-79.378738,,,,
,YF007,499 Main St S.,Unit 11B Shoppers World,Brampton,ON,L6Y 1N7,Canada,(905) 455-8094,43.667503,-79.73568,,,,
,YF009,550 King St N,Conestoga Mall,Waterloo,ON,N2L 5W6,Canada,(519) 725-4203,43.498737,-80.529907,,,,
,PET076,473 Malpeque Road,,Winsloe,PEI,C1E 1Z2,Canada,(902) 368-1109,46.290000,-63.171513,,,,
,YF013,419 King St W,"Oshawa Centre, Unit 2250",Oshawa,ON,L1J 2K5,Canada,(905) 728-1302,43.893715,-78.879982,,,,
,YF019,9300 Yonge St,Hillcrest Mall,Richmond Hill,ON,L4C 5G2,Canada,(905) 770-2226,43.853111,-79.43325,,,,
,YF021,2300 Yonge St,Box 2368,Toronto,ON,M4P 1E4,Canada,(416) 486-0363,43.707161,-79.39904,,,,
,CSD005,2929 Danforth Ave.,Victoria Park,Toronto,ON,M4C 1M4,Canada,(416) 691-6374,43.689974,-79.293908,,,,
,CSD051,1708 Queen St. E.,Kingston Rd,Toronto,ON,M4L 1H3,Canada,(416) 694-9111,43.667334,-79.312092,,,,
,CSD053,524 Wilson Heights Blvd.,Sheppard,Toronto,ON,M3H 2V6,Canada,(416) 630-4039,43.750498,-79.455743,,,,
,CSD074,357-359 Trunk Rd.,Black Rd,Sault Ste. Marie,ON,P6A 3S9,Canada,(705) 575-3682,46.515593,-84.288088,,,,
,CSD081,3748 Bathurst St.,Wilson,North York,ON,M3H 3M4,Canada,(647) 776-2110,43.737193,-79.433985,,,,
,CSD151,5495 Eglinton Ave. W.,Dixie,Etobicoke,ON,M9C 5K5,Canada,(416) 451-5700,43.651788,-79.602842,,,,
,CSD152,2 East Beaver Creek Rd.,Leslie,Richmond Hill,ON,L4B 2N3,Canada,(905) 764-7770,43.857166,-79.385094,,,,
,CSD192,861 Dufferin Ave.,Forhan St. / Old Glass Rd,Wallaceburg,ON,N8A 2V5,Canada,(519) 627-7180,42.592874,-82.39118,,,,
,CSD199,6585 Airport Rd.,Orlando & Derry,Mississauga,ON,L4V 1E4,Canada,(905) 678-7525,43.695438,-79.631198,,,,
,CSD226,100 King St. W.,Lloyd Jackson Sq,Hamilton,ON,L8P 1A2,Canada,(905) 529-1325,43.2574,-79.872,,,,
,CSD245,1185 Regional Rd 21,Hwy #12,Manchester,ON,L9L 1B5,Canada,(905) 985-1525,44.075077,-78.981637,,,,
,CSD246,6035 McLaughlin Rd.,Britannia,Mississauga,ON,L5R 1B9,Canada,(905) 712-3650,43.617887,-79.691565,,,,
,CSD249,104 King St.,Centennial Pkwy S,Stoney Creek,ON,L8G 1J2,Canada,(905) 662-0273,43.218985,-79.767041,,,,
,CSD252,1050 Brock Rd.,Unit 8,Pickering,ON,L1W 3X4,Canada,(905) 831-4482,43.83493,-79.068614,,,,
,CSD259,779 Hwy 7,Landsdowne St E,Peterborough,ON,K9J 6X9,Canada,(705) 876-7064,44.31667,-78.197098,,,,
,CSD260,140 Atherly Rd.,,Orillia,ON,L3V 7K8,Canada,(705) 325-0138,44.605563,-79.406685,,,,
,CSD272,2444 Finch Ave. W.,Milvan/ West of Weston,North York,ON,M9M 2E9,Canada,(416) 740-1217,43.749955,-79.552555,,,,
,CSD282,14980 Yonge St.,Ransom,Aurora,ON,L4G 1M5,Canada,(905)713 0585,43.993252,-79.466009,,,,
,CSD288,506 Canatara Court,Bath Rd,Kingston,ON,K7M 7L2,Canada,(613) 766-2394,44.237013,-76.579727,,,,
,CSD337,1401A Seymour St.,Midland,North Bay,ON,P1B 8G4,Canada,"(705) 497-8163, 647-308-4696 ",46.307105,-79.438955,,,,
,PET067,475 University Avenue,,Charlottetown,PEI,C1A 7Z4,Canada,(902)566-2295,46.252167,-63.139290,,,,
,CSD348,371 Lorne St.,Regnet St S,Sudbury,ON,P3C 4R1,Canada,(705) 688-1932,46.483625,-81.00668,,,,
,CSD354,131 Tiffin St. E.,Anne St,Barrie,ON,L4N 2N2,Canada,(705) 727-4936,44.373121,-79.697084,,,,
,CSD356,2512 Jane St.,Sheppard,North York,ON,M3L 1S1,Canada,(416) 740-3638,43.741118,-79.513584,,,,
,CSD372,2281 Kipling Ave.,Rexdale/Humber,Etobicoke,ON,M9W 4L6,Canada,(416) 744-0300,43.728354,-79.574625,,,,
,CSD376,5964 Highway 9,Hwy 27,Schomberg,ON,L0G 1T0,Canada,(647) 827-0303,44.0108135,-79.679806,,,,
,CSD380,590 Keele St.,St Clair Ave W,Toronto,ON,M6N 3C9,Canada,(416) 604-9322,43.67116,-79.467009,,,,
,CSD385,1585 Warden Ave.,Ellesmere,Toronto,ON,M1R 2S9,Canada,(416) 292-4923,43.765829,-79.302278,,,,
,CSD387,334 Dundas St. E.,Cawthra,Mississauga,ON,L5A 1W9,Canada,(905) 279-4484,43.58774,-79.607843,,,,
,CSD399,364 Lakeshore Rd. E.,Cawthra,Mississauga,ON,L5G 1H6,Canada,,43.563549,-79.572959,,,,
,CSD417,681 Chrislea Rd.,Langstaff,Vaughan,ON,L4L 8A3,Canada,(905) 265-7836,43.807489,-79.547427,,,,
,CSD448,828 Chemong Rd.,Park Hill Rd W,Peterborough,ON,K9H 5Z9,Canada,(705) 743-3427,44.318442,-78.330999,,,,
,CSD451,8656 Yonge St.,Garden,Richmond Hill,ON,L4C 6Z4,Canada,(905) 707-9451,43.83874,-79.4297,,,,
,CSD454,665 Markham Rd.,,Toronto,ON,M1H 2A4,Canada,(647)281-8851,43.66604,-79.412875,,,,
,CSD457,62 King St. W.,,Oshawa,ON,L1H 1A6,Canada,(905) 728-1441,43.897069,-78.865884,,,,
,CSD466,18401 Yonge St.,Lowes,Newmarket,ON,L9N 0A2,Canada,(416) 827-3357,44.077596,-79.485877,,,,
,CSD469,1315 Country Rd.,,Fraserville,ON,K0L 1V0,Canada,(705) 593-2929,44.193481,-78.395599,,,,
,CSD470,77 James St. N.,Hamilton City Centre,Hamilton,ON,L8R 2K3,Canada,(905) 522-6740,43.259098,-79.86797,,,,
,CSD478,2275 Upper Middle Rd. E.,,Oakville,ON,L6H 0C3,Canada,(905) 855-2474,43.502803,-79.672814,,,,
,CSD486,45 - 47 Sheppard Ave. E.,Yogen Fruz,North York,ON,M2N 5W9,Canada,(416) 250-9119,43.762288,-79.407533,,,,
,CSD491,3 Highway 7 E.,Ultramar,Manilla,ON,K0M 2J0,Canada,(705) 357-9961,44.287683,-78.962762,,,,
,CSD492,2000 Simcoe St. N.,Durham College,Oshawa,ON,L1H 7K4,Canada,(905) 454-4291,43.94799,-78.896068,,,,
,CSD495,50 Westmount Rd. N.,Westmount Place Complex,Waterloo,ON,N2R 2R5,Canada,(519) 954-7821,43.461646,-80.538664,,,,
,CSD498,38 Spadina Ave.,Shell Station,Toronto,ON,M5V 2H8,Canada,(416) 596-6721,43.644511,-79.394974,,,,
,CSD499,71 Main St.,Hamilton City Hall,Hamilton,ON,L8P 4Y5,Canada,(905) 393-7555,43.256359,-79.873811,,,,
,CSD500,21 St. Clair Ave. E.,Yonge Street,Toronto,ON,M4T 1L9,Canada,(647) 348-5878,43.688168,-79.392973,,,,
,CSD504,9305 Highway 11 N.,Shell Station,Orillia,ON,L3V 6H3,Canada,(705) 689-9954,44.726529,-79.449492,,,,
,CSD505,"480 Huronia Rd., Unit 105",Eagle Ridge Professional Complex,Barrie,ON,L4N 6M2,Canada,(705) 986-8851,44.348515,-79.663941,,,,
,CSD506,2407 Eglinton Ave. E.,,Scarborough,ON,M1K 2M5,Canada,(416) 642-0682,43.732154,-79.268037,,,,
,CSD507,1355 Kingston Rd.,Pickering Town Centre,Pickering,ON,L1V 1B8,Canada,(905) 492-9100,43.836911,-79.088854,,,,
,CSD511,275 Second Line West (unit #520),Market Square Property Inc.,Sault Ste. Marie,ON,P6C 2J4,Canada,(705) 575-1467,39.390897,-99.066067,,,,
,CSD513,1880 Eglinton Ave. E. (unit #161),Golden Mile Super Centre,Scarborough,ON,M1L 2L1,Canada,(416)288-1287,39.390897,-99.066067,,,,
,GUL001,4493 London Line,,Wyoming,ON,N0N 1T0,Canada,(516) 845-1818,42.980034,-82.120739,,,,
,ULT032,10 Norman Jones Place,,Stouffville,ON,L4A 7X5,Canada,(905) 640-9991,43.974381,-79.282481,,,,
,IND249,411 West Street,,Simcoe,ON,N3Y 1V1,Canada,(519) 428-7723,42.834719,-80.317612,,,,
,UPI001,345 Franklin Blvd.,,Cambridge,ON,N1R 8E3,Canada,(519) 621-1200,43.361724,-80.289321,,,,
,ESS097,76 Main Street S.,,Perth East,ON,N0K 1M0,Canada,(519) 595-3776,43.560981,-80.926047,,,,
,PIO514,6375 Major MacKenzie Drive,Pioneer Gas Station,Markham,ON,L3P 3J3,Canada,(905) 201-1489,43.912028,-79.260589,,,,
,FAS003,12304 Highway 28,Northern Lights Truck Stop,Spedden,AB,T0A 3E0,Canada,(780) 636-3939,54.137561,-111.729199,,,,
,ULT039,3172 Highway 115,Ultramar Gas Sation,Clarke,ON,L1B 1L9,Canada,(647) 633-2566,43.952532,-78.606461,,,,
,IND248,412 McArthur Drive,,Ottawa,ON,K1K 1G5,Canada,(613) 745-1234,45.432196,-75.648222,,,,
,IND246,506 Bayfield Street,,Barrie,ON,L4M 5A2,Canada,(705) 722-3342,44.412948,-79.711696,,,,
,IND245,847 Barton St E,Samy's Drug Mart,Hamilton,ON,L8L 3B4,Canada,(289) 769-8031,43.254911,-79.828211,,,,
,IND244,47 Main Street,,Burin Bay Arm,NL,A0E 1G0,Canada,(709) 277-0259,47.091153,-55.212826,,,,
,IND243,440 Jardun Mine Rd,,Garden River,ON,P6A 6Z8,Canada,(705) 257-1208,46.548610,-84.158673,,,,
,IND240,6757 Main street,,Stouffville,ON,L4A 6B6,Canada,(905) 640-1815,43.974570,-79.231341,,,,
,KET001,"7119 Lakeshore Road, Unit C",,Lambton Shores,ON,N0N 1J1,Canada,(519) 786-3804,43.175419,-81.990222,,,,
,ESS095,1210 26 Avenue,,Nanton,AB,T0L 1R0,Canada,(403) 646-2332,50.353798,-113.781955,,,,
,ESS101,18218 Hurontario Street,,Caledon,ON,L7K 0Y6,Canada,(519) 927-9099,43.856557,-79.990738,,,,
,ESS104,207 Highway Ave E,,Preeceville,SK,S0A 3B0,Canada,(204) 930-6274,51.954064,-102.667641,,,,
,ESS105,"Lot #12, Loon River Industrial Park",,Red Earth Creek,AB,T0G 1X0,Canada,(780) 649-3217,56.647106,-115.943788,,,,
,ESS106,103 SK-21,,Leader,SK,S0N 1H0,Canada,(306) 628-3378,50.892592,-109.536624,,,,
,IND222,2 Oakdale Rd,,North York,ON,M3N 1V9,Canada,(705) 436-5424,43.737085,-79.523825,,,,
,IND233,43 Dundas Street,,Deseronto,ON,K0K 1X0,Canada,,44.196212,-77.065962,,,,
,PIO508,6802 County Road 10,,Alliston,ON,L9R 1V2,Canada,(705) 424-7408,44.242741,-79.850616,,,,
,SHL043,14265 Hwy 41,,Cloyne,ON,K0H 1K0,Canada,(613) 336-8824,44.820002,-77.186006,,,,
,SHL044,58 Trans Canada Hwy,,North River,PEI,C0A 1H0,Canada,(902) 566-2674,46.255935,-63.190972,,,,
,SHL046,115 Belleville Road,,Stirling,ON,K0K 3E0,Canada,(613) 395-2200,44.295148,-77.539838,,,,
,IND234,425 Camden Road,,Napanee,ON,K7R 1E9,Canada,(613) 354-1999,44.260220,-76.950066,,,,
,IND232,115 Belleville Road,,Orangeville,ON,K0K 3E0,Canada,(613) 395-2200,44.295148,-77.539838,,,,
,IND236,38 Kent Street West,,Lindsay,ON,K9V 2Y2,Canada,(613) 395-2200,44.355249,-78.736199,,,,
,IND237,265 Catherine Street,,Ottawa,ON,K1R 7S5,Canada,(613) 680-6065,45.408759,-75.694713,,,,
,IND238,"1201 Division St, Unit 6C",,Kingston,ON,K7K 6X4,Canada,(613) 531-0741,44.265787,-76.496680,,,,
,ULT037,96 Main Street,,Picton,ON,K0K 2T0,Canada,(613) 476-3525,44.004839,-77.146878,,,,
,ULT040,4304 County Road 31,,Williamsburg,ON,K0C 2H0,Canada,(613) 535-2018,44.975342,-75.244431,,,,
,ULT534,110 Prescott Centre Dr,,Prescott,ON,K0E 1T0,Canada,(613) 925-5036,44.722476,-75.521681,,,,
,ULT535,141 Willow Street,,Truro,NS,B2N 4Z8,Canada,(902) 895-8495,45.360623,-63.289228,,,,
,ULT537,3467 Hawthorne Road,,Ottawa,ON,K1G 4G2,Canada,(416) 746-4147,45.374659,-75.596932,,,,
,ULT538,2316 Finch Avenue West,,Toronto,ON,M9M 2C6,Canada,(905) 726-3784,43.752492,-79.542127,,,,
,ULT539,15255 Leslie Street,,Aurora,ON,L4H 7C7,Canada,(905) 303-0847,44.011444,-79.418315,,,,
,ULT540,2268 Rutherford Road,,Vaughan,ON,L4K 2N8,Canada,(613) 256-1123,43.836812,-79.508727,,,,
,ULT548,5525 Appleton Sideroad,,Almonte,ON,K0K 1A0,Canada,(902) 354-5054,45.236668,-76.179585,,,,
,ULT549,137 Bristol Avenue,,Liverpool,NS,B0T 1K0,Canada,(613) 342-1565,44.044708,-64.721535,,,,
,ULT550,578 Stewart Blvd,,Brockvillle,ON,K6V 7H2,Canada,(705) 684-8272,44.603890,-75.715061,,,,
,ULT552,5 Hebrown Way,,St. John's,NL,A1A 0M1,Canada,(709) 726-0352,47.617059,-52.723891,,,,
,PET077,419 St. Peters Road,,Charlottetown,PEI,C1C 1G6,Canada,(902) 629-1203,46.278093,-63.102778,,,,
,PET079,564 Barton Street East,,Hamilton,ON,L8L 2Z3,Canada,(647) 405-3486,43.257656,-79.841423,,,,
,PET080,519 Granville St,,Summerside,PEI,C1N 5J4,Canada,(902) 436-7885,46.418356,-63.779780,,,,
,PET081,795 Bridge Road,,McBride,BC,V0J 2E0,Canada,(250) 569-8844,53.304421,-120.160141,,,,
,PET086,69 Robie Street ,,Truro,NS,B2N 1K4,Canada,(902) 895-8288,45.368213,-63.314398,,,,
