phone_number,city,distributor_name,store_type,store_number,country,address2,longitude,store_hours,store_name,state,other_fields,address,latitude,zip_code
(306) 585-7722,Regina,,,5087,United States,,-104.550445556641,"monday 7:00 a.m. to 11:00 p.m., tuesday 7:00 a.m. to 11:00 p.m., wednesday 7:00 a.m. to 11:00 p.m., thursday 7:00 a.m. to 11:00 p.m., friday 7:00 a.m. to 11:00 p.m., saturday 7:00 a.m. to 11:00 p.m., sunday 7:00 a.m. to 11:00 p.m.",Sobeys - University Park,,,2231 East Quance Street.,50.4428062438965,
780.476.0204,Edmonton,,,3189,United States,,-113.541154,"monday 7:00 a.m. to 11:00 p.m., tuesday 7:00 a.m. to 11:00 p.m., wednesday 7:00 a.m. to 11:00 p.m., thursday 7:00 a.m. to 11:00 p.m., friday 7:00 a.m. to 11:00 p.m., saturday 7:00 a.m. to 11:00 p.m., sunday 7:00 a.m. to 11:00 p.m.",Sobeys - Newcastle West,,,16943 – 127 Street NW,53.630739,
403-263-0331,Calgary,,,5194,United States,,-114.108913,"monday 7:00 a.m. to 11:00 p.m., tuesday 7:00 a.m. to 11:00 p.m., wednesday 7:00 a.m. to 11:00 p.m., thursday 7:00 a.m. to 11:00 p.m., friday 7:00 a.m. to 11:00 p.m., saturday 7:00 a.m. to 11:00 p.m., sunday 7:00 a.m. to 11:00 p.m.",Sobeys - Evanston,,,#7048 - 2060 Symons Valley Parkway NW,51.173925,
(416) 623-5111,Toronto,,,934,United States,,-79.39398,"monday 7:00 a.m. to Midnight, tuesday 7:00 a.m. to Midnight, wednesday 7:00 a.m. to Midnight, thursday 7:00 a.m. to Midnight, friday 7:00 a.m. to Midnight, saturday 7:00 a.m. to Midnight, sunday 7:00 a.m. to Midnight",Sobeys Urban Fresh - Spadina,,,22 Fort York Boulevard,43.640551,
(780) 542-4644,Drayton Valley,,,3018,United States,,-114.9765213,"monday 8:00 a.m. to 9:00 p.m., tuesday 8:00 a.m. to 9:00 p.m., wednesday 8:00 a.m. to 9:00 p.m., thursday 8:00 a.m. to 9:00 p.m., friday 8:00 a.m. to 9:00 p.m., saturday 8:00 a.m. to 9:00 p.m., sunday 10:00 a.m. to 7:00 p.m.",Sobeys - Drayton Valley,,,#1 4341-50 Street,53.2157094,
(403) 873-0101,Calgary,,,5073,United States,,-114.1120692,"monday 7:00 a.m. to 11:00 p.m., tuesday 7:00 a.m. to 11:00 p.m., wednesday 7:00 a.m. to 11:00 p.m., thursday 7:00 a.m. to 11:00 p.m., friday 7:00 a.m. to 11:00 p.m., saturday 7:00 a.m. to 11:00 p.m., sunday 7:00 a.m. to 11:00 p.m.",Sobeys - Bridlewood,,,"#100, 2335 - 162 Ave. SW",50.905385,
(780) 939-4418,Morinville,,,5068,United States,,-113.644878,"monday 8:00 a.m. to 10:00 p.m., tuesday 8:00 a.m. to 10:00 p.m., wednesday 8:00 a.m. to 10:00 p.m., thursday 8:00 a.m. to 10:00 p.m., friday 8:00 a.m. to 10:00 p.m., saturday 8:00 a.m. to 10:00 p.m., sunday 8:00 a.m. to 10:00 p.m.",Sobeys - Morinville,,,10003 - 100 St,53.8019169,
(204) 253-3663,Winnipeg,,,5083,United States,,-97.0938579,"monday 7:00 a.m. to 10:00 p.m., tuesday 7:00 a.m. to 10:00 p.m., wednesday 7:00 a.m. to 10:00 p.m., thursday 7:00 a.m. to 10:00 p.m., friday 7:00 a.m. to 10:00 p.m., saturday 7:00 a.m. to 10:00 p.m., sunday 9:00 a.m. to 6:00 p.m.",Sobeys - St. Vital,,,1500 Dakota St.,49.810693,
(306) 244-6310,Saskatoon,,,5038,United States,,-106.622585,"monday 7:00 a.m. - 11:00 p.m., tuesday 7:00 a.m. - 11:00 p.m., wednesday 7:00 a.m. - 11:00 p.m., thursday 7:00 a.m. - 11:00 p.m., friday 7:00 a.m. - 11:00 p.m., saturday 7:00 a.m. - 11:00 p.m., sunday 7:00 a.m. - 11:00 p.m.",Sobeys - Stonebridge,,,3100 Preston Avenue S,52.084082,
905-636-7521,Milton,,,4719,United States,,-79.867145,"monday Open 24 hours, tuesday Open 24 hours, wednesday Open 24 hours, thursday Open 24 hours, friday Open 24 hours, saturday Open 24 hours, sunday Open 24 hours",Sobeys Extra - Milton,,,1035 Bronte Street South,43.492982,
519-271-5340,Stratford,,,4721,United States,,-81.003783,"monday 7:00 a.m. - 11:00 p.m., tuesday 7:00 a.m. - 11:00 p.m., wednesday 7:00 a.m. - 11:00 p.m., thursday 7:00 a.m. - 11:00 p.m., friday 7:00 a.m. - 11:00 p.m., saturday 7:00 a.m. - 11:00 p.m., sunday 7:00 a.m. - 11:00 p.m.",Sobeys - Stratford,,,"581 Huron Street, Unit #1",43.380913,
(902) 864-7268,Lower Sackville,,,788,United States,,-63.6652203,"monday 7:00 a.m. to 11:00 p.m., tuesday 7:00 a.m. to 11:00 p.m., wednesday 7:00 a.m. to 11:00 p.m., thursday 7:00 a.m. to 11:00 p.m., friday 7:00 a.m. to 11:00 p.m., saturday 7:00 a.m. to 11:00 p.m., sunday 8:00 a.m. to 10:00 p.m.",Sobeys - First Lake,,,80 First Lake Drive,44.7770044,
"(506) 855-0546 , (506) 855-7599",Moncton,,,756,United States,,-64.7893325,"monday 7:00 a.m. to 11:00 p.m., tuesday 7:00 a.m. to 11:00 p.m., wednesday 7:00 a.m. to 11:00 p.m., thursday 7:00 a.m. to 11:00 p.m., friday 7:00 a.m. to 11:00 p.m., saturday 7:00 a.m. to 11:00 p.m., sunday 8:00 a.m. to 10:00 p.m.",Sobeys - Vaughan Harvey Blvd.,,,55 Vaughan Harvey Blvd.,46.0845748,
(506) 622-2098,Miramichi,,,292,United States,,-65.5667864,"monday 7:00 a.m. to 10:00 p.m., tuesday 7:00 a.m. to 10:00 p.m., wednesday 7:00 a.m. to 10:00 p.m., thursday 7:00 a.m. to 10:00 p.m., friday 7:00 a.m. to 10:00 p.m., saturday 7:00 a.m. to 10:00 p.m., sunday Noon to 5:00 p.m.",Sobeys - Newcastle,,,273 Pleasant St,47.0005793,
(403) 320-5154,Lethbridge,,,5445,United States,,-112.8103361,"monday 7:00 a.m. to 11:00 p.m., tuesday 7:00 a.m. to 11:00 p.m., wednesday 7:00 a.m. to 11:00 p.m., thursday 7:00 a.m. to 11:00 p.m., friday 7:00 a.m. to 11:00 p.m., saturday 7:00 a.m. to 11:00 p.m., sunday 7:00 a.m. to 11:00 p.m.",Sobeys - Uplands,,,327 Bluefox Blvd. N.,49.7277748,
(403) 273-9339,Calgary,,,1713,United States,,-113.9606061,"monday 7:00 a.m. to Midnight, tuesday 7:00 a.m. to Midnight, wednesday 7:00 a.m. to Midnight, thursday 7:00 a.m. to Midnight, friday 7:00 a.m. to Midnight, saturday 7:00 a.m. to Midnight, sunday 7:00 a.m. to Midnight",Sobeys - Forest Lawn,,,5115 - 17 Avenue S.E.,51.0376045,
(780) 417-0419,Sherwood Park,,,3098,United States,,-113.2657933,"monday 8:00 a.m. to 10:00 p.m., tuesday 8:00 a.m. to 10:00 p.m., wednesday 8:00 a.m. to 10:00 p.m., thursday 8:00 a.m. to 10:00 p.m., friday 8:00 a.m. to 10:00 p.m., saturday 8:00 a.m. to 10:00 p.m., sunday 8:00 a.m. to 10:00 p.m.",Sobeys - Lakeland Ridge,,,100-590 Lakeland Ridge,53.5413179,
(902) 755-1830,Stellarton,,,100,United States,,-62.6609521,"monday 7:00 a.m. to 9:00 p.m., tuesday 7:00 a.m. to 9:00 p.m., wednesday 7:00 a.m. to 9:00 p.m., thursday 7:00 a.m. to 9:00 p.m., friday 7:00 a.m. to 9:00 p.m., saturday 7:00 a.m. to 9:00 p.m., sunday 9:00 a.m. to 8:00 p.m.",Sobeys - Stellarton,,,293 Foord St,45.55523,
"(902) 752-1066 , (902) 755-6195",New Glasgow,,,370,United States,,-62.640156,"monday 7:00 a.m. to 10:00 p.m., tuesday 7:00 a.m. to 10:00 p.m., wednesday 7:00 a.m. to 10:00 p.m., thursday 7:00 a.m. to 10:00 p.m., friday 7:00 a.m. to 10:00 p.m., saturday 7:00 a.m. to 10:00 p.m., sunday 9:00 a.m. to 8:00 p.m.",Sobeys - Aberdeen Mall,,,610 East River Rd (Aberdeen),45.577611,
(204) 727-3443,Brandon,,,5109,United States,,-99.9867871,"monday 7:00 a.m. to 11:00 p.m., tuesday 7:00 a.m. to 11:00 p.m., wednesday 7:00 a.m. to 11:00 p.m., thursday 7:00 a.m. to 11:00 p.m., friday 7:00 a.m. to 11:00 p.m., saturday 7:00 a.m. to 11:00 p.m., sunday 9:00 a.m. to 6:00 p.m.",Sobeys - West End,,,3409 Victoria Avenue (Victoria &34 Street),49.8431194,
(780) 430-9809,Edmonton,,,5095,United States,,-113.5162766,"monday 7:00 a.m. to 11:00 p.m., tuesday 7:00 a.m. to 11:00 p.m., wednesday 7:00 a.m. to 11:00 p.m., thursday 7:00 a.m. to 11:00 p.m., friday 7:00 a.m. to 11:00 p.m., saturday 7:00 a.m. to 11:00 p.m., sunday 7:00 a.m. to 11:00 p.m.",Sobeys - Southbrook,,,1109 James Mowatt Trail,53.4209793,
(506) 858-8283,Moncton,,,348,United States,,-64.8306419,"monday 24 Hours, tuesday 24 Hours, wednesday 24 Hours, thursday 24 Hours, friday 24 Hours, saturday Closing at Midnight, sunday 7:00 a.m. to 24 Hours",Sobeys - Mountain Road,,,1380 Mountain Rd (North West Centre),46.1096505,
(905) 764-3770,Thornhill,,,659,United States,,-79.4368684,"monday 7:00 a.m. to 10:00 p.m., tuesday 7:00 a.m. to 10:00 p.m., wednesday 7:00 a.m. to 10:00 p.m., thursday 7:00 a.m. to 10:00 p.m., friday 7:00 a.m. to 10:00 p.m., saturday 8:00 a.m. to 10:00 p.m., sunday 8:00 a.m. to 10:00 p.m.",Sobeys - Clark & Hilda,,,441 Clark Ave W,43.8053494,
(902) 463-2910,Dartmouth,,,806,United States,,-63.5810979,"monday 7:00 a.m. to 11:00 p.m., tuesday 7:00 a.m. to 11:00 p.m., wednesday 7:00 a.m. to 11:00 p.m., thursday 7:00 a.m. to 11:00 p.m., friday 7:00 a.m. to 11:00 p.m., saturday 7:00 a.m. to 11:00 p.m., sunday 8:00 a.m. to 9:00 p.m.",Sobeys - Wyse Rd.,,,210 Wyse Rd.,44.6719666,
(306) 546-5881,Regina,,,5472,United States,,-104.6432497,"monday 07:00 a.m. to 11:00 p.m., tuesday 07:00 a.m. to 11:00 p.m., wednesday 07:00 a.m. to 11:00 p.m., thursday 07:00 a.m. to 11:00 p.m., friday 07:00 a.m. to 11:00 p.m., saturday 07:00 a.m. to 11:00 p.m., sunday 07:00 a.m. to 11:00 p.m.",Sobeys - Rochdale,,,4101 Rochdale Blvd,50.4967779,
(780) 485-6622,Edmonton,,,3143,United States,,-113.4227055,"monday 7:00 a.m. to 11:00 p.m., tuesday 7:00 a.m. to 11:00 p.m., wednesday 7:00 a.m. to 11:00 p.m., thursday 7:00 a.m. to 11:00 p.m., friday 7:00 a.m. to 11:00 p.m., saturday 7:00 a.m. to 11:00 p.m., sunday 7:00 a.m. to 11:00 p.m.",Sobeys - Millwoods Common,,,5011 - 23 Avenue NW,53.4541125,
(204) 334-1211,Winnipeg,,,5141,United States,,-97.0900112,"monday 7:00 a.m. to 11:00 p.m., tuesday 7:00 a.m. to 11:00 p.m., wednesday 7:00 a.m. to 11:00 p.m., thursday 7:00 a.m. to 11:00 p.m., friday 7:00 a.m. to 11:00 p.m., saturday 7:00 a.m. to 11:00 p.m., sunday 9:00 a.m. to 6:00 p.m.",Sobeys - Rivergrove,,,2575 Main Street &Red River Blvd,49.9593789,
204-586-7819,Winnipeg,,,5557,United States,,-97.160018,"monday 7:00 a.m. to 6:00 p.m., tuesday 7:00 a.m. to 6:00 p.m., wednesday 7:00 a.m. to 6:00 p.m., thursday 7:00 a.m. to 6:00 p.m., friday 7:00 a.m. to 6:00 p.m., saturday 7:00 a.m. to 6:00 p.m., sunday 10:00 a.m. to 6:00 p.m.",Sobeys - Winnipeg Cash &Carry,,,840 Dufferin Ave,49.916436,
(613) 475-0200,Brighton,,,832,United States,,-77.7375539,"monday 8:00 a.m. to 9:00 p.m., tuesday 8:00 a.m. to 9:00 p.m., wednesday 8:00 a.m. to 9:00 p.m., thursday 8:00 a.m. to 9:00 p.m., friday 8:00 a.m. to 9:00 p.m., saturday 8:00 a.m. to 8:00 p.m., sunday 8:00 a.m. to 8:00 p.m.",Sobeys - Brighton,,,"14 Main St, Box 670",44.0421832,
(705) 746-7511,Parry Sound,,,4732,United States,,-80.008052,"monday 8:00 a.m. to 10:00 p.m., tuesday 8:00 a.m. to 10:00 p.m., wednesday 8:00 a.m. to 10:00 p.m., thursday 8:00 a.m. to 10:00 p.m., friday 8:00 a.m. to 10:00 p.m., saturday 8:00 a.m. to 10:00 p.m., sunday 8:00 a.m. to 10:00 p.m.",Sobeys - Parry Sound,,,25 Pine Drive,45.3437331,
(306) 651-1800,Saskatoon,,,5069,United States,,-106.5894093,"monday 7:00 a.m. to 11:00 p.m., tuesday 7:00 a.m. to 11:00 p.m., wednesday 7:00 a.m. to 11:00 p.m., thursday 7:00 a.m. to 11:00 p.m., friday 7:00 a.m. to 11:00 p.m., saturday 7:00 a.m. to 11:00 p.m., sunday 7:00 a.m. to 11:00 p.m.",Sobeys - College Park (Sask),,,3907 - 8th Street East,52.1148739,
(204) 668-1508,East St. Paul,,,5079,United States,,-97.0065422,"monday 7:00 a.m. to 10:00 p.m., tuesday 7:00 a.m. to 10:00 p.m., wednesday 7:00 a.m. to 10:00 p.m., thursday 7:00 a.m. to 10:00 p.m., friday 7:00 a.m. to 10:00 p.m., saturday 7:00 a.m. to 10:00 p.m., sunday 9:00 a.m. to 6:00 p.m.",Sobeys - Birds Hill,,,3156 Birds Hill Rd.,49.9749934,
(403) 257-4343,Calgary,,,1141,United States,,-113.9600406,"monday 7:00 a.m. to 11:00 p.m., tuesday 7:00 a.m. to 11:00 p.m., wednesday 7:00 a.m. to 11:00 p.m., thursday 7:00 a.m. to 11:00 p.m., friday 7:00 a.m. to 11:00 p.m., saturday 7:00 a.m. to 11:00 p.m., sunday 7:00 a.m. to 11:00 p.m.",Sobeys - McKenzie Towne,,,#20 McKenzie Towne Avenue SE,50.9164818,
204-677-2330,Thompson,,,5559,United States,,-97.828245,"monday Permanantly Closed, tuesday Permanantly Closed, wednesday Permanantly Closed, thursday Permanantly Closed, friday Permanantly Closed, saturday Permanantly Closed, sunday Permanantly Closed",Sobeys - Thompson Distribution Centre,,,208 Station Road,55.740929,
"(902) 826-1046 , (902) 826-3180",Upper Tantallon,,,684,United States,,-63.83054,"monday 7:00 a.m. to 11:00 p.m., tuesday 7:00 a.m. to 11:00 p.m., wednesday 7:00 a.m. to 11:00 p.m., thursday 7:00 a.m. to 11:00 p.m., friday 7:00 a.m. to 11:00 p.m., saturday 7:00 a.m. to 11:00 p.m., sunday 9:00 a.m. to 9:00 p.m.",Sobeys Extra – Tantallon,,,3650 Hammonds Plains Rd,44.7002,
780-489-5244,Edmonton,,,3194,United States,,-113.669901,"monday 7:00 a.m. to 11:00 p.m., tuesday 7:00 a.m. to 11:00 p.m., wednesday 7:00 a.m. to 11:00 p.m., thursday 7:00 a.m. to 11:00 p.m., friday 7:00 a.m. to 11:00 p.m., saturday 7:00 a.m. to 11:00 p.m., sunday 7:00 a.m. to 11:00 p.m.",Sobeys - Lewis Estates,,,1030 Webber Greens Drive NW,53.523628,
"(709) 466-2396 , (709) 466-2575",Clarenville,,,552,United States,,-53.9711391,"monday 8:00 a.m. to 10:00 p.m., tuesday 8:00 a.m. to 10:00 p.m., wednesday 8:00 a.m. to 10:00 p.m., thursday 8:00 a.m. to 10:00 p.m., friday 8:00 a.m. to 10:00 p.m., saturday 8:00 a.m. to 10:00 p.m., sunday 10:00 a.m. to 6:00 p.m.",Sobeys - Clarenville,,,"69 Manitoba Drive, Suite 101",48.1629606,
(902) 562-5110,Sydney River,,,630,United States,,-60.224512,"monday 7:00 a.m. to 10:00 p.m., tuesday 7:00 a.m. to 10:00 p.m., wednesday 7:00 a.m. to 10:00 p.m., thursday 7:00 a.m. to 10:00 p.m., friday 7:00 a.m. to 10:00 p.m., saturday 7:00 a.m. to 10:00 p.m., sunday 9:00 a.m. to 8:00 p.m.",Sobeys - Sydney River,,,45 Keltic Drive,46.1106079,
(905) 435-0780,Whitby,,,851,United States,,-78.9120607,"monday Open 24 hours, tuesday Open 24 hours, wednesday Open 24 hours, thursday Open 24 hours, friday Open 24 hours, saturday Open 24 hours, sunday Open 24 hours",Sobeys - Whitby,,,1615 Dundas Street East,43.8865575,
(905) 680-8563,St. Catharines,,,929,United States,,-79.2149279,"monday 6:00 a.m. to 12:00 a.m., tuesday 6:00 a.m. to 12:00 a.m., wednesday 6:00 a.m. to 12:00 a.m., thursday 6:00 a.m. to 12:00 a.m., friday 6:00 a.m. to 12:00 a.m., saturday 6:00 a.m. to 12:00 a.m., sunday 6:00 a.m. to 12:00 a.m.",Sobeys - Glendale,,,343 Glendale Ave,43.1354532,
,,,,99999,United States,,-78.910675,"monday 12:00 a.m. to 12:00 p.m., tuesday 12:00 a.m. to 12:00 p.m., wednesday 12:00 a.m. to 12:00 p.m., thursday 12:00 a.m. to 12:00 p.m., friday 12:00 a.m. to 12:00 p.m., saturday 8:00 a.m. to 9:00 p.m., sunday 8:00 a.m. to 6:00 p.m.",Test Preview ON,,,,43.592794,
"204-254-8192 , 204-254-8708",Winnipeg,,,5499,United States,,-97.039718,"monday 7:00 a.m. to 11:00 p.m., tuesday 7:00 a.m. to 11:00 p.m., wednesday 7:00 a.m. to 11:00 p.m., thursday 7:00 a.m. to 11:00 p.m., friday 7:00 a.m. to 11:00 p.m., saturday 7:00 a.m. to 11:00 p.m., sunday 9:00 a.m. to 6:00 p.m.",Sobeys - Sage Creek,,,600 – 50 Sage Creek Blvd.,49.833521,
(902) 755-9777,New Glasgow,,,652,United States,,-62.6486476,"monday Open at 7:00 a.m., tuesday Open 24 Hours, wednesday Open 24 Hours, thursday Open 24 Hours, friday Open 24 Hours, saturday Closing at Midnight, sunday 9:00 a.m. to 8:00 p.m.",Sobeys - West Side Plaza,,,38 George St,45.5900245,
(506) 674-1460,Saint John,,,778,United States,,-66.1022254,"monday Open 24 hours, tuesday Open 24 hours, wednesday Open 24 hours, thursday Open 24 hours, friday Open 24 hours, saturday Open 24 hours, sunday Open 24 hours",Sobeys - Saint John West,,,1 Plaza Ave,45.2485698,
(506) 532-0842,Shediac,,,738,United States,,-64.5626734,"monday 7:00 a.m. to 11:00 p.m., tuesday 7:00 a.m. to 11:00 p.m., wednesday 7:00 a.m. to 11:00 p.m., thursday 7:00 a.m. to 11:00 p.m., friday 7:00 a.m. to 11:00 p.m., saturday 7:00 a.m. to 11:00 p.m., sunday 8:00 a.m. to 10:00 p.m.",Sobeys - Shediac,,,183 Main St,46.2177541,
(613) 476-3246,Picton,,,6703,United States,,-77.1375219,"monday 6:00 a.m. to Midnight, tuesday 6:00 a.m. to Midnight, wednesday 6:00 a.m. to Midnight, thursday 6:00 a.m. to Midnight, friday 6:00 a.m. to Midnight, saturday 6:00 a.m. to Midnight, sunday 6:00 a.m. to Midnight",Sobeys - Picton,,,"97 Main St, Village Centre",44.008942,
(780) 849-2653,Slave Lake,,,5447,United States,,-114.7711184,"monday 9:00 a.m. to 9:00 p.m., tuesday 9:00 a.m. to 9:00 p.m., wednesday 9:00 a.m. to 9:00 p.m., thursday 9:00 a.m. to 9:00 p.m., friday 9:00 a.m. to 9:00 p.m., saturday 9:00 a.m. to 9:00 p.m., sunday 9:00 a.m. to 9:00 p.m.",Sobeys - Slave Lake,,,701 Cornerstone,55.2866833,
(506) 458-8891,Fredericton,,,535,United States,,-66.6647292,"monday Open 24 hours, tuesday Open 24 hours, wednesday Open 24 hours, thursday Open 24 hours, friday Open 24 hours, saturday Open 24 hours, sunday Open 24 hours",Sobeys - Prospect St,,,1150 Prospect St (Fredericton Mall),45.9403779,
(519) 395-0022,Kincardine,,,6723,United States,,-81.6164436,"monday Open 24 hours, tuesday Open 24 hours, wednesday Open 24 hours, thursday Open 24 hours, friday Open 24 hours, saturday Open 24 hours, sunday Open 24 hours",Sobeys - Kincardine,,,814 Durham St,44.1719256,
(403) 234-7375,Calgary,,,5028,United States,,-114.0729934,"monday 7:00 a.m. to 11:00 p.m., tuesday 7:00 a.m. to 11:00 p.m., wednesday 7:00 a.m. to 11:00 p.m., thursday 7:00 a.m. to 11:00 p.m., friday 7:00 a.m. to 11:00 p.m., saturday 7:00 a.m. to 11:00 p.m., sunday 7:00 a.m. to 11:00 p.m.",Sobeys - Silverado,,,704-19369 Sheriff King St SW,50.8793146,
"(709) 753-3402 , (709) 753-3566",St. John's,,,744,United States,,-52.7084763,"monday Open 24 hours, tuesday Open 24 hours, wednesday Open 24 hours, thursday Open 24 hours, friday Open 24 hours, saturday Open 24 hours, sunday Open 24 hours",Sobeys - Elizabeth Ave,,,10 Elizabeth Ave,47.5871715,
"(709) 739-8663 , (709) 739-8664",St. John's,,,604,United States,,-52.736648,"monday Open 24 hours, tuesday Open 24 hours, wednesday Open 24 hours, thursday Open 24 hours, friday Open 24 hours, saturday Open 24 hours, sunday Open 24 hours",Sobeys - Ropewalk Lane,,,45 Ropewalk Lane,47.5560083,
"(902) 435-3909 , (902) 435-1814",Dartmouth,,,586,United States,,-63.4902493,"monday 7:00 a.m. to 11:00 p.m., tuesday 7:00 a.m. to 11:00 p.m., wednesday 7:00 a.m. to 11:00 p.m., thursday 7:00 a.m. to 11:00 p.m., friday 7:00 a.m. to 11:00 p.m., saturday 7:00 a.m. to 11:00 p.m., sunday 8:00 a.m. to 9:00 p.m.",Sobeys - Cole Harbour,,,2 Forest Hills Dr.,44.6721225,
"(709) 279-2471 , (709) 279-3053",Marystown,,,792,United States,,-55.1986848,"monday 8:00 a.m. to 10:00 p.m., tuesday 8:00 a.m. to 10:00 p.m., wednesday 8:00 a.m. to 10:00 p.m., thursday 8:00 a.m. to 10:00 p.m., friday 8:00 a.m. to 10:00 p.m., saturday 8:00 a.m. to 10:00 p.m., sunday 8:00 a.m. to 10:00 p.m.",Sobeys - Marystown,,,1-23 Columbia Drive P.O. Box 397,47.1596941,
(905) 440-4687,Oshawa,,,925,United States,,-78.8588994,"monday 6:00 a.m. to 12:00 a.m., tuesday 6:00 a.m. to 12:00 a.m., wednesday 6:00 a.m. to 12:00 a.m., thursday 6:00 a.m. to 12:00 a.m., friday 6:00 a.m. to 12:00 a.m., saturday 6:00 a.m. to 12:00 a.m., sunday 6:00 a.m. to 12:00 a.m.",Sobeys - Oshawa,,,1377 Wilson Road North,43.9386921,
(519) 622-8906,Cambridge,,,678,United States,,-80.3286903,"monday 7:00 a.m. to 12:00 a.m., tuesday 7:00 a.m. to 12:00 a.m., wednesday 7:00 a.m. to 12:00 a.m., thursday 7:00 a.m. to 12:00 a.m., friday 7:00 a.m. to 12:00 a.m., saturday 7:00 a.m. to 12:00 a.m., sunday 7:00 a.m. to 12:00 a.m.",Sobeys - Cambridge,,,130 Cedar St,43.3517363,
(519) 442-4485,Paris,,,899,United States,,-80.3887208,"monday 7:00 a.m. to 11:00 p.m., tuesday 7:00 a.m. to 11:00 p.m., wednesday 7:00 a.m. to 11:00 p.m., thursday 7:00 a.m. to 11:00 p.m., friday 7:00 a.m. to 11:00 p.m., saturday 7:00 a.m. to 11:00 p.m., sunday 7:00 a.m. to 11:00 p.m.",Sobeys - Paris,,,307 Grand River St N,43.2128595,
(780) 962-4121,Spruce Grove,,,5433,United States,,-113.9240312,"monday 8:00 a.m. to 10:00 p.m., tuesday 8:00 a.m. to 10:00 p.m., wednesday 8:00 a.m. to 10:00 p.m., thursday 8:00 a.m. to 10:00 p.m., friday 8:00 a.m. to 10:00 p.m., saturday 8:00 a.m. to 10:00 p.m., sunday 8:00 a.m. to 10:00 p.m.",Sobeys - Spruce Grove,,,11 Westway Road,53.5423343,
(204) 669-9966,Winnipeg,,,5089,United States,,-97.0665691,"monday 7:00 a.m. to 11:00 p.m., tuesday 7:00 a.m. to 11:00 p.m., wednesday 7:00 a.m. to 11:00 p.m., thursday 7:00 a.m. to 11:00 p.m., friday 7:00 a.m. to 11:00 p.m., saturday 7:00 a.m. to 11:00 p.m., sunday 9:00 a.m. to 6:00 p.m.",Sobeys - Reenders,,,"#7 Reenders Drive, Lagimodier &Reenders",49.9041588,
(902) 436-6675,Summerside,,,868,United States,,-63.7821941,"monday 7:00 a.m. to 11:00 p.m., tuesday 7:00 a.m. to 11:00 p.m., wednesday 7:00 a.m. to 11:00 p.m., thursday 7:00 a.m. to 11:00 p.m., friday 7:00 a.m. to 11:00 p.m., saturday 7:00 a.m. to 11:00 p.m., sunday Noon to 10:00 p.m.",Sobeys - Summerside,,,475 Granville St,46.4113331,
(902) 862-8770,Scotchtown,,,470,United States,,-60.0958541,"monday 7:00 a.m. to 10:00 p.m., tuesday 7:00 a.m. to 10:00 p.m., wednesday 7:00 a.m. to 10:00 p.m., thursday 7:00 a.m. to 10:00 p.m., friday 7:00 a.m. to 10:00 p.m., saturday 7:00 a.m. to 10:00 p.m., sunday 9:00 a.m. to 8:00 p.m.",Sobeys - Emerald Street,,,75 Emerald St - New Waterford,46.2400281,
(519) 758-1648,Brantford,,,709,United States,,-80.2862076,"monday 7:00 a.m. to 10:00 p.m., tuesday 7:00 a.m. to 10:00 p.m., wednesday 7:00 a.m. to 10:00 p.m., thursday 7:00 a.m. to 10:00 p.m., friday 7:00 a.m. to 10:00 p.m., saturday 7:00 a.m. to 10:00 p.m., sunday 7:00 a.m. to 10:00 p.m.",Sobeys - Shellard Lane,,,310 Colborne St W,43.1313795,
"(709) 227-5172 , (709) 227-5173",Placentia,,,674,United States,,-53.9645752,"monday 9:00 a.m. to 6:00 p.m., tuesday 9:00 a.m. to 6:00 p.m., wednesday 9:00 a.m. to 6:00 p.m., thursday 9:00 a.m. to 9:00 p.m., friday 9:00 a.m. to 9:00 p.m., saturday 9:00 a.m. to 6:00 p.m., sunday Closed",Sobeys - Placentia,,,"Riverside Drive North, Box 400 ",47.2389867,
(403) 279-9070,Calgary,,,5387,United States,,-114.013608,"monday 7:00 a.m. to 11:00 p.m., tuesday 7:00 a.m. to 11:00 p.m., wednesday 7:00 a.m. to 11:00 p.m., thursday 7:00 a.m. to 11:00 p.m., friday 7:00 a.m. to 11:00 p.m., saturday 7:00 a.m. to 11:00 p.m., sunday 7:00 a.m. to 11:00 p.m.",Sobeys - Riverbend,,,"#100, 8338 - 18 Street SE",50.977207,
(905) 775-3301,Bradford,,,6704,United States,,-79.5791888,"monday Open 24 hours, tuesday Open 24 hours, wednesday Open 24 hours, thursday Open 24 hours, friday Open 24 hours, saturday Open 24 hours, sunday Open 24 hours",Sobeys - Bradford,,,40 Melbourne Dr,44.1098387,
403-504-5400,Medicine Hat,,,5066,United States,,-110.6453123,"monday 7:00 a.m. to 11:00 p.m., tuesday 7:00 a.m. to 11:00 p.m., wednesday 7:00 a.m. to 11:00 p.m., thursday 7:00 a.m. to 11:00 p.m., friday 7:00 a.m. to 11:00 p.m., saturday 7:00 a.m. to 11:00 p.m., sunday 7:00 a.m. to 11:00 p.m.",Sobeys - Cornerstone,,,1960 Strachan Road S.E. ,49.9971797,
(905) 796-1517,Brampton,,,7380,United States,,-79.7804111,"monday 7:00 a.m. to 12:00 a.m., tuesday 7:00 a.m. to 12:00 a.m., wednesday 7:00 a.m. to 12:00 a.m., thursday 7:00 a.m. to 12:00 a.m., friday 7:00 a.m. to 12:00 a.m., saturday 7:00 a.m. to 12:00 a.m., sunday 7:00 a.m. to 12:00 a.m.",Sobeys - Brampton,,,8975 Chinguacousy Rd,43.6660543,
"(902) 457-2102 , (902) 445-3874",Halifax,,,644,United States,,-63.6576605,"monday Open 24 hours, tuesday Open 24 hours, wednesday Open 24 hours, thursday Open 24 hours, friday Open 24 hours, saturday Open 24 hours, sunday Open 24 hours",Sobeys - Clayton Park,,,287 Lacewood Dr,44.6630063,
(905) 935-9974,St. Catharines,,,916,United States,,-79.227905,"monday 6:00 a.m. to 12:00 a.m., tuesday 6:00 a.m. to 12:00 a.m., wednesday 6:00 a.m. to 12:00 a.m., thursday 6:00 a.m. to 12:00 a.m., friday 6:00 a.m. to 12:00 a.m., saturday 6:00 a.m. to 12:00 a.m., sunday 6:00 a.m. to 12:00 a.m.",Sobeys - Scott & Niagara,,,400 Scott St,43.189236,
(204) 489-7007,Winnipeg,,,5080,United States,,-97.2028198242188,"monday 7:00 a.m. to 11:00 p.m., tuesday 7:00 a.m. to 11:00 p.m., wednesday 7:00 a.m. to 11:00 p.m., thursday 7:00 a.m. to 11:00 p.m., friday 7:00 a.m. to 11:00 p.m., saturday 7:00 a.m. to 11:00 p.m., sunday 9:00 a.m. to 6:00 p.m.",Sobeys - Kenaston,,,1660 Kenaston Blvd,49.8214988708496,
(905) 871-0463,Fort Erie,,,4718,United States,,-78.9313906,"monday 6:00 a.m. to 12:00 a.m., tuesday 6:00 a.m. to 12:00 a.m., wednesday 6:00 a.m. to 12:00 a.m., thursday 6:00 a.m. to 12:00 a.m., friday 6:00 a.m. to 12:00 a.m., saturday 6:00 a.m. to 12:00 a.m., sunday 6:00 a.m. to 12:00 a.m.",Sobeys - Fort Erie,,,450 Garrison Rd,42.9054565,
(613) 599-8965 ,Kanata,,,4742,United States,,-75.934322,"monday 7:00 a.m. to 10:00 p.m., tuesday 7:00 a.m. to 10:00 p.m., wednesday 7:00 a.m. to 10:00 p.m., thursday 7:00 a.m. to 10:00 p.m., friday 7:00 a.m. to 10:00 p.m., saturday 7:00 a.m. to 10:00 p.m., sunday 7:00 a.m. to 10:00 p.m.",Sobeys - March Road,,,840 March Rd,45.356719,
(902) 835-3335,Bedford,,,580,United States,,-63.6781069,"monday Open at 7:00 a.m., tuesday Open 24 Hours, wednesday Open 24 Hours, thursday Open 24 Hours, friday Open 24 Hours, saturday Open 24 Hours, sunday 7:00 a.m. to 9:00 p.m.",Sobeys - Bedford,,,955 Bedford Hwy,44.7150421,
(780) 478-4740,Edmonton,,,5070,United States,,-113.4201511,"monday 7:00 a.m. to 11:00 p.m., tuesday 7:00 a.m. to 11:00 p.m., wednesday 7:00 a.m. to 11:00 p.m., thursday 7:00 a.m. to 11:00 p.m., friday 7:00 a.m. to 11:00 p.m., saturday 7:00 a.m. to 11:00 p.m., sunday 7:00 a.m. to 11:00 p.m.",Sobeys - Hollick Kenyon,,,5119-167 Avenue NW,53.6286326,
(519) 880-9143,Waterloo,,,878,United States,,-80.568595,"monday 7:00 a.m. to 11:00 p.m., tuesday 7:00 a.m. to 11:00 p.m., wednesday 7:00 a.m. to 11:00 p.m., thursday 7:00 a.m. to 11:00 p.m., friday 7:00 a.m. to 11:00 p.m., saturday 7:00 a.m. to 11:00 p.m., sunday 7:00 a.m. to 11:00 p.m.",Sobeys - Columbia,,,450 Columbia St W,43.4683601,
(506) 450-4141,Fredericton,,,349,United States,,-66.6504751,"monday 7:00 a.m. to 11:00 p.m., tuesday 7:00 a.m. to 11:00 p.m., wednesday 7:00 a.m. to 11:00 p.m., thursday 7:00 a.m. to 11:00 p.m., friday 7:00 a.m. to 11:00 p.m., saturday 7:00 a.m. to 11:00 p.m., sunday 7:00 a.m. to 11:00 p.m.",Sobeys - Brookside Mall,,,463 Brookside Dr,45.991859,
(250) 342-6919,Invermere,,,5193,United States,,-116.0319865,"monday 7:00 a.m. to 10:00 p.m., tuesday 7:00 a.m. to 10:00 p.m., wednesday 7:00 a.m. to 10:00 p.m., thursday 7:00 a.m. to 10:00 p.m., friday 7:00 a.m. to 10:00 p.m., saturday 7:00 a.m. to 10:00 p.m., sunday 7:00 a.m. to 10:00 p.m.",Sobeys - Invermere,,,750 - 4 Street,50.5099429,
(506) 855-6761,Moncton,,,783,United States,,-64.770206,"monday 7:00 a.m. to 11:00 p.m., tuesday 7:00 a.m. to 11:00 p.m., wednesday 7:00 a.m. to 11:00 p.m., thursday 7:00 a.m. to 11:00 p.m., friday 7:00 a.m. to 11:00 p.m., saturday 7:00 a.m. to 11:00 p.m., sunday 8:00 a.m. to 10:00 p.m.",Sobeys - Elmwood Drive,,,77 Filles de Jésus Ave,46.1225089,
(204) 474-1610,Winnipeg,,,5174,United States,,-97.1650204,"monday 7:00 a.m. to 11:00 p.m., tuesday 7:00 a.m. to 11:00 p.m., wednesday 7:00 a.m. to 11:00 p.m., thursday 7:00 a.m. to 11:00 p.m., friday 7:00 a.m. to 11:00 p.m., saturday 7:00 a.m. to 11:00 p.m., sunday 9:00 a.m. to 6:00 p.m.",Sobeys - Grant Park,,,1150 Taylor Avenue,49.8524657,
(902) 434-6696,Dartmouth,,,772,United States,,-63.5375271,"monday Open 24 hours, tuesday Open 24 hours, wednesday Open 24 hours, thursday Open 24 hours, friday Open 24 hours, saturday Open 24 hours, sunday Open 24 hours",Sobeys - Tacoma Drive,,,60 Tacoma Drive,44.6794641,
(902) 765-4033,Kingston,,,746,United States,,-64.9394481,"monday 8:00 a.m. to 10:00 p.m., tuesday 8:00 a.m. to 10:00 p.m., wednesday 8:00 a.m. to 10:00 p.m., thursday 8:00 a.m. to 10:00 p.m., friday 8:00 a.m. to 10:00 p.m., saturday 8:00 a.m. to 10:00 p.m., sunday 10:00 a.m. to 8:00 p.m.",Sobeys - Greenwood,,,"720 Central Ave, PO Box 70",44.9683894,
(905) 726-2530,Aurora,,,743,United States,,-79.4452932,"monday 6:00 a.m. to 12:00 a.m., tuesday 6:00 a.m. to 12:00 a.m., wednesday 6:00 a.m. to 12:00 a.m., thursday 6:00 a.m. to 12:00 a.m., friday 6:00 a.m. to 12:00 a.m., saturday 6:00 a.m. to 12:00 a.m., sunday 6:00 a.m. to 12:00 a.m.",Aurora Sobeys extra,,,15500 Bayview Avenue,44.0115847,
(902) 894-3800,Stratford,,,621,United States,,-63.0864081,"monday 7:00 a.m. to 11:00 p.m., tuesday 7:00 a.m. to 11:00 p.m., wednesday 7:00 a.m. to 11:00 p.m., thursday 7:00 a.m. to 11:00 p.m., friday 7:00 a.m. to 11:00 p.m., saturday 7:00 a.m. to 11:00 p.m., sunday Noon to 10:00 p.m.",Sobeys - Stratford (PEI),,,9 Kinlock Rd,46.2216029,
(905) 619-9130,Pickering,,,858,United States,,-79.0727818,"monday Open 24 hours, tuesday Open 24 hours, wednesday Open 24 hours, thursday Open 24 hours, friday Open 24 hours, saturday Open 24 hours, sunday Open 24 hours",Sobeys - Pickering,,,1899 Brock Road,43.8446649,
(905) 825-2278,Oakville,,,4731,United States,,-79.7119367,"monday 7:00 a.m. to Midnight, tuesday 7:00 a.m. to Midnight, wednesday 7:00 a.m. to Midnight, thursday 7:00 a.m. to Midnight, friday 7:00 a.m. to Midnight, saturday 7:00 a.m. to Midnight, sunday 7:00 a.m. to Midnight",Sobeys - Bronte,,,"2441 Lakeshore Rd. West, Oakville",43.3951594,
(306) 585-0579,Regina,,,5463,United States,,-104.6183584,"monday 7:00 a.m. to 11:00 p.m., tuesday 7:00 a.m. to 11:00 p.m., wednesday 7:00 a.m. to 11:00 p.m., thursday 7:00 a.m. to 11:00 p.m., friday 7:00 a.m. to 11:00 p.m., saturday 7:00 a.m. to 11:00 p.m., sunday 7:00 a.m. to 11:00 p.m.",Sobeys - Albert Street,,,4250 Albert St.,50.411082,
(705) 740-9026,Peterborough,,,6712,United States,,-78.3400857,"monday 6:00 a.m. to Midnight, tuesday 6:00 a.m. to Midnight, wednesday 6:00 a.m. to Midnight, thursday 6:00 a.m. to Midnight, friday 6:00 a.m. to Midnight, saturday 6:00 a.m. to Midnight, sunday 6:00 a.m. to Midnight",Sobeys - Towerhill,,,501 Towerhill Rd,44.3256995,
"(902) 798-0992 , (902) 798-0993",Windsor,,,672,United States,,-64.1310364,"monday 8:00 a.m. to 10:00 p.m., tuesday 8:00 a.m. to 10:00 p.m., wednesday 8:00 a.m. to 10:00 p.m., thursday 8:00 a.m. to 10:00 p.m., friday 8:00 a.m. to 10:00 p.m., saturday 8:00 a.m. to 10:00 p.m., sunday 10:00 a.m. to 8:00 p.m.",Sobeys - Windsor,,,"50 Empire Lane, Box 2229 (Fort Edward Shopping Mall)",44.9902861,
(705) 684-8302,Gravenhurst,,,4716,United States,,-79.3720412,"monday 7:00 a.m. to 10:00 p.m., tuesday 7:00 a.m. to 10:00 p.m., wednesday 7:00 a.m. to 10:00 p.m., thursday 7:00 a.m. to 10:00 p.m., friday 7:00 a.m. to 10:00 p.m., saturday 7:00 a.m. to 10:00 p.m., sunday 7:00 a.m. to 10:00 p.m.",Sobeys - Gravenhurst,,,225 Edward Street,44.9084076,
(416) 698-6868,Toronto,,,938,United States,,-79.3038884,"monday Open 24 hours, tuesday Open 24 hours, wednesday Open 24 hours, thursday Open 24 hours, friday Open 24 hours, saturday Open 24 hours, sunday Open 24 hours",Sobeys - Danforth,,,2451 Danforth Ave E,43.6873925,
(613) 825-5495,Nepean,,,4714,United States,,-75.7470463,"monday Open 24 hours, tuesday Open 24 hours, wednesday Open 24 hours, thursday Open 24 hours, friday Open 24 hours, saturday Open 24 hours, sunday Open 24 hours",Sobeys - Barrhaven,,,1581 Greenbank Rd,45.273955,
(902) 875-2458,Shelburne,,,520,United States,,-65.4722388,"monday 8:00 a.m. to 10:00 p.m., tuesday 8:00 a.m. to 10:00 p.m., wednesday 8:00 a.m. to 10:00 p.m., thursday 8:00 a.m. to 10:00 p.m., friday 8:00 a.m. to 10:00 p.m., saturday 8:00 a.m. to 10:00 p.m., sunday 10:00 a.m. to 8:00 p.m.",Sobeys - Shelburne,,,"115 King St, Box 1140 (Shelburne Mall)",43.7694521,
(204) 222-9278,Winnipeg,,,5382,United States,,-97.0276773,"monday 7:00 a.m. to 10:00 p.m., tuesday 7:00 a.m. to 10:00 p.m., wednesday 7:00 a.m. to 10:00 p.m., thursday 7:00 a.m. to 10:00 p.m., friday 7:00 a.m. to 10:00 p.m., saturday 7:00 a.m. to 10:00 p.m., sunday 9:00 a.m. to 6:00 p.m.",Sobeys - Kildonan,,,50 Kildonan Green Drive NW,49.9107666,
(905) 371-2270,Niagara Falls,,,915,United States,,-79.099255,"monday Open 24 hours, tuesday Open 24 hours, wednesday Open 24 hours, thursday Open 24 hours, friday Open 24 hours, saturday Open 24 hours, sunday Open 24 hours",Sobeys - Niagara Falls,,,3714 Portage Rd,43.1185939,
(519) 426-4799,Simcoe,,,664,United States,,-80.2989473,"monday Open 24 hours, tuesday Open 24 hours, wednesday Open 24 hours, thursday Open 24 hours, friday Open 24 hours, saturday Open 24 hours, sunday Open 24 hours",Sobeys - Simcoe,,,438 Norfolk St S,42.8227831,
(519) 941-1339,Orangeville,,,7466,United States,,-80.1214052,"monday Open 24 hours, tuesday Open 24 hours, wednesday Open 24 hours, thursday Open 24 hours, friday Open 24 hours, saturday Open 24 hours, sunday Open 24 hours",Sobeys - Orangeville,,,500 Riddell Rd,43.9026341,
(780) 435-1224,Edmonton,,,5373,United States,,-113.5161505,"monday 7:00 a.m. to 11:00 p.m., tuesday 7:00 a.m. to 11:00 p.m., wednesday 7:00 a.m. to 11:00 p.m., thursday 7:00 a.m. to 11:00 p.m., friday 7:00 a.m. to 11:00 p.m., saturday 7:00 a.m. to 11:00 p.m., sunday 7:00 a.m. to 11:00 p.m.",Sobeys - Heritage,,,2011 - 111 Street,53.452368,
(709) 576-0420,St. John's,,,681,United States,,-52.7820539,"monday 8:00 a.m. to 10:00 p.m., tuesday 8:00 a.m. to 10:00 p.m., wednesday 8:00 a.m. to 10:00 p.m., thursday 8:00 a.m. to 10:00 p.m., friday 8:00 a.m. to 10:00 p.m., saturday 8:00 a.m. to 10:00 p.m., sunday 10:00 a.m. to 10:00 p.m.",Sobeys - Kenmount,,,45 Kelsey Drive/Kenmount,47.5518175,
(204) 697-1997,Winnipeg,,,5103,United States,,-97.1932727,"monday 7:00 a.m. to 11:00 p.m., tuesday 7:00 a.m. to 11:00 p.m., wednesday 7:00 a.m. to 11:00 p.m., thursday 7:00 a.m. to 11:00 p.m., friday 7:00 a.m. to 11:00 p.m., saturday 7:00 a.m. to 11:00 p.m., sunday 9:00 a.m. to 6:00 p.m.",Sobeys - Burrows,,,1870 Burrows Ave.,49.9384355,
(204) 726-5255,Brandon,,,5096,United States,,-99.9601094,"monday 7:00 a.m. to 11:00 p.m., tuesday 7:00 a.m. to 11:00 p.m., wednesday 7:00 a.m. to 11:00 p.m., thursday 7:00 a.m. to 11:00 p.m., friday 7:00 a.m. to 11:00 p.m., saturday 7:00 a.m. to 11:00 p.m., sunday 9:00 a.m. to 6:00 p.m.",Sobeys - Brandon South,,,1645B - 18 St.,49.8242992,
(519) 645-8868,London,,,863,United States,,-81.2574759,"monday 6:00 a.m. to 12:00 a.m., tuesday 6:00 a.m. to 12:00 a.m., wednesday 6:00 a.m. to 12:00 a.m., thursday 6:00 a.m. to 12:00 a.m., friday 6:00 a.m. to 12:00 a.m., saturday 6:00 a.m. to 12:00 a.m., sunday 6:00 a.m. to 12:00 a.m.",Sobeys - North London,,,1595 Adelaide St N,43.0367293,
(519) 662-1374,New Hamburg,,,6716,United States,,-80.7105869,"monday 8:00 a.m. to 9:00 p.m., tuesday 8:00 a.m. to 9:00 p.m., wednesday 8:00 a.m. to 9:00 p.m., thursday 8:00 a.m. to 9:00 p.m., friday 8:00 a.m. to 9:00 p.m., saturday 8:00 a.m. to 8:00 p.m., sunday 8:00 a.m. to 8:00 p.m.",Sobeys - New Hamburg,,,100 Mill Street,43.3797359,
(613) 831-1444,Kanata,,,4734,United States,,-75.8931315,"monday Open 24 hours, tuesday Open 24 hours, wednesday Open 24 hours, thursday Open 24 hours, friday Open 24 hours, saturday Open 24 hours, sunday Open 24 hours",Sobeys - Kanata,,,700 Terry Fox Drive,45.2913819,
(902) 865-5057,Lower Sackville,,,670,United States,,-63.6952564,"monday Open 24 hours, tuesday Open 24 hours, wednesday Open 24 hours, thursday Open 24 hours, friday Open 24 hours, saturday Open 24 hours, sunday Open 24 hours",Sobeys - Lower Sackville,,,752 Sackville Dr,44.7719507,
(905) 945-9973,Grimsby,,,642,United States,,-79.5695524,"monday 6:00 a.m. to Midnight, tuesday 6:00 a.m. to Midnight, wednesday 6:00 a.m. to Midnight, thursday 6:00 a.m. to Midnight, friday 6:00 a.m. to Midnight, saturday 6:00 a.m. to Midnight, sunday 6:00 a.m. to Midnight",Sobeys - Grimsby,,,44 Livingston Ave,43.1962551,
(416) 421-5906,Toronto,,,4728,United States,,-79.3565319,"monday Open 24 hours, tuesday Open 24 hours, wednesday Open 24 hours, thursday Open 24 hours, friday Open 24 hours, saturday Open 24 hours, sunday Open 24 hours",Sobeys - Todmorden,,,1015 Broadview Ave,43.685144,
(780) 473-3442,Edmonton,,,3035,United States,,-113.4899226,"monday 6:00 a.m. to 12:00 a.m., tuesday 6:00 a.m. to 12:00 a.m., wednesday 6:00 a.m. to 12:00 a.m., thursday 6:00 a.m. to 12:00 a.m., friday 6:00 a.m. to 12:00 a.m., saturday 6:00 a.m. to 12:00 a.m., sunday 6:00 a.m. to 12:00 a.m.",Sobeys - Namao,,,9611 - 167 Ave NW,53.6287858,
(905) 793-7481,Brampton,,,937,United States,,-79.7485014,"monday Open 24 hours, tuesday Open 24 hours, wednesday Open 24 hours, thursday Open 24 hours, friday Open 24 hours, saturday Open 24 hours, sunday Open 24 hours",Sobeys - Airport Road,,,10970 Airport Road,43.7826094,
(905) 689-0662,Waterdown,,,6730,United States,,-79.8980416,"monday 6:00 a.m. to 12:00 a.m., tuesday 6:00 a.m. to 12:00 a.m., wednesday 6:00 a.m. to 12:00 a.m., thursday 6:00 a.m. to 12:00 a.m., friday 6:00 a.m. to 12:00 a.m., saturday 6:00 a.m. to 12:00 a.m., sunday 6:00 a.m. to 12:00 a.m.",Sobeys - Flamborough,,,255 Dundas St,43.3319196,
(519) 688-1734,Tillsonburg,,,4712,United States,,-80.749878,"monday 6:00 a.m. to Midnight., tuesday 6:00 a.m. to Midnight., wednesday 6:00 a.m. to Midnight., thursday 6:00 a.m. to Midnight., friday 6:00 a.m. to Midnight., saturday 6:00 a.m. to Midnight., sunday 6:00 a.m. to Midnight.",Sobeys - Tillsonburg,,,678 Broadway St ,42.8819271,
(613) 590-2205,Orleans,,,7496,United States,,-75.456036,"monday Open 24 hours, tuesday Open 24 hours, wednesday Open 24 hours, thursday Open 24 hours, friday Open 24 hours, saturday Open 24 hours, sunday Open 24 hours",Sobeys - Trim & Innes,,,5150 Innes Road,45.469558,
(416) 534-3588,Toronto,,,939,United States,,-79.4272469,"monday Open 24 hours, tuesday Open 24 hours, wednesday Open 24 hours, thursday Open 24 hours, friday Open 24 hours, saturday Open 24 hours, sunday Open 24 hours",Sobeys - Dupont,,,840 Dupont St,43.6708303,
(709) 726-2242,St. John's,,,857,United States,,-52.7168588,"monday 8:00 a.m. to 10:00 p.m., tuesday 8:00 a.m. to 10:00 p.m., wednesday 8:00 a.m. to 10:00 p.m., thursday 8:00 a.m. to 10:00 p.m., friday 8:00 a.m. to 10:00 p.m., saturday 8:00 a.m. to 10:00 p.m., sunday 10:00 a.m. to 6:00 p.m.",Sobeys - Merrymeeting Road,,,8 Merrymeeting Rd,47.5658164,
"(506) 328-6819 , (506) 325-2081",Woodstock,,,846,United States,,-67.5960894,"monday 7:00 a.m. to 11:00 p.m., tuesday 7:00 a.m. to 11:00 p.m., wednesday 7:00 a.m. to 11:00 p.m., thursday 7:00 a.m. to 11:00 p.m., friday 7:00 a.m. to 11:00 p.m., saturday 7:00 a.m. to 11:00 p.m., sunday Noon to 5:00 p.m.",Sobeys - Woodstock (NB),,,370 Connell Rd (Carleton Shopping Mall),46.1701301,
(902) 566-3218,Charlottetown,,,628,United States,,-63.1476331,"monday Open 24 Hours, tuesday Open 24 Hours, wednesday Open 24 Hours, thursday Open 24 Hours, friday Open 24 Hours, saturday Closing at Midnight, sunday Noon to 24 Hours",Sobeys - West Royalty,,,39 Babineau Avenue,46.2695913,
(519) 885-4170,Waterloo,,,649,United States,,-80.5137142,"monday Open 24 hours, tuesday Open 24 hours, wednesday Open 24 hours, thursday Open 24 hours, friday Open 24 hours, saturday Open 24 hours, sunday Open 24 hours",Sobeys - Bridgeport,,,94 Bridgeport Rd,43.4697716,
"(902) 863-6022 , (902) 863-1455",Antigonish,,,596,United States,,-61.9850543,"monday 7:00 a.m. to 11:00 p.m., tuesday 7:00 a.m. to 11:00 p.m., wednesday 7:00 a.m. to 11:00 p.m., thursday 7:00 a.m. to 11:00 p.m., friday 7:00 a.m. to 11:00 p.m., saturday 7:00 a.m. to 11:00 p.m., sunday 9:00 a.m. to 8:00 p.m.",Sobeys - Antigonish,,,151 Church St,45.6157209,
(403) 945-3056 ,Airdrie,,,5086,United States,,-114.0227169,"monday 7:00 a.m. to 11:00 p.m., tuesday 7:00 a.m. to 11:00 p.m., wednesday 7:00 a.m. to 11:00 p.m., thursday 7:00 a.m. to 11:00 p.m., friday 7:00 a.m. to 11:00 p.m., saturday 7:00 a.m. to 11:00 p.m., sunday 7:00 a.m. to 11:00 p.m.",Sobeys - Airdrie,,,"100, 65 MacKenzie Way S.W. ",51.2898977,
(519) 736-4520,Amherstburg,,,7314,United States,,-83.1103398,"monday 6:00 a.m. to 11:00 p.m., tuesday 6:00 a.m. to 11:00 p.m., wednesday 6:00 a.m. to 11:00 p.m., thursday 6:00 a.m. to 11:00 p.m., friday 6:00 a.m. to 11:00 p.m., saturday 6:00 a.m. to 11:00 p.m., sunday 6:00 a.m. to 11:00 p.m.",Sobeys - Amherstburg,,,83 Sandwich St S,42.10794,
(416) 259-1758,Toronto,,,7383,United States,,-79.48129,"monday Open 24 hours, tuesday Open 24 hours, wednesday Open 24 hours, thursday Open 24 hours, friday Open 24 hours, saturday Open 24 hours, sunday Open 24 hours",Sobeys - Queensway,,,125 The Queensway Etobicoke,43.63028,
(905) 735-7467,Welland,,,6729,United States,,-79.2855402,"monday 6:00 a.m. to 12:00 a.m., tuesday 6:00 a.m. to 12:00 a.m., wednesday 6:00 a.m. to 12:00 a.m., thursday 6:00 a.m. to 12:00 a.m., friday 6:00 a.m. to 12:00 a.m., saturday 6:00 a.m. to 12:00 a.m., sunday 6:00 a.m. to 12:00 a.m.",Sobeys - South Pelham,,,609 South Pelham Rd,43.0038671,
(902) 354-4225,Liverpool,,,588,United States,,-64.72227,"monday 8:00 a.m. to 10:00 p.m., tuesday 8:00 a.m. to 10:00 p.m., wednesday 8:00 a.m. to 10:00 p.m., thursday 8:00 a.m. to 10:00 p.m., friday 8:00 a.m. to 10:00 p.m., saturday 8:00 a.m. to 10:00 p.m., sunday 10:00 a.m. to 8:00 p.m.",Sobeys - Liverpool,,,180 Bristol Ave,44.0461744,
(905) 849-0691,Oakville,,,637,United States,,-79.6567058,"monday 7:00 a.m. to 11:00 p.m., tuesday 7:00 a.m. to 11:00 p.m., wednesday 7:00 a.m. to 11:00 p.m., thursday 7:00 a.m. to 11:00 p.m., friday 7:00 a.m. to 11:00 p.m., saturday 7:00 a.m. to 11:00 p.m., sunday 7:00 a.m. to 11:00 p.m.",Sobeys - Maple Grove,,,511 Maple Grove Dr,43.4802433,
(905) 648-3534,Ancaster,,,694,United States,,-79.9431046,"monday Open 24 hours, tuesday Open 24 hours, wednesday Open 24 hours, thursday Open 24 hours, friday Open 24 hours, saturday Open 24 hours, sunday Open 24 hours",Sobeys - Ancaster,,,977 Golf Links Rd,43.2273672,
(709) 745-8500,Mount Pearl,,,855,United States,,-52.8261304,"monday 8:00 a.m. to 10:00 p.m., tuesday 8:00 a.m. to 10:00 p.m., wednesday 8:00 a.m. to 10:00 p.m., thursday 8:00 a.m. to 10:00 p.m., friday 8:00 a.m. to 10:00 p.m., saturday 8:00 a.m. to 10:00 p.m., sunday 8:00 a.m. to 10:00 p.m.",Sobeys - Mount Pearl,,,50 Old Placentia Rd,47.512438,
(902) 433-0140,Dartmouth,,,622,United States,,-63.5000676,"monday 7:00 a.m. to 11:00 p.m., tuesday 7:00 a.m. to 11:00 p.m., wednesday 7:00 a.m. to 11:00 p.m., thursday 7:00 a.m. to 11:00 p.m., friday 7:00 a.m. to 11:00 p.m., saturday 7:00 a.m. to 11:00 p.m., sunday 8:00 a.m. to 9:00 p.m.",Sobeys - Panavista,,,612 Hwy 7 Westphal,44.6934705,
(905) 683-1425,Ajax,,,667,United States,,-79.0165628,"monday 6:00 a.m. to 12:00 a.m., tuesday 6:00 a.m. to 12:00 a.m., wednesday 6:00 a.m. to 12:00 a.m., thursday 6:00 a.m. to 12:00 a.m., friday 6:00 a.m. to 12:00 a.m., saturday 6:00 a.m. to 12:00 a.m., sunday 6:00 a.m. to 12:00 a.m.",Sobeys - South Ajax,,,955 Westney Rd S,43.8308038,
(905) 846-5658,Brampton,,,865,United States,,-79.8240086,"monday Open 24 hours, tuesday Open 24 hours, wednesday Open 24 hours, thursday Open 24 hours, friday Open 24 hours, saturday Open 24 hours, sunday Open 24 hours",Sobeys - Mayfield,,,11965 Hurontario St,43.7338779,
403-239-7344 ,Calgary,,,5063,United States,,-114.2136128,"monday 7:00 a.m. to 11:00 p.m., tuesday 7:00 a.m. to 11:00 p.m., wednesday 7:00 a.m. to 11:00 p.m., thursday 7:00 a.m. to 11:00 p.m., friday 7:00 a.m. to 11:00 p.m., saturday 7:00 a.m. to 11:00 p.m., sunday 7:00 a.m. to 11:00 p.m.",Sobeys - Royal Oak,,,"#125, 8888 Country Hills Blvd. NW",51.1504562,
"(506) 652-4470 , (506) 693-7944",Saint John,,,233,United States,,-66.0786412,"monday 7:00 a.m. to 11:00 p.m., tuesday 7:00 a.m. to 11:00 p.m., wednesday 7:00 a.m. to 11:00 p.m., thursday 7:00 a.m. to 11:00 p.m., friday 7:00 a.m. to 11:00 p.m., saturday 7:00 a.m. to 11:00 p.m., sunday 7:00 a.m. to 11:00 p.m.",Sobeys - Lansdowne,,,149 Lansdowne Ave,45.2796957,
(416) 423-1644,Toronto,,,4726,United States,,-79.362717,"monday 7:00 a.m. to 11:00 p.m., tuesday 7:00 a.m. to 11:00 p.m., wednesday 7:00 a.m. to 11:00 p.m., thursday 7:00 a.m. to 11:00 p.m., friday 7:00 a.m. to 11:00 p.m., saturday 7:00 a.m. to 11:00 p.m., sunday 7:00 a.m. to 11:00 p.m.",Sobeys - Laird &Wicksteed,,,147 Laird Drive,43.7086835,
(519) 744-6561,Kitchener,,,641,United States,,-80.5087244,"monday 6:00 a.m. to Midnight, tuesday 6:00 a.m. to Midnight, wednesday 6:00 a.m. to Midnight, thursday 6:00 a.m. to Midnight, friday 6:00 a.m. to Midnight, saturday 6:00 a.m. to Midnight, sunday 6:00 a.m. to Midnight",Sobeys - Highland,,,274 Highland Rd W,43.4393278,
"(506) 382-0470 , (506) 859-4253",Dieppe,,,515,United States,,-64.7569106,"monday 7:00 a.m. to 11:00 p.m., tuesday 7:00 a.m. to 11:00 p.m., wednesday 7:00 a.m. to 11:00 p.m., thursday 7:00 a.m. to 11:00 p.m., friday 7:00 a.m. to 11:00 p.m., saturday 7:00 a.m. to 11:00 p.m., sunday 8:00 a.m. to 10:00 p.m.",Sobeys - Regis Street,,,501 Regis St,46.0979112,
(519) 421-3340,Woodstock,,,640,United States,,-80.7361367,"monday 6:00 a.m. to Midnight, tuesday 6:00 a.m. to Midnight, wednesday 6:00 a.m. to Midnight, thursday 6:00 a.m. to Midnight, friday 6:00 a.m. to Midnight, saturday 6:00 a.m. to Midnight, sunday 6:00 a.m. to Midnight",Sobeys - Woodstock,,,379 Springbank Ave,43.1457775,
(403) 242-7360,Calgary,,,5017,United States,,-114.1190672,"monday 7:00 a.m. to 10:00 p.m., tuesday 7:00 a.m. to 10:00 p.m., wednesday 7:00 a.m. to 10:00 p.m., thursday 7:00 a.m. to 10:00 p.m., friday 7:00 a.m. to 10:00 p.m., saturday 7:00 a.m. to 10:00 p.m., sunday 7:00 a.m. to 10:00 p.m.",Sobeys - Lakeview,,,6449 Crowchild Trail SW,50.9959316,
(403) 375-0507,Calgary,,,5085,United States,,-114.246262,"monday 7:00 a.m. to 11:00 p.m., tuesday 7:00 a.m. to 11:00 p.m., wednesday 7:00 a.m. to 11:00 p.m., thursday 7:00 a.m. to 11:00 p.m., friday 7:00 a.m. to 11:00 p.m., saturday 7:00 a.m. to 11:00 p.m., sunday 7:00 a.m. to 11:00 p.m.",Sobeys - Tuscany,,,2020 - 11300 Tuscany Blvd NW,51.1242054,
(403) 242-0644,Calgary,,,1122,United States,,-114.187005,"monday 7:00 a.m. to 11:00 p.m., tuesday 7:00 a.m. to 11:00 p.m., wednesday 7:00 a.m. to 11:00 p.m., thursday 7:00 a.m. to 11:00 p.m., friday 7:00 a.m. to 11:00 p.m., saturday 7:00 a.m. to 11:00 p.m., sunday 7:00 a.m. to 11:00 p.m.",Sobeys - Strathcona Square,,,"#300, 555 Strathcona Blvd. SW",51.047435,
(403) 873-5085 ,Calgary,,,5064,United States,,-114.0713596,"monday 7:00 a.m. to 11:00 p.m., tuesday 7:00 a.m. to 11:00 p.m., wednesday 7:00 a.m. to 11:00 p.m., thursday 7:00 a.m. to 11:00 p.m., friday 7:00 a.m. to 11:00 p.m., saturday 7:00 a.m. to 11:00 p.m., sunday 7:00 a.m. to 11:00 p.m.",Sobeys - Millrise Plaza,,,2000 -150 Millrise Blvd SW,50.9143655,
(780) 438-5064,Edmonton,,,3024,United States,,-113.5203324,"monday 7:00 a.m. to 9:30 p.m., tuesday 7:00 a.m. to 9:30 p.m., wednesday 7:00 a.m. to 9:30 p.m., thursday 7:00 a.m. to 9:30 p.m., friday 7:00 a.m. to 9:30 p.m., saturday 8:00 a.m. to 9:00 p.m., sunday 8:00 a.m. to 9:00 p.m.",Sobeys - College Plaza,,,8225 -112 Street,53.518523,
(403) 257-9700,Calgary,,,5074,United States,,-113.9781836,"monday 7:00 a.m. to 11:00 p.m., tuesday 7:00 a.m. to 11:00 p.m., wednesday 7:00 a.m. to 11:00 p.m., thursday 7:00 a.m. to 11:00 p.m., friday 7:00 a.m. to 11:00 p.m., saturday 7:00 a.m. to 11:00 p.m., sunday 7:00 a.m. to 11:00 p.m.",Sobeys - Cranston,,,"3000, 356 Cranston Rd SE",50.8802869,
(780) 472-8100,Edmonton,,,5107,United States,,-113.5165649,"monday 7:00 a.m. to 11:00 p.m., tuesday 7:00 a.m. to 11:00 p.m., wednesday 7:00 a.m. to 11:00 p.m., thursday 7:00 a.m. to 11:00 p.m., friday 7:00 a.m. to 11:00 p.m., saturday 7:00 a.m. to 11:00 p.m., sunday 7:00 a.m. to 11:00 p.m.",Sobeys - Beaumaris,,,15367 Castledowns Rd. NW,53.6157003,
(204) 255-5064,Winnipeg,,,5094,United States,,-97.0950151,"monday 7:00 a.m. to 11:00 p.m., tuesday 7:00 a.m. to 11:00 p.m., wednesday 7:00 a.m. to 11:00 p.m., thursday 7:00 a.m. to 11:00 p.m., friday 7:00 a.m. to 11:00 p.m., saturday 7:00 a.m. to 11:00 p.m., sunday 9:00 a.m. to 6:00 p.m.",Sobeys - St. Anne's,,,1939 Bishop Grandin Blvd.,49.8387111,
(403) 887-3982,Sylvan Lake,,,5124,United States,,-114.0888302,"monday 8:00 a.m. to 10:00 p.m., tuesday 8:00 a.m. to 10:00 p.m., wednesday 8:00 a.m. to 10:00 p.m., thursday 8:00 a.m. to 10:00 p.m., friday 8:00 a.m. to 10:00 p.m., saturday 8:00 a.m. to 10:00 p.m., sunday 8:00 a.m. to 10:00 p.m.",Sobeys - Sylvan Lake,,,"900, 3715 - 47 Avenue",52.3046527,
(780) 871-0955,Lloydminster,,,5077,United States,,-110.0542958,"monday 7:00 a.m. to 11:00 p.m., tuesday 7:00 a.m. to 11:00 p.m., wednesday 7:00 a.m. to 11:00 p.m., thursday 7:00 a.m. to 11:00 p.m., friday 7:00 a.m. to 11:00 p.m., saturday 7:00 a.m. to 11:00 p.m., sunday 7:00 a.m. to 11:00 p.m.",Sobeys - Lloydminster,,,4227 - 75 Avenue,53.2742679,
(780) 645-3558,St. Paul,,,3180,United States,,-110.8833625,"monday 8:00 a.m. to 9:00 p.m., tuesday 8:00 a.m. to 9:00 p.m., wednesday 8:00 a.m. to 9:00 p.m., thursday 8:00 a.m. to 9:00 p.m., friday 8:00 a.m. to 9:00 p.m., saturday 8:00 a.m. to 9:00 p.m., sunday 9:00 a.m. to 6:00 p.m.",Sobeys - St. Paul,,,3937-50 Avenue,53.896974,
(403) 742-5025,Stettler,,,5082,United States,,-112.7048172,"monday 8:00 a.m. to 9:00 p.m., tuesday 8:00 a.m. to 9:00 p.m., wednesday 8:00 a.m. to 9:00 p.m., thursday 8:00 a.m. to 9:00 p.m., friday 8:00 a.m. to 9:00 p.m., saturday 8:00 a.m. to 9:00 p.m., sunday 8:00 a.m. to 9:00 p.m.",Sobeys - Stettler,,,4607 - 50 Street,52.3200975,
(403) 347-4600,Red Deer,,,5175,United States,,-113.8142001,"monday 7:00 a.m. to 11:00 p.m., tuesday 7:00 a.m. to 11:00 p.m., wednesday 7:00 a.m. to 11:00 p.m., thursday 7:00 a.m. to 11:00 p.m., friday 7:00 a.m. to 11:00 p.m., saturday 7:00 a.m. to 11:00 p.m., sunday 7:00 a.m. to 11:00 p.m.",Sobeys - Village Mall,,,"#200, 6380 - 50 Avenue",52.2879469,
(204) 832-8605,Winnipeg,,,5088,United States,,-97.3119346,"monday 7:00 a.m. to 11:00 p.m., tuesday 7:00 a.m. to 11:00 p.m., wednesday 7:00 a.m. to 11:00 p.m., thursday 7:00 a.m. to 11:00 p.m., friday 7:00 a.m. to 11:00 p.m., saturday 7:00 a.m. to 11:00 p.m., sunday 9:00 a.m. to 6:00 p.m.",Sobeys - Unicity,,,3635 Portage Avenue,49.8822492,
(204) 326-1316,Steinbach,,,5098,United States,,-96.691415,"monday 7:00 a.m. to 11:00 p.m., tuesday 7:00 a.m. to 11:00 p.m., wednesday 7:00 a.m. to 11:00 p.m., thursday 7:00 a.m. to 11:00 p.m., friday 7:00 a.m. to 11:00 p.m., saturday 7:00 a.m. to 11:00 p.m., sunday Closed",Sobeys - Steinbach,,,"Unit 1-178, Pth 12 North",49.547208,
(780) 459-5909,St. Albert,,,5067,United States,,-113.6264506,"monday 7:00 a.m. to 11:00 p.m., tuesday 7:00 a.m. to 11:00 p.m., wednesday 7:00 a.m. to 11:00 p.m., thursday 7:00 a.m. to 11:00 p.m., friday 7:00 a.m. to 11:00 p.m., saturday 7:00 a.m. to 11:00 p.m., sunday 7:00 a.m. to 11:00 p.m.",Sobeys - St. Albert,,,"392 St. Albert Road, Mission Hill Plaza",53.6437407,
(204) 642-5326,Gimli,,,5176,United States,,-96.9949092,"monday 8:30 a.m. to 9:00 p.m., tuesday 8:30 a.m. to 9:00 p.m., wednesday 8:30 a.m. to 9:00 p.m., thursday 8:30 a.m. to 9:00 p.m., friday 8:30 a.m. to 9:00 p.m., saturday 8:30 a.m. to 9:00 p.m., sunday 10:00 a.m. to 6:00 p.m.",Sobeys - Gimli,,,94-7th Avenue,50.626983,
(403) 556-3113,Olds,,,5436,United States,,-114.097601,"monday 8:00 a.m. to 10:00 p.m., tuesday 8:00 a.m. to 10:00 p.m., wednesday 8:00 a.m. to 10:00 p.m., thursday 8:00 a.m. to 10:00 p.m., friday 8:00 a.m. to 10:00 p.m., saturday 8:00 a.m. to 10:00 p.m., sunday 8:00 a.m. to 10:00 p.m.",Sobeys - Olds,,,"#300, 6700 46 Street",51.7950673,
"(506) 847-5697 , (506) 847-5426",Rothesay,,,495,United States,,-65.9755148,"monday 7:00 a.m. to 11:00 p.m., tuesday 7:00 a.m. to 11:00 p.m., wednesday 7:00 a.m. to 11:00 p.m., thursday 7:00 a.m. to 11:00 p.m., friday 7:00 a.m. to 11:00 p.m., saturday 7:00 a.m. to 11:00 p.m., sunday 7:00 a.m. to 11:00 p.m.",Sobeys - Rothesay,,,"140-142 Hampton Road, Box 4787",45.4012981,
(506) 432-6867,Sussex,,,752,United States,,-65.5306505,"monday 8:00 a.m. to 10:00 p.m., tuesday 8:00 a.m. to 10:00 p.m., wednesday 8:00 a.m. to 10:00 p.m., thursday 8:00 a.m. to 10:00 p.m., friday 8:00 a.m. to 10:00 p.m., saturday 8:00 a.m. to 10:00 p.m., sunday Noon to 5:00 p.m.",Sobeys - Sussex,,,138 Main Street Suite 5 (Gateway Mall),45.7278058,
"(709) 834-9052 , (709) 834-4493",Conception Bay South,,,590,United States,,-52.9736915,"monday 8:00 a.m. to 10:00 p.m., tuesday 8:00 a.m. to 10:00 p.m., wednesday 8:00 a.m. to 10:00 p.m., thursday 8:00 a.m. to 10:00 p.m., friday 8:00 a.m. to 10:00 p.m., saturday 8:00 a.m. to 10:00 p.m., sunday 10:00 a.m. to 10:00 p.m.",Sobeys - Long Pond,,,350 Conception Bay Hwy,47.5086955,
"(506) 753-5339 , (506) 753-6766",Campbellton,,,754,United States,,-66.6822701,"monday 8:00 a.m. to 10:00 p.m., tuesday 8:00 a.m. to 10:00 p.m., wednesday 8:00 a.m. to 10:00 p.m., thursday 8:00 a.m. to 10:00 p.m., friday 8:00 a.m. to 10:00 p.m., saturday 8:00 a.m. to 10:00 p.m., sunday 8:00 a.m. to 10:00 p.m.",Sobeys - Campbellton,,,140 Roseberry Ave,48.0032674,
(506) 738-2353,Saint John,,,562,United States,,-66.1976702,"monday 8:00 a.m. to 9:00 p.m., tuesday 8:00 a.m. to 9:00 p.m., wednesday 8:00 a.m. to 9:00 p.m., thursday 8:00 a.m. to 9:00 p.m., friday 8:00 a.m. to 9:00 p.m., saturday 8:00 a.m. to 9:00 p.m., sunday 9:00 a.m. to 6:00 p.m.",Sobeys - Grand Bay - Westfield,,,3701 Westfield Rd,45.297682,
(506) 453-7761,Fredericton,,,849,United States,,-66.6445328,"monday 7:00 a.m. to 11:00 p.m., tuesday 7:00 a.m. to 11:00 p.m., wednesday 7:00 a.m. to 11:00 p.m., thursday 7:00 a.m. to 11:00 p.m., friday 7:00 a.m. to 11:00 p.m., saturday 7:00 a.m. to 11:00 p.m., sunday 7:00 a.m. to 11:00 p.m.",Sobeys - Regent Street,,,407 Regent St,45.9545633,
(506) 778-2404,Miramichi,,,680,United States,,-65.529577,"monday 7:00 a.m. to 11:00 p.m., tuesday 7:00 a.m. to 11:00 p.m., wednesday 7:00 a.m. to 11:00 p.m., thursday 7:00 a.m. to 11:00 p.m., friday 7:00 a.m. to 11:00 p.m., saturday 7:00 a.m. to 11:00 p.m., sunday Noon to 5:00 p.m.",Sobeys - Douglastown,,,"2485 King George Hwy, Unit 27 (Bridgeview Plaza)",47.022181,
(506) 548-3577,Bathurst,,,892,United States,,-65.6770053,"monday 7:00 a.m. to 11:00 p.m., tuesday 7:00 a.m. to 11:00 p.m., wednesday 7:00 a.m. to 11:00 p.m., thursday 7:00 a.m. to 11:00 p.m., friday 7:00 a.m. to 11:00 p.m., saturday 7:00 a.m. to 11:00 p.m., sunday 7:00 a.m. to 11:00 p.m.",Sobeys - St. Peter Ave,,,1125 St. Peter Ave,47.6358658,
(506) 446-5030,Oromocto,,,860,United States,,-66.4876316,"monday 7:00 a.m. to 11:00 p.m., tuesday 7:00 a.m. to 11:00 p.m., wednesday 7:00 a.m. to 11:00 p.m., thursday 7:00 a.m. to 11:00 p.m., friday 7:00 a.m. to 11:00 p.m., saturday 7:00 a.m. to 11:00 p.m., sunday 7:00 a.m. to 11:00 p.m.",Sobeys - Oromocto,,,375 Miramichi Rd,45.833054,
(506) 857-9042,Dieppe,,,602,United States,,-64.7626419067383,"monday Open 24 Hours, tuesday Open 24 Hours, wednesday Open 24 Hours, thursday Open 24 Hours, friday Open 24 Hours, saturday Closing at Midnight, sunday 7:00 a.m. to 24 Hours",Sobeys - Champlain Mall,,,477 Paul St (Champlain Pl),46.0966720581055,
(204) 338-0349,Winnipeg,,,5167,United States,,-97.0967632,"monday 7:00 a.m. to 11:00 p.m., tuesday 7:00 a.m. to 11:00 p.m., wednesday 7:00 a.m. to 11:00 p.m., thursday 7:00 a.m. to 11:00 p.m., friday 7:00 a.m. to 11:00 p.m., saturday 7:00 a.m. to 11:00 p.m., sunday 9:00 a.m. to 6:00 p.m.",Sobeys - Northdale,,,965 Henderson Highway,49.9344403,
(506) 386-4616,Riverview,,,736,United States,,-64.7967427,"monday 7:00 a.m. to 11:00 p.m., tuesday 7:00 a.m. to 11:00 p.m., wednesday 7:00 a.m. to 11:00 p.m., thursday 7:00 a.m. to 11:00 p.m., friday 7:00 a.m. to 11:00 p.m., saturday 7:00 a.m. to 11:00 p.m., sunday 8:00 a.m. to 10:00 p.m.",Sobeys - Riverview,,,1160 Findlay Blvd,46.0501746,
"(709) 639-7193 , (709) 639-9786",Corner Brook,,,861,United States,,-57.9494126,"monday 8:00 a.m. to 10:00 p.m., tuesday 8:00 a.m. to 10:00 p.m., wednesday 8:00 a.m. to 10:00 p.m., thursday 8:00 a.m. to 10:00 p.m., friday 8:00 a.m. to 10:00 p.m., saturday 8:00 a.m. to 10:00 p.m., sunday 10:00 a.m. to 8:00 p.m.",Sobeys - Corner Brook,,,1 Mt. Bernard Ave,48.9504401,
(902) 469-8396,Dartmouth,,,776,United States,,-63.539322,"monday 7:00 a.m. to 11:00 p.m., tuesday 7:00 a.m. to 11:00 p.m., wednesday 7:00 a.m. to 11:00 p.m., thursday 7:00 a.m. to 11:00 p.m., friday 7:00 a.m. to 11:00 p.m., saturday 7:00 a.m. to 11:00 p.m., sunday 8:00 a.m. to 9:00 p.m.",Sobeys - Penhorn Plaza,,,551 Portland St (Penhorn Plaza),44.671607,
"(902) 794-7088 , (902) 794-9413",North Sydney,,,510,United States,,-60.264945,"monday 7:00 a.m. to 10:00 p.m., tuesday 7:00 a.m. to 10:00 p.m., wednesday 7:00 a.m. to 10:00 p.m., thursday 7:00 a.m. to 10:00 p.m., friday 7:00 a.m. to 10:00 p.m., saturday 7:00 a.m. to 10:00 p.m., sunday 9:00 a.m. to 8:00 p.m.",Sobeys - North Sydney,,,116 King St,46.215354,
"(902) 883-8111 , (902) 883-8117",Elmsdale,,,660,United States,,-63.5074079,"monday 7:00 a.m. to 10:00 p.m., tuesday 7:00 a.m. to 10:00 p.m., wednesday 7:00 a.m. to 10:00 p.m., thursday 7:00 a.m. to 10:00 p.m., friday 7:00 a.m. to 10:00 p.m., saturday 7:00 a.m. to 10:00 p.m., sunday 9:00 a.m. to 8:00 p.m.",Sobeys - Elmsdale (Elmsdale Shopping Centre),,,Hwy 102&214 Box 309 (Elmsdale Shopping CTR),44.9759913,
(902) 895-9579,Truro,,,871,United States,,-63.2725598,"monday 8:00 a.m. to 10:00 p.m., tuesday 8:00 a.m. to 10:00 p.m., wednesday 8:00 a.m. to 10:00 p.m., thursday 8:00 a.m. to 10:00 p.m., friday 8:00 a.m. to 10:00 p.m., saturday 8:00 a.m. to 10:00 p.m., sunday 9:00 a.m. to 8:00 p.m.",Sobeys - Prince Street,,,985 Prince St,45.3651089,
"(902) 485-5841 , (902) 485-5842",Pictou,,,232,United States,,-62.7275578,"monday 7:00 a.m. to 10:00 p.m., tuesday 7:00 a.m. to 10:00 p.m., wednesday 7:00 a.m. to 10:00 p.m., thursday 7:00 a.m. to 10:00 p.m., friday 7:00 a.m. to 10:00 p.m., saturday 7:00 a.m. to 10:00 p.m., sunday 9 a.m. to 8:00 p.m.",Sobeys - Pictou,,,"239 West River Rd, Box 879",45.6791622,
(902) 435-4073,Dartmouth,,,758,United States,,-63.5308856,"monday 7:00 a.m. to 11:00 p.m., tuesday 7:00 a.m. to 11:00 p.m., wednesday 7:00 a.m. to 11:00 p.m., thursday 7:00 a.m. to 11:00 p.m., friday 7:00 a.m. to 10:00 p.m., saturday 7:00 a.m. to 11:00 p.m., sunday 8:00 a.m. to 9:00 p.m.",Sobeys - Russell Lake,,,268 Baker Drive,44.6550466,
"(902) 893-9388 , (902) 893-3301",Truro,,,594,United States,,-63.3131085,"monday 7:00 a.m. to 11:00 p.m., tuesday 7:00 a.m. to 11:00 p.m., wednesday 7:00 a.m. to 11:00 p.m., thursday 7:00 a.m. to 11:00 p.m., friday 7:00 a.m. to 11:00 p.m., saturday 7:00 a.m. to 11:00 p.m., sunday 9:00 a.m. to 8:00 p.m.",Sobeys - Robie St,,,68 Robie St (Fundy Trail Sc),45.3660016,
(902) 889-2794,H.R.M,,,555,United States,,-63.0846007,"monday 8:00 a.m. to 9:00 p.m., tuesday 8:00 a.m. to 9:00 p.m., wednesday 8:00 a.m. to 9:00 p.m., thursday 8:00 a.m. to 9:00 p.m., friday 8:00 a.m. to 9:00 p.m., saturday 8:00 a.m. to 9:00 p.m., sunday 10:00 a.m. to 8:00 p.m.",Sobeys - Head of Jeddore,,,8990 Head Of Jeddore,44.7786898,
"(709) 489-8054 , (709) 489-8059",Grand Falls-Windsor,,,658,United States,,-55.6533024,"monday 8:00 a.m. to 10:00 p.m., tuesday 8:00 a.m. to 10:00 p.m., wednesday 8:00 a.m. to 10:00 p.m., thursday 8:00 a.m. to 10:00 p.m., friday 8:00 a.m. to 10:00 p.m., saturday 8:00 a.m. to 10:00 p.m., sunday 10:00 a.m. to 6:00 p.m.",Sobeys - Grand Falls - Windsor,,,21 Cromer Ave,48.9494553,
(902) 625-1242,Port Hawkesbury,,,704,United States,,-61.356552,"monday 8:00 a.m. to 10:00 p.m., tuesday 8:00 a.m. to 10:00 p.m., wednesday 8:00 a.m. to 10:00 p.m., thursday 8:00 a.m. to 10:00 p.m., friday 8:00 a.m. to 10:00 p.m., saturday 8:00 a.m. to 10:00 p.m., sunday 10:00 a.m. to 8:00 p.m.",Sobeys - Port Hawkesbury,,,622 Reeves St (Causeway Sc),45.6199626,
(902) 667-2251,Amherst,,,729,United States,,-64.2030111,"monday 7:00 a.m. to 10:00 p.m., tuesday 7:00 a.m. to 10:00 p.m., wednesday 7:00 a.m. to 10:00 p.m., thursday 7:00 a.m. to 10:00 p.m., friday 7:00 a.m. to 10:00 p.m., saturday 7:00 a.m. to 10:00 p.m., sunday 8:00 a.m. to 8:00 p.m.",Sobeys - Amherst (Amherst Centre Mall),,,142 South Albion St (Amherst Centre Mall),45.8130983,
(709) 753-7626,St. John's,,,320,United States,,-52.7118689,"monday 8:00 a.m. to 10:00 p.m., tuesday 8:00 a.m. to 10:00 p.m., wednesday 8:00 a.m. to 10:00 p.m., thursday 8:00 a.m. to 10:00 p.m., friday 8:00 a.m. to 10:00 p.m., saturday 8:00 a.m. to 10:00 p.m., sunday 8:00 a.m. to 10:00 p.m.",Sobeys - Torbay Road,,,360 Torbay Road ,47.5997023,
(709) 748-1250,St. John's,,,340,United States,,-52.755382,"monday 8:00 a.m. to 10:00 p.m., tuesday 8:00 a.m. to 10:00 p.m., wednesday 8:00 a.m. to 10:00 p.m., thursday 8:00 a.m. to 10:00 p.m., friday 8:00 a.m. to 10:00 p.m., saturday 8:00 a.m. to 10:00 p.m., sunday 10:00 a.m. to 6:00 p.m.",Sobeys - Topsail Road,,,470 Topsail Rd,47.533588,
"(902) 842-1033 , (902) 842-5004",Glace Bay,,,328,United States,,-59.9749109,"monday 7:00 a.m. to 10:00 p.m., tuesday 7:00 a.m. to 10:00 p.m., wednesday 7:00 a.m. to 10:00 p.m., thursday 7:00 a.m. to 10:00 p.m., friday 7:00 a.m. to 10:00 p.m., saturday 7:00 a.m. to 10:00 p.m., sunday 9 a.m. to 8:00 p.m.",Sobeys - Glace Bay,,,144 Reserve St,46.1918111,
"(902) 681-3723 , (902) 651-1958",New Minas,,,747,United States,,-64.4425999,"monday Open at 7:00 a.m., tuesday Open 24 Hours, wednesday Open 24 Hours, thursday Open 24 Hours, friday Open 24 Hours, saturday Closing at Midnight, sunday 7:00 a.m. to 10:00 p.m.",Sobeys - New Minas,,,9256 Commercial St. Site #15,45.0669183,
"(902) 455-8508 , (902) 455-0100",Halifax,,,554,United States,,-63.5984077453613,"monday Open 24 Hours, tuesday Open 24 Hours, wednesday Open 24 Hours, thursday Open 24 Hours, friday Open 24 Hours, saturday Open 24 Hours, sunday Open 24 Hours",Sobeys - North & Windsor Street,,,2651 Windsor St,44.6525344848633,
"(902) 422-9884 , (902) 422-4398",Halifax,,,574,United States,,-63.573997,"monday 6:00 a.m. to Midnight, tuesday 6:00 a.m. to Midnight, wednesday 6:00 a.m. to Midnight, thursday 6:00 a.m. to Midnight, friday 6:00 a.m. to Midnight, saturday 6:00 a.m. to Midnight, sunday 7:00 a.m. to 11:00 p.m.",Sobeys - Queen Street,,,1120 Queen St,44.6372691,
"(902) 562-1762 , (902) 539-2835",Sydney,,,728,United States,,-60.1881423,"monday 7:00 a.m. to 12:00 a.m., tuesday 7:00 a.m. to 12:00 a.m., wednesday 7:00 a.m. to 12:00 a.m., thursday 7:00 a.m. to 12:00 a.m., friday 7:00 a.m. to 12:00 a.m., saturday 7:00 a.m. to 12:00 a.m., sunday 9:00 a.m. to 8:00 p.m.",Sobeys - Sydney Shopping Centre,,,272B Prince St,46.1390732,
(902) 543-9244,Bridgewater,,,322,United States,,-64.5162494,"monday Open 24 hours, tuesday Open 24 hours, wednesday Open 24 hours, thursday Open 24 hours, friday Open 24 hours, saturday Open 24 hours, sunday Open 24 hours",Sobeys - Bridgewater,,, 349 Lahave Street,44.3791646,
(902) 637-3063,Barrington Passage,,,323,United States,,-65.5995312,"monday 8:00 a.m. to 10:00 p.m., tuesday 8:00 a.m. to 10:00 p.m., wednesday 8:00 a.m. to 10:00 p.m., thursday 8:00 a.m. to 10:00 p.m., friday 8:00 a.m. to 10:00 p.m., saturday 8:00 a.m. to 10:00 p.m., sunday 10:00 a.m. to 8:00 p.m.",Sobeys - Barrington Passage,,,3536 Main St (Hwy 3),43.5381343,
(902) 742-2882,Yarmouth,,,612,United States,,-66.1072137,"monday Open 24 hours, tuesday Open 24 hours, wednesday Open 24 hours, thursday Open 24 hours, friday Open 24 hours, saturday Open 24 hours, sunday Open 24 hours",Sobeys - Yarmouth,,,76 Starrs Rd,43.8442083,
(902) 245-6183,Digby,,,719,United States,,-65.7660239,"monday 8:00 a.m. to 10:00 p.m., tuesday 8:00 a.m. to 10:00 p.m., wednesday 8:00 a.m. to 10:00 p.m., thursday 8:00 a.m. to 10:00 p.m., friday 8:00 a.m. to 10:00 p.m., saturday 8:00 a.m. to 10:00 p.m., sunday 10:00 a.m. to 8:00 p.m.",Sobeys - Digby,,,110 Warwick St.,44.6160078,
(519) 853-1960,Acton,,,639,United States,,-80.0263496,"monday 7:00 a.m. to 11:00 p.m., tuesday 7:00 a.m. to 11:00 p.m., wednesday 7:00 a.m. to 11:00 p.m., thursday 7:00 a.m. to 11:00 p.m., friday 7:00 a.m. to 11:00 p.m., saturday 7:00 a.m. to 11:00 p.m., sunday 7:00 a.m. to 11:00 p.m.",Sobeys - Acton,,,372 Queen St E,43.6386202,
(905) 426-7144,Ajax,,,657,United States,,-79.0373787,"monday Open 24 hours, tuesday Open 24 hours, wednesday Open 24 hours, thursday Open 24 hours, friday Open 24 hours, saturday Open 24 hours, sunday Open 24 hours",Sobeys - Ajax,,,260 Kingston Rd W,43.8587716,
(519) 576-1280,Kitchener,,,852,United States,,-80.5024257,"monday 7:00 a.m. to 11:00 p.m., tuesday 7:00 a.m. to 11:00 p.m., wednesday 7:00 a.m. to 11:00 p.m., thursday 7:00 a.m. to 11:00 p.m., friday 7:00 a.m. to 11:00 p.m., saturday 7:00 a.m. to 11:00 p.m., sunday 7:00 a.m. to 11:00 p.m.",Sobeys - Fischer-Hallman,,,1187 Fischer-Hallman Rd,43.4071976,
(902) 477-2817,Halifax,,,321,United States,,-63.6149949,"monday Open 24 hours, tuesday Open 24 hours, wednesday Open 24 hours, thursday Open 24 hours, friday Open 24 hours, saturday Open 24 hours, sunday Open 24 hours",Sobeys - Herring Cove Rd,,,279 Herring Cove Rd,44.6180006,
"(902) 454-7277 , (902) 454-7416",Halifax,,,881,United States,,-63.6195999,"monday 7:00 a.m. to 11:00 p.m., tuesday 7:00 a.m. to 11:00 p.m., wednesday 7:00 a.m. to 11:00 p.m., thursday 7:00 a.m. to 11:00 p.m., friday 7:00 a.m. to 11:00 p.m., saturday 7:00 a.m. to 11:00 p.m., sunday 7:00 a.m. to 9:00 p.m.",Sobeys - Mumford Road,,,6990 Mumford Rd Unit #3 (Shopping Centre Annex),44.6475042,
"(902) 860-2291 , (902) 860-2298",Fall River,,,739,United States,,-63.6115146,"monday 7:00 a.m. to 11:00 p.m., tuesday 7:00 a.m. to 11:00 p.m., wednesday 7:00 a.m. to 11:00 p.m., thursday 7:00 a.m. to 11:00 p.m., friday 7:00 a.m. to 11:00 p.m., saturday 7:00 a.m. to 11:00 p.m., sunday 8:00 a.m. to 8:00 p.m.",Sobeys - Fall River,,,3286 Highway #2,44.8178875,
(905) 847-1909,Oakville,,,777,United States,,-79.7407575,"monday 7:00 a.m. to 11:00 p.m., tuesday 7:00 a.m. to 11:00 p.m., wednesday 7:00 a.m. to 11:00 p.m., thursday 7:00 a.m. to 11:00 p.m., friday 7:00 a.m. to 11:00 p.m., saturday 7:00 a.m. to 11:00 p.m., sunday 7:00 a.m. to 11:00 p.m.",Sobeys - Glen Abbey,,,1500 Upper Middle Road West,43.4372176,
(705) 472-4001,North Bay,,,715,United States,,-79.4662877,"monday 6:00 a.m. to 12:00 a.m., tuesday 6:00 a.m. to 12:00 a.m., wednesday 6:00 a.m. to 12:00 a.m., thursday 6:00 a.m. to 12:00 a.m., friday 6:00 a.m. to 12:00 a.m., saturday 6:00 a.m. to 12:00 a.m., sunday 6:00 a.m. to 12:00 a.m.",Sobeys - Algonquin,,,1899 Algonquin Ave N,46.3324901,
(705) 424-1588,Angus,,,537,United States,,-79.8902439,"monday 6:00 a.m. to 11:00 p.m., tuesday 6:00 a.m. to 11:00 p.m., wednesday 6:00 a.m. to 11:00 p.m., thursday 6:00 a.m. to 11:00 p.m., friday 6:00 a.m. to 11:00 p.m., saturday 6:00 a.m. to 11:00 p.m., sunday 6:00 a.m. to 11:00 p.m.",Sobeys - Angus,,,247 Mill St.,44.3282927,
(705) 728-9858,Barrie,,,712,United States,,-79.7090249,"monday 6:00 a.m. to 12:00 a.m., tuesday 6:00 a.m. to 12:00 a.m., wednesday 6:00 a.m. to 12:00 a.m., thursday 6:00 a.m. to 12:00 a.m., friday 6:00 a.m. to 12:00 a.m., saturday 6:00 a.m. to 12:00 a.m., sunday 6:00 a.m. to 12:00 a.m.",Sobeys - Barrie,,,37 Mapleview Drive West,44.3299955,
(905) 563-1088,Beamsville,,,859,United States,,-79.4788929,"monday 7:00 a.m. to 11:00 p.m., tuesday 7:00 a.m. to 11:00 p.m., wednesday 7:00 a.m. to 11:00 p.m., thursday 7:00 a.m. to 11:00 p.m., friday 7:00 a.m. to 11:00 p.m., saturday 7:00 a.m. to 11:00 p.m., sunday 7:00 a.m. to 11:00 p.m.",Sobeys - Beamsville,,,4610 Ontario St,43.1809869,
(905) 508-7585,Richmond Hill,,,928,United States,,-79.4474064,"monday 6:00 a.m. to 12:00 a.m., tuesday 6:00 a.m. to 12:00 a.m., wednesday 6:00 a.m. to 12:00 a.m., thursday 6:00 a.m. to 12:00 a.m., friday 6:00 a.m. to 12:00 a.m., saturday 6:00 a.m. to 12:00 a.m., sunday 6:00 a.m. to 12:00 a.m.",Sobeys - Jefferson Square,,,11700 Yonge St,43.9121075,
(905) 731-7600,Thornhill,,,794,United States,,-79.4601364,"monday Open 24 hours, tuesday Open 24 hours, wednesday Open 24 hours, thursday Open 24 hours, friday Open 24 hours, saturday Open 24 hours, sunday Open 24 hours",Sobeys - Vaughan,,,9200 Bathurst St,43.8463035,
(905) 834-0220,Port Colborne,,,4735,United States,,-79.2652602,"monday 7:00 a.m. to 11:00 p.m., tuesday 7:00 a.m. to 11:00 p.m., wednesday 7:00 a.m. to 11:00 p.m., thursday 7:00 a.m. to 11:00 p.m., friday 7:00 a.m. to 11:00 p.m., saturday 7:00 a.m. to 11:00 p.m., sunday 7:00 a.m. to 11:00 p.m.",Sobeys - Port Colborne,,,287 West Side Rd,42.9049577,
(905) 858-2899,Mississauga,,,922,United States,,-79.7431421,"monday Open 24 hours, tuesday Open 24 hours, wednesday Open 24 hours, thursday Open 24 hours, friday Open 24 hours, saturday Open 24 hours, sunday Open 24 hours",Sobeys - Mississauga,,,5602 Tenth Line West,43.5585266,
(416) 252-5845,Toronto,,,741,United States,,-79.52465,"monday Open 24 hours, tuesday Open 24 hours, wednesday Open 24 hours, thursday Open 24 hours, friday Open 24 hours, saturday Open 24 hours, sunday Open 24 hours",Sobeys - Kipling,,,1255 The Queensway,43.6214092,
(905) 791-8022,Brampton,,,707,United States,,-79.7431779,"monday 7:00 a.m. to 12:00 a.m., tuesday 7:00 a.m. to 12:00 a.m., wednesday 7:00 a.m. to 12:00 a.m., thursday 7:00 a.m. to 12:00 a.m., friday 7:00 a.m. to 12:00 a.m., saturday 7:00 a.m. to 12:00 a.m., sunday 7:00 a.m. to 12:00 a.m.",Sobeys - North Park,,,930 North Park Dr,43.7340852,
(705) 445-3534,Collingwood,,,935,United States,,-80.2156683,"monday 7:00 a.m. to 11:00 p.m., tuesday 7:00 a.m. to 11:00 p.m., wednesday 7:00 a.m. to 11:00 p.m., thursday 7:00 a.m. to 11:00 p.m., friday 7:00 a.m. to 11:00 p.m., saturday 7:00 a.m. to 11:00 p.m., sunday 7:00 a.m. to 11:00 p.m.",Sobeys - Collingwood,,,39 Huron St,44.5031024,
(905) 892-2570,Fonthill,,,6715,United States,,-79.2786947,"monday 6:00 a.m. to 11:00 p.m., tuesday 6:00 a.m. to 11:00 p.m., wednesday 6:00 a.m. to 11:00 p.m., thursday 6:00 a.m. to 11:00 p.m., friday 6:00 a.m. to 11:00 p.m., saturday 6:00 a.m. to 11:00 p.m., sunday 6:00 a.m. to 11:00 p.m.",Sobeys - Fonthill,,,"110 Highway # 20, ",43.0478715,
"(902) 838-3370 , (902) 838-3388",Montague,,,721,United States,,-62.6504282,"monday 7:00 a.m. to 10:00 p.m., tuesday 7:00 a.m. to 10:00 p.m., wednesday 7:00 a.m. to 10:00 p.m., thursday 7:00 a.m. to 10:00 p.m., friday 7:00 a.m. to 10:00 p.m., saturday 7:00 a.m. to 10:00 p.m., sunday Noon to 8:00 p.m.",Sobeys - Montague,,,531 Main Street,46.1685417,
(416) 485-1022,Toronto,,,933,United States,,-79.3952483,"monday 7:00 a.m. to 11:00 p.m., tuesday 7:00 a.m. to 11:00 p.m., wednesday 7:00 a.m. to 11:00 p.m., thursday 7:00 a.m. to 11:00 p.m., friday 7:00 a.m. to 11:00 p.m., saturday 7:00 a.m. to 11:00 p.m., sunday 7:00 a.m. to 11:00 p.m.",Sobeys Urban Fresh - Balliol,,,22 Balliol St,43.697618,
(519) 380-0550,Chatham,,,732,United States,,-82.1833404,"monday 6:00 a.m. to Midnight, tuesday 6:00 a.m. to Midnight, wednesday 6:00 a.m. to Midnight, thursday 6:00 a.m. to Midnight, friday 6:00 a.m. to Midnight, saturday 6:00 a.m. to Midnight, sunday 6:00 a.m. to Midnight",Sobeys - Chatham,,,215 Park Ave W,42.3926012,
(902) 626-3334,Charlottetown,,,870,United States,,-63.1345299,"monday 7:00 a.m. to 11:00 p.m., tuesday 7:00 a.m. to 11:00 p.m., wednesday 7:00 a.m. to 11:00 p.m., thursday 7:00 a.m. to 11:00 p.m., friday 7:00 a.m. to 11:00 p.m., saturday 7:00 a.m. to 11:00 p.m., sunday Noon to 10:00 p.m.",Sobeys - University Avenue,,,400 University Ave,46.2452719,
(416) 588-3363,Toronto,,,819,United States,,-79.4485894,"monday 7:00 a.m. to 11:00 p.m., tuesday 7:00 a.m. to 11:00 p.m., wednesday 7:00 a.m. to 11:00 p.m., thursday 7:00 a.m. to 11:00 p.m., friday 7:00 a.m. to 11:00 p.m., saturday 7:00 a.m. to 11:00 p.m., sunday 7:00 a.m. to 11:00 p.m.",Sobeys Urban Fresh - High Park,,,199 Roncesvalles Ave,43.6451885,
(416) 603-1212,Toronto,,,867,United States,,-79.3808801,"monday 7:00 a.m. to 10:00 p.m., tuesday 7:00 a.m. to 10:00 p.m., wednesday 7:00 a.m. to 10:00 p.m., thursday 7:00 a.m. to 10:00 p.m., friday 7:00 a.m. to 10:00 p.m., saturday 8:00 a.m. to 9:00 p.m., sunday 8:00 a.m. to 9:00 p.m.",Sobeys Urban Fresh - Queens Quay,,,207 Queens Quay,43.6392865,
(416) 781-0145,Toronto,,,695,United States,,-79.4409815,"monday 8:00 a.m. to 10:00 p.m., tuesday 8:00 a.m. to 10:00 p.m., wednesday 8:00 a.m. to 10:00 p.m., thursday 8:00 a.m. to 10:00 p.m., friday 8:00 a.m. to 10:00 p.m., saturday 8:00 a.m. to 10:00 p.m., sunday 8:00 a.m. to 10:00 p.m.",Sobeys Urban Fresh - Rosebury Square,,,145 Marlee Ave,43.7025435,
(416) 483-1290,Toronto,,,701,United States,,-79.3894265,"monday 7:00 a.m. to 11:00 p.m., tuesday 7:00 a.m. to 11:00 p.m., wednesday 7:00 a.m. to 11:00 p.m., thursday 7:00 a.m. to 11:00 p.m., friday 7:00 a.m. to 11:00 p.m., saturday 7:00 a.m. to 11:00 p.m., sunday 7:00 a.m. to 11:00 p.m.",Sobeys Urban Fresh - Mount Pleasant,,,710 Mount Pleasant Rd,43.7064841,
(306) 637-2550,Estevan,,,5081,United States,,-102.9798781,"monday 8:00 a.m. to 9:00 p.m., tuesday 8:00 a.m. to 9:00 p.m., wednesday 8:00 a.m. to 9:00 p.m., thursday 8:00 a.m. to 9:00 p.m., friday 8:00 a.m. to 9:00 p.m., saturday 8:00 a.m. to 9:00 p.m., sunday 8:00 a.m. to 9:00 p.m.",Sobeys - Estevan,,,440 King Street,49.146688,
(519) 735-4110,Lakeshore,,,873,United States,,-82.8512507,"monday 6:00 a.m. to 12:00 a.m., tuesday 6:00 a.m. to 12:00 a.m., wednesday 6:00 a.m. to 12:00 a.m., thursday 6:00 a.m. to 12:00 a.m., friday 6:00 a.m. to 12:00 a.m., saturday 6:00 a.m. to 12:00 a.m., sunday 6:00 a.m. to 12:00 a.m.",Sobeys - St. Clair Beach,,,19 Amy Croft Dr,42.3067297,
(780) 929-2749 ,Beaumont,,,5076,United States,,-113.4153364,"monday 7:00 a.m. to 10:00 p.m., tuesday 7:00 a.m. to 10:00 p.m., wednesday 7:00 a.m. to 10:00 p.m., thursday 7:00 a.m. to 10:00 p.m., friday 7:00 a.m. to 10:00 p.m., saturday 7:00 a.m. to 10:00 p.m., sunday 7:00 a.m. to 10:00 p.m.",Sobeys - Beaumont,,,5802 50th Street,53.3583747,
(780) 473-3111,Edmonton,,,5188,United States,,-113.3862564,"monday 7:00 a.m. to 11:00 p.m., tuesday 7:00 a.m. to 11:00 p.m., wednesday 7:00 a.m. to 11:00 p.m., thursday 7:00 a.m. to 11:00 p.m., friday 7:00 a.m. to 11:00 p.m., saturday 7:00 a.m. to 11:00 p.m., sunday 7:00 a.m. to 11:00 p.m.",Sobeys - Belmont,,,13504 Victoria Trail,53.5968258,
(780) 743-9339,Fort McMurray,,,3095,United States,,-111.4236926,"monday 8:00 a.m. to 10:00 p.m., tuesday 8:00 a.m. to 10:00 p.m., wednesday 8:00 a.m. to 10:00 p.m., thursday 8:00 a.m. to 10:00 p.m., friday 8:00 a.m. to 10:00 p.m., saturday 8:00 a.m. to 10:00 p.m., sunday 8:00 a.m. to 10:00 p.m.",Sobeys - Thickwood,,,210 Thickwood Blvd,56.7344257,
(780) 463-8383,Edmonton,,,5374,United States,,-113.3929745,"monday 7:00 a.m. to 11:00 p.m., tuesday 7:00 a.m. to 11:00 p.m., wednesday 7:00 a.m. to 11:00 p.m., thursday 7:00 a.m. to 11:00 p.m., friday 7:00 a.m. to 11:00 p.m., saturday 7:00 a.m. to 11:00 p.m., sunday 7:00 a.m. to 11:00 p.m.",Sobeys - Meadowbrook,,,3819 - 34 Street NW,53.4733619,
(403) 782-7871,Lacombe,,,3182,United States,,-113.7275629,"monday 8:00 a.m. to 9:00 p.m., tuesday 8:00 a.m. to 9:00 p.m., wednesday 8:00 a.m. to 9:00 p.m., thursday 8:00 a.m. to 9:00 p.m., friday 8:00 a.m. to 9:00 p.m., saturday 8:00 a.m. to 9:00 p.m., sunday 8:00 a.m. to 9:00 p.m.",Sobeys - Lacombe,,,5115 - 48 Street,52.4662595,
(306) 668-9901,Saskatoon,,,5093,United States,,-106.615151,"monday 7:00 a.m. to 11:00 p.m., tuesday 7:00 a.m. to 11:00 p.m., wednesday 7:00 a.m. to 11:00 p.m., thursday 7:00 a.m. to 11:00 p.m., friday 7:00 a.m. to 11:00 p.m., saturday 7:00 a.m. to 11:00 p.m., sunday 7:00 a.m. to 11:00 p.m.",Sobeys - Preston Crossing,,,1739 Preston Avenue North,52.148303,
 (780) 826-2048,Bonnyville,,,3158,United States,,-110.729119152933,"monday 9:00 a.m. to 9:00 p.m., tuesday 9:00 a.m. to 9:00 p.m., wednesday 9:00 a.m. to 9:00 p.m., thursday 9:00 a.m. to 9:00 p.m., friday 9:00 a.m. to 9:00 p.m., saturday 9:00 a.m. to 6:00 p.m., sunday 9:00 a.m. to 6:00 p.m.",Sobeys - Bonnyville,,,4501 - 50 Ave.,54.2684978641239,
(403) 226-5500,Calgary,,,1139,United States,,-114.0533007,"monday Open 24 hours, tuesday Open 24 hours, wednesday Open 24 hours, thursday Open 24 hours, friday Open 24 hours, saturday Open 24 hours, sunday Open 24 hours",Sobeys - Country Hills,,,"#200, 500 Country Hills Blvd. NE",51.1554609,
(780) 594-3335,Cold Lake,,,3112,United States,,-110.2057994,"monday 8:00 a.m. to 9:00 p.m., tuesday 8:00 a.m. to 9:00 p.m., wednesday 8:00 a.m. to 9:00 p.m., thursday 8:00 a.m. to 9:00 p.m., friday 8:00 a.m. to 9:00 p.m., saturday 8:00 a.m. to 9:00 p.m., sunday 8:00 a.m. to 6:00 p.m.",Sobeys - Cold Lake,,,6403 - 51 Street,54.4315057,
(403) 652-5515,High River,,,5189,United States,,-113.8722715,"monday 8:00 a.m. to 10:00 p.m., tuesday 8:00 a.m. to 10:00 p.m., wednesday 8:00 a.m. to 10:00 p.m., thursday 8:00 a.m. to 10:00 p.m., friday 8:00 a.m. to 10:00 p.m., saturday 8:00 a.m. to 10:00 p.m., sunday 8:00 a.m. to 10:00 p.m.",Sobeys - High River,,,98 Centre Street SE,50.5828573,
(306) 477-5800,Saskatoon,,,5170,United States,,-106.6323973,"monday 07:00 a.m. to 11:00 p.m., tuesday 07:00 a.m. to 11:00 p.m., wednesday 07:00 a.m. to 11:00 p.m., thursday 07:00 a.m. to 11:00 p.m., friday 07:00 a.m. to 11:00 p.m., saturday 07:00 a.m. to 11:00 p.m., sunday 07:00 a.m. to 11:00 p.m.",Sobeys - Varsity Common,,,1550 - 8 Street East,52.1147274,
(705) 431-6667,Innisfil,,,7368,United States,,-79.5594478,"monday 6:00 a.m. to 11:00 p.m., tuesday 6:00 a.m. to 11:00 p.m., wednesday 6:00 a.m. to 11:00 p.m., thursday 6:00 a.m. to 11:00 p.m., friday 6:00 a.m. to 11:00 p.m., saturday 6:00 a.m. to 11:00 p.m., sunday 6:00 a.m. to 11:00 p.m.",Sobeys - Alcona Beach,,,2080 Jans Blvd,44.3113319,
(204) 857-4700,Portage La Prairie,,,5122,United States,,-98.3173989,"monday 8:00 a.m. to 10:00 p.m., tuesday 8:00 a.m. to 10:00 p.m., wednesday 8:00 a.m. to 10:00 p.m., thursday 8:00 a.m. to 10:00 p.m., friday 8:00 a.m. to 10:00 p.m., saturday 8:00 a.m. to 10:00 p.m., sunday 10:00 a.m. to 6:00 p.m.",Sobeys - Portage La Prairie,,,2100 Saskatchewan Avenue,49.9712509,
(705) 887-3611,Fenelon Falls,,,7331,United States,,-78.7364138,"monday 7:00 a.m. to 10:00 p.m., tuesday 7:00 a.m. to 10:00 p.m., wednesday 7:00 a.m. to 10:00 p.m., thursday 7:00 a.m. to 10:00 p.m., friday 7:00 a.m. to 10:00 p.m., saturday 7:00 a.m. to 10:00 p.m., sunday 7:00 a.m. to 10:00 p.m.",Sobeys - Fenelon Falls,,,15 Lindsay St,44.5336533,
(780) 349-3544,Westlock,,,3021,United States,,-113.8581959,"monday 8:00 a.m. to 9:00 p.m., tuesday 8:00 a.m. to 9:00 p.m., wednesday 8:00 a.m. to 9:00 p.m., thursday 8:00 a.m. to 9:00 p.m., friday 8:00 a.m. to 9:00 p.m., saturday 8:00 a.m. to 9:00 p.m., sunday 8:00 a.m. to 9:00 p.m.",Sobeys - Westlock,,,9943 - 100 Street,54.1521789,
(780) 416-7920,Sherwood Park,,,3097,United States,,-113.2718001,"monday 8:00 a.m. to 10:00 p.m., tuesday 8:00 a.m. to 10:00 p.m., wednesday 8:00 a.m. to 10:00 p.m., thursday 8:00 a.m. to 10:00 p.m., friday 8:00 a.m. to 10:00 p.m., saturday 8:00 a.m. to 10:00 p.m., sunday 8:00 a.m. to 10:00 p.m.",Sobeys - Nottingham,,,688 Wye Road,53.5122954,
(403) 846-0038,Rocky Mountain House,,,3149,United States,,-114.9298579,"monday 7:00 a.m. to 10:00 p.m., tuesday 7:00 a.m. to 10:00 p.m., wednesday 7:00 a.m. to 10:00 p.m., thursday 7:00 a.m. to 10:00 p.m., friday 7:00 a.m. to 10:00 p.m., saturday 7:00 a.m. to 10:00 p.m., sunday 7:00 a.m. to 10:00 p.m.",Sobeys - Rocky Mountain House,,,4419 - 52 Avenue,52.3773748,
(403) 348-0848,Red Deer,,,5023,United States,,-113.8141212,"monday 8:00 a.m. to 10:00 p.m., tuesday 8:00 a.m. to 10:00 p.m., wednesday 8:00 a.m. to 10:00 p.m., thursday 8:00 a.m. to 10:00 p.m., friday 8:00 a.m. to 10:00 p.m., saturday 8:00 a.m. to 10:00 p.m., sunday 8:00 a.m. to 10:00 p.m.",Sobeys - Gaetz South,,,2110 - 50 Avenue,52.2388122,
(905) 722-5671,Sutton West,,,7497,United States,,-79.3664242,"monday 8:00 a.m. to 10:00 p.m., tuesday 8:00 a.m. to 10:00 p.m., wednesday 8:00 a.m. to 10:00 p.m., thursday 8:00 a.m. to 10:00 p.m., friday 8:00 a.m. to 10:00 p.m., saturday 8:00 a.m. to 10:00 p.m., sunday 8:00 a.m. to 10:00 p.m.",Sobeys - Sutton,,,"20954 Dalton Rd., Box 430",44.3123683,
(403) 934-4512,Strathmore,,,5479,United States,,-113.3814527,"monday 8:00 a.m. to 10:00 p.m., tuesday 8:00 a.m. to 10:00 p.m., wednesday 8:00 a.m. to 10:00 p.m., thursday 8:00 a.m. to 10:00 p.m., friday 8:00 a.m. to 10:00 p.m., saturday 8:00 a.m. to 10:00 p.m., sunday 8:00 a.m. to 10:00 p.m.",Sobeys - Strathmore,,,#101 100 Ranch Market,51.0381735,
(905) 701-6662,Dunnville,,,4740,United States,,-79.5977407,"monday 6:00 a.m. to 11:00 p.m., tuesday 6:00 a.m. to 11:00 p.m., wednesday 6:00 a.m. to 11:00 p.m., thursday 6:00 a.m. to 11:00 p.m., friday 6:00 a.m. to 11:00 p.m., saturday 6:00 a.m. to 11:00 p.m., sunday 6:00 a.m. to 11:00 p.m.",Sobeys - Dunnville,,,1012 Broad St E,42.902618,
(403) 938-3439,Okotoks,,,1130,United States,,-113.9747433,"monday 7:00 a.m. to 10:00 p.m., tuesday 7:00 a.m. to 10:00 p.m., wednesday 7:00 a.m. to 10:00 p.m., thursday 7:00 a.m. to 10:00 p.m., friday 7:00 a.m. to 10:00 p.m., saturday 7:00 a.m. to 10:00 p.m., sunday 7:00 a.m. to 10:00 p.m.",Sobeys - Okotoks,,,"#700 Cornerstone, 201 Southridge Drive",50.7068225,
(780) 723-3753,Edson,,,5303,United States,,-116.4400732,"monday 8:00 a.m. to 8:00 p.m., tuesday 8:00 a.m. to 8:00 p.m., wednesday 8:00 a.m. to 8:00 p.m., thursday 8:00 a.m. to 8:00 p.m., friday 8:00 a.m. to 8:00 p.m., saturday 8:00 a.m. to 8:00 p.m., sunday 8:00 a.m. to 8:00 p.m.",Sobeys - Edson,,,303 - 54 Street,53.5787953,
(416) 413-0594,Toronto,,,693,United States,,-79.3910916,"monday Open 24 hours, tuesday Open 24 hours, wednesday Open 24 hours, thursday Open 24 hours, friday Open 24 hours, saturday Open 24 hours, sunday Open 24 hours",Sobeys Urban Fresh - St. Clair,,,81 St. Clair Ave E,43.6885143,
(416) 506-1626,Toronto,,,691,United States,,-79.384447,"monday 7:00 a.m. to 11:00 p.m., tuesday 7:00 a.m. to 11:00 p.m., wednesday 7:00 a.m. to 11:00 p.m., thursday 7:00 a.m. to 11:00 p.m., friday 7:00 a.m. to 11:00 p.m., saturday 8:00 a.m. to 11:00 p.m., sunday 8:00 a.m. to 11:00 p.m.",Sobeys Urban Fresh - Bay Street,,,"777 Bay St., Unit C209",43.660489,
(519) 743-9491,Kitchener,,,685,United States,,-80.5538911,"monday 7:00 a.m. to 11:00 p.m., tuesday 7:00 a.m. to 11:00 p.m., wednesday 7:00 a.m. to 11:00 p.m., thursday 7:00 a.m. to 11:00 p.m., friday 7:00 a.m. to 11:00 p.m., saturday 7:00 a.m. to 11:00 p.m., sunday 7:00 a.m. to 11:00 p.m.",Sobeys - Ira Needles,,,235 Ira Needles Blvd,43.4252801,
(613) 836-7295,Stittsville,,,4741,United States,,-75.9401351,"monday 7:00 a.m. to 10:00 p.m., tuesday 7:00 a.m. to 10:00 p.m., wednesday 7:00 a.m. to 10:00 p.m., thursday 7:00 a.m. to 10:00 p.m., friday 7:00 a.m. to 10:00 p.m., saturday 7:00 a.m. to 10:00 p.m., sunday 7:00 a.m. to 10:00 p.m.",Sobeys - Stittsville,,,6315 Hazeldean Rd,45.2668419,
(780) 791-1550,Fort McMurray,,,3096,United States,,-111.3642455,"monday 8:00 a.m. to 8:00 p.m., tuesday 8:00 a.m. to 8:00 p.m., wednesday 8:00 a.m. to 8:00 p.m., thursday 8:00 a.m. to 8:00 p.m., friday 8:00 a.m. to 8:00 p.m., saturday 8:00 a.m. to 8:00 p.m., sunday 8:00 a.m. to 8:00 p.m.",Sobeys - Clearwater,,,"#300, 19 Riedel Street",56.7225091,
(306) 445-1934,North Battleford,,,3166,United States,,-108.3014967,"monday 8:00 a.m. to 10:00 p.m., tuesday 8:00 a.m. to 10:00 p.m., wednesday 8:00 a.m. to 10:00 p.m., thursday 8:00 a.m. to 10:00 p.m., friday 8:00 a.m. to 10:00 p.m., saturday 8:00 a.m. to 10:00 p.m., sunday 8:00 a.m. to 10:00 p.m.",Sobeys - North Battleford,,,9801 Territorial Drive,52.792232,
(519) 238-8944,Grand Bend,,,4739,United States,,-81.7509625,"monday 8:00 a.m. to 9:00 p.m., tuesday 8:00 a.m. to 9:00 p.m., wednesday 8:00 a.m. to 9:00 p.m., thursday 8:00 a.m. to 9:00 p.m., friday 8:00 a.m. to 9:00 p.m., saturday 8:00 a.m. to 9:00 p.m., sunday 8:00 a.m. to 9:00 p.m.",Sobeys - Grand Bend,,,55 Main St E,43.3112699,
(519) 676-9044,Blenheim,,,6709,United States,,-82.0114203,"monday 6:00 a.m. to 12:00 a.m., tuesday 6:00 a.m. to 12:00 a.m., wednesday 6:00 a.m. to 12:00 a.m., thursday 6:00 a.m. to 12:00 a.m., friday 6:00 a.m. to 12:00 a.m., saturday 6:00 a.m. to 12:00 a.m., sunday 6:00 a.m. to 12:00 a.m.",Sobeys - Blenheim,,,20210 Communication Rd,42.342351,
(306) 682-2130,Humboldt,,,5395,United States,,-105.1228655,"monday 8:00 a.m. to 10:00 p.m., tuesday 8:00 a.m. to 10:00 p.m., wednesday 8:00 a.m. to 10:00 p.m., thursday 8:00 a.m. to 10:00 p.m., friday 8:00 a.m. to 10:00 p.m., saturday 8:00 a.m. to 10:00 p.m., sunday 8:00 a.m. to 10:00 p.m.",Sobeys - Humboldt,,,2304 Quill Center,52.2019792,
905-332-3373,Burlington,,,742,United States,,-79.8267440795898,"monday Open 24 hours, tuesday Open 24 hours, wednesday Open 24 hours, thursday Open 24 hours, friday Open 24 hours, saturday Open 24 hours, sunday Open 24 hours",Burlington Sobeys extra,,,1250 Brant Street,43.343994140625,
"(902) 832-0640 , (902) 832-9347",Halifax,,,725,United States,,-63.6873745,"monday Open 24 hours, tuesday Open 24 hours, wednesday Open 24 hours, thursday Open 24 hours, friday Open 24 hours, saturday Open 24 hours, sunday Open 24 hours",Sobeys - Bedford South,,,55 Peakview Way,44.6976682,
709-782-3230,Paradise,,,551,United States,,-52.871232,"monday 8:00 a.m. - 10:00 p.m., tuesday 8:00 a.m. - 10:00 p.m., wednesday 8:00 a.m. - 10:00 p.m., thursday 8:00 a.m. - 10:00 p.m., friday 8:00 a.m. - 10:00 p.m., saturday 8:00 a.m. - 10:00 p.m., sunday 8:00 a.m. - 10:00 p.m.",Sobeys - Paradise,,,1621 Topsail Road,47.527659,
(613) 598-0027,Ottawa,,,4711,United States,,-75.693551,"monday 7:00 a.m. - 11:00 p.m., tuesday 7:00 a.m. - 11:00 p.m., wednesday 7:00 a.m. - 11:00 p.m., thursday 7:00 a.m. - 11:00 p.m., friday 7:00 a.m. - 11:00 p.m., saturday 7:00 a.m. - 11:00 p.m., sunday 7:00 a.m. - 11:00 p.m.",Sobeys Urban Fresh - Metcalfe,,,193 Metcalfe St.,45.418557,
(587) 475-8565,Calgary,,,5191,United States,,-114.155528,"monday 7:00 a.m. to 11:00 p.m., tuesday 7:00 a.m. to 11:00 p.m., wednesday 7:00 a.m. to 11:00 p.m., thursday 7:00 a.m. to 11:00 p.m., friday 7:00 a.m. to 11:00 p.m., saturday 7:00 a.m. to 11:00 p.m., sunday 7:00 a.m. to 11:00 p.m.",Sobeys - Nolan Hill,,,700 - 8 Nolan Hill Blvd NW,51.172531,
(705) 748-5655,Peterborough,,,6713,United States,,-78.3514566,"monday 6.00 a.m to 12.00 a.m, tuesday 6.00 a.m to 12.00 a.m, wednesday 6.00 a.m to 12.00 a.m, thursday 6.00 a.m to 12.00 a.m, friday 6.00 a.m to 12.00 a.m, saturday 6.00 a.m to 12.00 a.m, sunday 6.00 a.m to 12.00 a.m",Sobeys - Peterborough,,,1200 Lansdowne St W,44.2814259,
(902)863-6735,Antigonish,,,4573,United States,,-61.970988,"monday Open 24 hours, tuesday Open 24 hours, wednesday Open 24 hours, thursday Open 24 hours, friday Open 24 hours, saturday Open 24 hours, sunday Open 24 hours",Sobeys Express Antigonish,,,124 Beech Hill Road Unit 1,45.616778,
(519) 746-3821,Waterloo,,,4729,United States,,-80.549952,"monday 7:00 a.m. to 11:00 p.m., tuesday 7:00 a.m. to 11:00 p.m., wednesday 7:00 a.m. to 11:00 p.m., thursday 7:00 a.m. to 11:00 p.m., friday 7:00 a.m. to 11:00 p.m., saturday 7:00 a.m. to 11:00 p.m., sunday 7:00 a.m. to 11:00 p.m.",Sobeys – Northfield,,,640 Parkside Dr,43.498543,
(204)261-5047,"Winnipeg, MB",,,5037,United States,,-97.157267,"monday 7:00 a.m. to 11:00 p.m., tuesday 7:00 a.m. to 11:00 p.m., wednesday 7:00 a.m. to 11:00 p.m., thursday 7:00 a.m. to 11:00 p.m., friday 7:00 a.m. to 11:00 p.m., saturday 7:00 a.m. to 11:00 p.m., sunday 9:00 a.m. to 6:00 p.m.",Sobeys Pembina,,,2850 Pembina Highway,49.789097,
(506) 633-1187 ,"Saint John, NB",,,548,United States,,-66.0309364,"monday 7:00 a.m. to 12:00 a.m., tuesday 7:00 a.m. to 12:00 a.m., wednesday 7:00 a.m. to 12:00 a.m., thursday 7:00 a.m. to 12:00 a.m., friday 7:00 a.m. to 12:00 a.m., saturday 7:00 a.m. to 12:00 a.m., sunday 7:00 a.m. to 12:00 a.m.",Sobeys Extra East Point,,,"40 East Point Way, Unit A1",45.3034033,
(519) 471-3560 ,London,,,927,United States,,-81.2926671,"monday 6:00 a.m. to 12:00 a.m., tuesday 6:00 a.m. to 12:00 a.m., wednesday 6:00 a.m. to 12:00 a.m., thursday 6:00 a.m. to 12:00 a.m., friday 6:00 a.m. to 12:00 a.m., saturday 6:00 a.m. to 12:00 a.m., sunday 6:00 a.m. to 12:00 a.m.",Sobeys Extra Oxford & Wonderland,,,661 Wonderland Rd N ,42.98342,
(780) 450-0007, Edmonton ,,,5190,United States,,-113.4270657,"monday 7 :00 a.m. to 11:00 p.m., tuesday 7 :00 a.m. to 11:00 p.m., wednesday 7 :00 a.m. to 11:00 p.m., thursday 7 :00 a.m. to 11:00 p.m., friday 7 :00 a.m. to 11:00 p.m., saturday 7 :00 a.m. to 11:00 p.m., sunday 7 :00 a.m. to 11:00 p.m.",Sobeys Walker,,,5309 Ellerslie Road SW,53.4243284,
(403) 726-9303,Calgary,,,5386,United States,,-113.9391972,"monday 7:00 a.m. to 11:00 p.m., tuesday 7:00 a.m. to 11:00 p.m., wednesday 7:00 a.m. to 11:00 p.m., thursday 7:00 a.m. to 11:00 p.m., friday 7:00 a.m. to 11:00 p.m., saturday 7:00 a.m. to 11:00 p.m., sunday 7:00 a.m. to 11:00 p.m.",Sobeys - Mahogany,,,"#1200, 7 Mahogany Plaza SE",50.8983006,
613-590-9179,Orleans,,,4738,United States,,-75.484342,"monday 7:00 a.m. to 11:00 p.m., tuesday 7:00 a.m. to 11:00 p.m., wednesday 7:00 a.m. to 11:00 p.m., thursday 7:00 a.m. to 11:00 p.m., friday 7:00 a.m. to 11:00 p.m., saturday 7:00 a.m. to 11:00 p.m., sunday 7:00 a.m. to 11:00 p.m.",Orleans Sobeys,,,#2276 - 10th Line,45.452207,
